
========================================================================
Trial: bs64_lr3em04_adamw
========================================================================
GPU: NVIDIA RTX PRO 6000 Blackwell Max-Q Workstation Edition
Train: 440,286, Dev: 1,166
Epoch 01 | 00100/06880 | loss 9.6121 | ppl 14944.70 | lr 7.5e-06 | 4.2s
Epoch 01 | 00200/06880 | loss 9.4892 | ppl 13215.70 | lr 1.5e-05 | 7.6s
Epoch 01 | 00300/06880 | loss 9.3511 | ppl 11511.35 | lr 2.25e-05 | 11.0s
Epoch 01 | 00400/06880 | loss 9.1822 | ppl 9722.38 | lr 3e-05 | 14.5s
Epoch 01 | 00500/06880 | loss 8.9959 | ppl 8069.89 | lr 3.75e-05 | 18.0s
Epoch 01 | 00600/06880 | loss 8.8065 | ppl 6677.24 | lr 4.5e-05 | 21.6s
Epoch 01 | 00700/06880 | loss 8.6334 | ppl 5616.35 | lr 5.25e-05 | 25.2s
Epoch 01 | 00800/06880 | loss 8.4857 | ppl 4844.98 | lr 6e-05 | 28.7s
Epoch 01 | 00900/06880 | loss 8.3523 | ppl 4239.98 | lr 6.75e-05 | 32.1s
Epoch 01 | 01000/06880 | loss 8.2329 | ppl 3762.71 | lr 7.5e-05 | 35.4s
Epoch 01 | 01100/06880 | loss 8.1224 | ppl 3369.09 | lr 8.25e-05 | 38.8s
Epoch 01 | 01200/06880 | loss 8.0185 | ppl 3036.71 | lr 9e-05 | 42.3s
Epoch 01 | 01300/06880 | loss 7.9225 | ppl 2758.67 | lr 9.75e-05 | 45.8s
Epoch 01 | 01400/06880 | loss 7.8346 | ppl 2526.65 | lr 0.000105 | 49.4s
Epoch 01 | 01500/06880 | loss 7.7524 | ppl 2327.17 | lr 0.0001125 | 52.9s
Epoch 01 | 01600/06880 | loss 7.6751 | ppl 2153.98 | lr 0.00012 | 56.4s
Epoch 01 | 01700/06880 | loss 7.6036 | ppl 2005.49 | lr 0.0001275 | 59.9s
Epoch 01 | 01800/06880 | loss 7.5368 | ppl 1875.75 | lr 0.000135 | 63.4s
Epoch 01 | 01900/06880 | loss 7.4731 | ppl 1760.03 | lr 0.0001425 | 67.0s
Epoch 01 | 02000/06880 | loss 7.4121 | ppl 1655.96 | lr 0.00015 | 70.6s
Epoch 01 | 02100/06880 | loss 7.3555 | ppl 1564.82 | lr 0.0001575 | 73.8s
Epoch 01 | 02200/06880 | loss 7.3016 | ppl 1482.69 | lr 0.000165 | 77.1s
Epoch 01 | 02300/06880 | loss 7.2494 | ppl 1407.26 | lr 0.0001725 | 80.5s
Epoch 01 | 02400/06880 | loss 7.1995 | ppl 1338.80 | lr 0.00018 | 83.9s
Epoch 01 | 02500/06880 | loss 7.1518 | ppl 1276.39 | lr 0.0001875 | 87.4s
Epoch 01 | 02600/06880 | loss 7.1062 | ppl 1219.46 | lr 0.000195 | 91.0s
Epoch 01 | 02700/06880 | loss 7.0618 | ppl 1166.54 | lr 0.0002025 | 94.5s
Epoch 01 | 02800/06880 | loss 7.0200 | ppl 1118.73 | lr 0.00021 | 98.1s
Epoch 01 | 02900/06880 | loss 6.9797 | ppl 1074.60 | lr 0.0002175 | 101.6s
Epoch 01 | 03000/06880 | loss 6.9403 | ppl 1033.07 | lr 0.000225 | 105.2s
Epoch 01 | 03100/06880 | loss 6.9022 | ppl 994.44 | lr 0.0002325 | 108.7s
Epoch 01 | 03200/06880 | loss 6.8663 | ppl 959.35 | lr 0.00024 | 112.1s
Epoch 01 | 03300/06880 | loss 6.8320 | ppl 927.08 | lr 0.0002475 | 115.6s
Epoch 01 | 03400/06880 | loss 6.7981 | ppl 896.15 | lr 0.000255 | 119.3s
Epoch 01 | 03500/06880 | loss 6.7649 | ppl 866.90 | lr 0.0002625 | 122.8s
Epoch 01 | 03600/06880 | loss 6.7330 | ppl 839.70 | lr 0.00027 | 126.4s
Epoch 01 | 03700/06880 | loss 6.7022 | ppl 814.21 | lr 0.0002775 | 129.8s
Epoch 01 | 03800/06880 | loss 6.6725 | ppl 790.35 | lr 0.000285 | 133.3s
Epoch 01 | 03900/06880 | loss 6.6432 | ppl 767.56 | lr 0.0002925 | 136.8s
Epoch 01 | 04000/06880 | loss 6.6148 | ppl 746.04 | lr 0.0003 | 140.1s
Epoch 01 | 04100/06880 | loss 6.5873 | ppl 725.79 | lr 0.0002963189 | 143.4s
Epoch 01 | 04200/06880 | loss 6.5604 | ppl 706.54 | lr 0.00029277 | 146.7s
Epoch 01 | 04300/06880 | loss 6.5343 | ppl 688.37 | lr 0.0002893457 | 150.0s
Epoch 01 | 04400/06880 | loss 6.5083 | ppl 670.70 | lr 0.0002860388 | 153.3s
Epoch 01 | 04500/06880 | loss 6.4834 | ppl 654.20 | lr 0.0002828427 | 156.6s
Epoch 01 | 04600/06880 | loss 6.4586 | ppl 638.16 | lr 0.0002797514 | 159.8s
Epoch 01 | 04700/06880 | loss 6.4348 | ppl 623.14 | lr 0.0002767594 | 163.0s
Epoch 01 | 04800/06880 | loss 6.4107 | ppl 608.32 | lr 0.0002738613 | 166.1s
Epoch 01 | 04900/06880 | loss 6.3872 | ppl 594.20 | lr 0.0002710524 | 169.4s
Epoch 01 | 05000/06880 | loss 6.3644 | ppl 580.82 | lr 0.0002683282 | 172.7s
Epoch 01 | 05100/06880 | loss 6.3424 | ppl 568.15 | lr 0.0002656845 | 176.0s
Epoch 01 | 05200/06880 | loss 6.3204 | ppl 555.79 | lr 0.0002631174 | 179.2s
Epoch 01 | 05300/06880 | loss 6.2989 | ppl 543.97 | lr 0.0002606233 | 182.6s
Epoch 01 | 05400/06880 | loss 6.2777 | ppl 532.57 | lr 0.0002581989 | 186.0s
Epoch 01 | 05500/06880 | loss 6.2570 | ppl 521.66 | lr 0.0002558409 | 189.3s
Epoch 01 | 05600/06880 | loss 6.2368 | ppl 511.22 | lr 0.0002535463 | 192.8s
Epoch 01 | 05700/06880 | loss 6.2170 | ppl 501.22 | lr 0.0002513123 | 196.2s
Epoch 01 | 05800/06880 | loss 6.1971 | ppl 491.34 | lr 0.0002491364 | 199.7s
Epoch 01 | 05900/06880 | loss 6.1782 | ppl 482.12 | lr 0.0002470161 | 203.2s
Epoch 01 | 06000/06880 | loss 6.1596 | ppl 473.22 | lr 0.000244949 | 206.4s
Epoch 01 | 06100/06880 | loss 6.1414 | ppl 464.70 | lr 0.0002429329 | 209.7s
Epoch 01 | 06200/06880 | loss 6.1232 | ppl 456.33 | lr 0.0002409658 | 213.0s
Epoch 01 | 06300/06880 | loss 6.1055 | ppl 448.32 | lr 0.0002390457 | 216.2s
Epoch 01 | 06400/06880 | loss 6.0880 | ppl 440.52 | lr 0.0002371708 | 219.5s
Epoch 01 | 06500/06880 | loss 6.0707 | ppl 432.99 | lr 0.0002353394 | 222.8s
Epoch 01 | 06600/06880 | loss 6.0539 | ppl 425.79 | lr 0.0002335497 | 226.1s
Epoch 01 | 06700/06880 | loss 6.0376 | ppl 418.89 | lr 0.0002318002 | 229.4s
Epoch 01 | 06800/06880 | loss 6.0212 | ppl 412.08 | lr 0.0002300895 | 232.8s
/data/student/i2311021/conda_envs/100-swing-drill-gpu/lib/python3.10/site-packages/torch/nn/modules/transformer.py:531: UserWarning: The PyTorch API of nested tensors is in prototype stage and will change in the near future. We recommend specifying layout=torch.jagged when constructing a nested tensor, as this layout receives active development, has better operator coverage, and works with torch.compile. (Triggered internally at /pytorch/aten/src/ATen/NestedTensorImpl.cpp:178.)
  output = torch._nested_tensor_from_mask(
Epoch 01 complete | train loss 6.0088 | dev loss 4.9383 | train BLEU 5.25 | dev BLEU 3.47 | 244.5s
Epoch 02 | 00100/06880 | loss 4.8670 | ppl 129.93 | lr 0.0002271033 | 3.5s
Epoch 02 | 00200/06880 | loss 4.8624 | ppl 129.34 | lr 0.0002254938 | 6.9s
Epoch 02 | 00300/06880 | loss 4.8504 | ppl 127.79 | lr 0.000223918 | 10.2s
Epoch 02 | 00400/06880 | loss 4.8457 | ppl 127.19 | lr 0.0002223748 | 13.6s
Epoch 02 | 00500/06880 | loss 4.8462 | ppl 127.25 | lr 0.0002208631 | 17.1s
Epoch 02 | 00600/06880 | loss 4.8443 | ppl 127.02 | lr 0.0002193817 | 20.6s
Epoch 02 | 00700/06880 | loss 4.8378 | ppl 126.19 | lr 0.0002179298 | 24.2s
Epoch 02 | 00800/06880 | loss 4.8345 | ppl 125.78 | lr 0.0002165064 | 27.7s
Epoch 02 | 00900/06880 | loss 4.8290 | ppl 125.09 | lr 0.0002151104 | 31.1s
Epoch 02 | 01000/06880 | loss 4.8240 | ppl 124.47 | lr 0.0002137411 | 34.7s
Epoch 02 | 01100/06880 | loss 4.8189 | ppl 123.82 | lr 0.0002123977 | 38.2s
Epoch 02 | 01200/06880 | loss 4.8148 | ppl 123.32 | lr 0.0002110793 | 41.6s
Epoch 02 | 01300/06880 | loss 4.8111 | ppl 122.86 | lr 0.0002097851 | 44.9s
Epoch 02 | 01400/06880 | loss 4.8067 | ppl 122.33 | lr 0.0002085144 | 48.1s
Epoch 02 | 01500/06880 | loss 4.8030 | ppl 121.87 | lr 0.0002072666 | 51.5s
Epoch 02 | 01600/06880 | loss 4.7975 | ppl 121.20 | lr 0.0002060408 | 55.0s
Epoch 02 | 01700/06880 | loss 4.7932 | ppl 120.68 | lr 0.0002048366 | 58.6s
Epoch 02 | 01800/06880 | loss 4.7884 | ppl 120.10 | lr 0.0002036533 | 62.3s
Epoch 02 | 01900/06880 | loss 4.7828 | ppl 119.44 | lr 0.0002024902 | 65.8s
Epoch 02 | 02000/06880 | loss 4.7785 | ppl 118.92 | lr 0.0002013468 | 69.3s
Epoch 02 | 02100/06880 | loss 4.7730 | ppl 118.28 | lr 0.0002002226 | 72.7s
Epoch 02 | 02200/06880 | loss 4.7687 | ppl 117.77 | lr 0.000199117 | 76.0s
Epoch 02 | 02300/06880 | loss 4.7635 | ppl 117.16 | lr 0.0001980295 | 79.3s
Epoch 02 | 02400/06880 | loss 4.7588 | ppl 116.60 | lr 0.0001969596 | 82.5s
Epoch 02 | 02500/06880 | loss 4.7542 | ppl 116.07 | lr 0.0001959069 | 85.8s
Epoch 02 | 02600/06880 | loss 4.7488 | ppl 115.45 | lr 0.0001948709 | 89.1s
Epoch 02 | 02700/06880 | loss 4.7445 | ppl 114.95 | lr 0.0001938512 | 92.4s
Epoch 02 | 02800/06880 | loss 4.7401 | ppl 114.45 | lr 0.0001928473 | 95.7s
Epoch 02 | 02900/06880 | loss 4.7354 | ppl 113.90 | lr 0.0001918588 | 99.1s
Epoch 02 | 03000/06880 | loss 4.7306 | ppl 113.36 | lr 0.0001908854 | 102.4s
Epoch 02 | 03100/06880 | loss 4.7263 | ppl 112.87 | lr 0.0001899267 | 105.8s
Epoch 02 | 03200/06880 | loss 4.7220 | ppl 112.39 | lr 0.0001889822 | 109.1s
Epoch 02 | 03300/06880 | loss 4.7181 | ppl 111.95 | lr 0.0001880517 | 112.5s
Epoch 02 | 03400/06880 | loss 4.7140 | ppl 111.50 | lr 0.0001871349 | 115.8s
Epoch 02 | 03500/06880 | loss 4.7097 | ppl 111.02 | lr 0.0001862313 | 119.0s
Epoch 02 | 03600/06880 | loss 4.7059 | ppl 110.60 | lr 0.0001853406 | 122.3s
Epoch 02 | 03700/06880 | loss 4.7016 | ppl 110.13 | lr 0.0001844626 | 125.6s
Epoch 02 | 03800/06880 | loss 4.6976 | ppl 109.68 | lr 0.000183597 | 128.9s
Epoch 02 | 03900/06880 | loss 4.6932 | ppl 109.20 | lr 0.0001827435 | 132.4s
Epoch 02 | 04000/06880 | loss 4.6895 | ppl 108.80 | lr 0.0001819017 | 135.9s
Epoch 02 | 04100/06880 | loss 4.6857 | ppl 108.39 | lr 0.0001810715 | 139.4s
Epoch 02 | 04200/06880 | loss 4.6815 | ppl 107.93 | lr 0.0001802525 | 143.0s
Epoch 02 | 04300/06880 | loss 4.6770 | ppl 107.45 | lr 0.0001794446 | 146.5s
Epoch 02 | 04400/06880 | loss 4.6732 | ppl 107.04 | lr 0.0001786474 | 149.9s
Epoch 02 | 04500/06880 | loss 4.6691 | ppl 106.60 | lr 0.0001778608 | 153.2s
Epoch 02 | 04600/06880 | loss 4.6658 | ppl 106.25 | lr 0.0001770844 | 156.4s
Epoch 02 | 04700/06880 | loss 4.6619 | ppl 105.84 | lr 0.0001763181 | 159.6s
Epoch 02 | 04800/06880 | loss 4.6584 | ppl 105.47 | lr 0.0001755617 | 163.2s
Epoch 02 | 04900/06880 | loss 4.6545 | ppl 105.06 | lr 0.000174815 | 166.7s
Epoch 02 | 05000/06880 | loss 4.6504 | ppl 104.62 | lr 0.0001740777 | 170.2s
Epoch 02 | 05100/06880 | loss 4.6466 | ppl 104.22 | lr 0.0001733496 | 173.8s
Epoch 02 | 05200/06880 | loss 4.6429 | ppl 103.85 | lr 0.0001726306 | 177.4s
Epoch 02 | 05300/06880 | loss 4.6393 | ppl 103.47 | lr 0.0001719205 | 180.9s
Epoch 02 | 05400/06880 | loss 4.6356 | ppl 103.09 | lr 0.000171219 | 184.5s
Epoch 02 | 05500/06880 | loss 4.6318 | ppl 102.70 | lr 0.0001705261 | 188.0s
Epoch 02 | 05600/06880 | loss 4.6281 | ppl 102.32 | lr 0.0001698416 | 191.3s
Epoch 02 | 05700/06880 | loss 4.6243 | ppl 101.93 | lr 0.0001691652 | 194.5s
Epoch 02 | 05800/06880 | loss 4.6205 | ppl 101.54 | lr 0.0001684968 | 197.8s
Epoch 02 | 05900/06880 | loss 4.6171 | ppl 101.20 | lr 0.0001678363 | 201.1s
Epoch 02 | 06000/06880 | loss 4.6135 | ppl 100.84 | lr 0.0001671835 | 204.5s
Epoch 02 | 06100/06880 | loss 4.6099 | ppl 100.47 | lr 0.0001665382 | 207.8s
Epoch 02 | 06200/06880 | loss 4.6062 | ppl 100.10 | lr 0.0001659004 | 211.1s
Epoch 02 | 06300/06880 | loss 4.6027 | ppl 99.75 | lr 0.0001652698 | 214.5s
Epoch 02 | 06400/06880 | loss 4.5993 | ppl 99.41 | lr 0.0001646464 | 217.8s
Epoch 02 | 06500/06880 | loss 4.5960 | ppl 99.08 | lr 0.00016403 | 221.0s
Epoch 02 | 06600/06880 | loss 4.5925 | ppl 98.74 | lr 0.0001634204 | 224.3s
Epoch 02 | 06700/06880 | loss 4.5891 | ppl 98.41 | lr 0.0001628176 | 227.6s
Epoch 02 | 06800/06880 | loss 4.5858 | ppl 98.08 | lr 0.0001622214 | 230.8s
Epoch 02 complete | train loss 4.5832 | dev loss 4.3483 | train BLEU 10.77 | dev BLEU 7.80 | 241.5s
Epoch 03 | 00100/06880 | loss 4.2971 | ppl 73.49 | lr 0.0001611646 | 3.3s
Epoch 03 | 00200/06880 | loss 4.2909 | ppl 73.03 | lr 0.0001605863 | 6.5s
Epoch 03 | 00300/06880 | loss 4.2837 | ppl 72.51 | lr 0.0001600142 | 9.9s
Epoch 03 | 00400/06880 | loss 4.2834 | ppl 72.48 | lr 0.0001594482 | 13.1s
Epoch 03 | 00500/06880 | loss 4.2791 | ppl 72.18 | lr 0.0001588881 | 16.4s
Epoch 03 | 00600/06880 | loss 4.2811 | ppl 72.32 | lr 0.0001583339 | 19.5s
Epoch 03 | 00700/06880 | loss 4.2793 | ppl 72.19 | lr 0.0001577855 | 22.8s
Epoch 03 | 00800/06880 | loss 4.2780 | ppl 72.10 | lr 0.0001572427 | 26.1s
Epoch 03 | 00900/06880 | loss 4.2758 | ppl 71.94 | lr 0.0001567055 | 29.4s
Epoch 03 | 01000/06880 | loss 4.2736 | ppl 71.78 | lr 0.0001561738 | 32.6s
Epoch 03 | 01100/06880 | loss 4.2726 | ppl 71.70 | lr 0.0001556474 | 36.0s
Epoch 03 | 01200/06880 | loss 4.2707 | ppl 71.57 | lr 0.0001551263 | 39.3s
Epoch 03 | 01300/06880 | loss 4.2691 | ppl 71.46 | lr 0.0001546104 | 42.6s
Epoch 03 | 01400/06880 | loss 4.2667 | ppl 71.29 | lr 0.0001540996 | 46.0s
Epoch 03 | 01500/06880 | loss 4.2651 | ppl 71.17 | lr 0.0001535939 | 49.5s
Epoch 03 | 01600/06880 | loss 4.2637 | ppl 71.07 | lr 0.0001530931 | 53.1s
Epoch 03 | 01700/06880 | loss 4.2624 | ppl 70.98 | lr 0.0001525972 | 56.4s
Epoch 03 | 01800/06880 | loss 4.2609 | ppl 70.87 | lr 0.000152106 | 59.9s
Epoch 03 | 01900/06880 | loss 4.2589 | ppl 70.73 | lr 0.0001516196 | 63.2s
Epoch 03 | 02000/06880 | loss 4.2572 | ppl 70.61 | lr 0.0001511378 | 66.5s
Epoch 03 | 02100/06880 | loss 4.2560 | ppl 70.53 | lr 0.0001506606 | 69.9s
Epoch 03 | 02200/06880 | loss 4.2541 | ppl 70.39 | lr 0.0001501879 | 73.5s
Epoch 03 | 02300/06880 | loss 4.2526 | ppl 70.29 | lr 0.0001497195 | 77.0s
Epoch 03 | 02400/06880 | loss 4.2514 | ppl 70.21 | lr 0.0001492556 | 80.5s
Epoch 03 | 02500/06880 | loss 4.2502 | ppl 70.12 | lr 0.0001487959 | 83.9s
Epoch 03 | 02600/06880 | loss 4.2484 | ppl 69.99 | lr 0.0001483405 | 87.4s
Epoch 03 | 02700/06880 | loss 4.2465 | ppl 69.86 | lr 0.0001478892 | 90.8s
Epoch 03 | 02800/06880 | loss 4.2453 | ppl 69.77 | lr 0.000147442 | 94.1s
Epoch 03 | 02900/06880 | loss 4.2432 | ppl 69.63 | lr 0.0001469988 | 97.4s
Epoch 03 | 03000/06880 | loss 4.2409 | ppl 69.47 | lr 0.0001465596 | 100.6s
Epoch 03 | 03100/06880 | loss 4.2393 | ppl 69.36 | lr 0.0001461243 | 103.9s
Epoch 03 | 03200/06880 | loss 4.2376 | ppl 69.24 | lr 0.0001456929 | 107.2s
Epoch 03 | 03300/06880 | loss 4.2357 | ppl 69.11 | lr 0.0001452653 | 110.6s
Epoch 03 | 03400/06880 | loss 4.2343 | ppl 69.02 | lr 0.0001448414 | 113.9s
Epoch 03 | 03500/06880 | loss 4.2324 | ppl 68.89 | lr 0.0001444212 | 117.4s
Epoch 03 | 03600/06880 | loss 4.2310 | ppl 68.79 | lr 0.0001440046 | 120.9s
Epoch 03 | 03700/06880 | loss 4.2290 | ppl 68.65 | lr 0.0001435916 | 124.4s
Epoch 03 | 03800/06880 | loss 4.2275 | ppl 68.54 | lr 0.0001431822 | 127.9s
Epoch 03 | 03900/06880 | loss 4.2255 | ppl 68.41 | lr 0.0001427762 | 131.4s
Epoch 03 | 04000/06880 | loss 4.2244 | ppl 68.33 | lr 0.0001423737 | 134.7s
Epoch 03 | 04100/06880 | loss 4.2225 | ppl 68.20 | lr 0.0001419746 | 137.9s
Epoch 03 | 04200/06880 | loss 4.2210 | ppl 68.10 | lr 0.0001415788 | 141.3s
Epoch 03 | 04300/06880 | loss 4.2197 | ppl 68.01 | lr 0.0001411862 | 145.0s
Epoch 03 | 04400/06880 | loss 4.2183 | ppl 67.92 | lr 0.000140797 | 148.3s
Epoch 03 | 04500/06880 | loss 4.2166 | ppl 67.80 | lr 0.0001404109 | 151.7s
Epoch 03 | 04600/06880 | loss 4.2149 | ppl 67.69 | lr 0.000140028 | 155.0s
Epoch 03 | 04700/06880 | loss 4.2130 | ppl 67.56 | lr 0.0001396482 | 158.4s
Epoch 03 | 04800/06880 | loss 4.2115 | ppl 67.46 | lr 0.0001392715 | 161.7s
Epoch 03 | 04900/06880 | loss 4.2102 | ppl 67.37 | lr 0.0001388978 | 165.0s
Epoch 03 | 05000/06880 | loss 4.2084 | ppl 67.25 | lr 0.0001385271 | 168.3s
Epoch 03 | 05100/06880 | loss 4.2063 | ppl 67.11 | lr 0.0001381594 | 171.5s
Epoch 03 | 05200/06880 | loss 4.2045 | ppl 66.99 | lr 0.0001377946 | 175.0s
Epoch 03 | 05300/06880 | loss 4.2030 | ppl 66.89 | lr 0.0001374326 | 178.5s
Epoch 03 | 05400/06880 | loss 4.2013 | ppl 66.77 | lr 0.0001370735 | 182.1s
Epoch 03 | 05500/06880 | loss 4.1996 | ppl 66.66 | lr 0.0001367172 | 185.6s
Epoch 03 | 05600/06880 | loss 4.1979 | ppl 66.55 | lr 0.0001363636 | 189.1s
Epoch 03 | 05700/06880 | loss 4.1966 | ppl 66.46 | lr 0.0001360128 | 192.4s
Epoch 03 | 05800/06880 | loss 4.1949 | ppl 66.35 | lr 0.0001356647 | 195.8s
Epoch 03 | 05900/06880 | loss 4.1933 | ppl 66.24 | lr 0.0001353192 | 199.1s
Epoch 03 | 06000/06880 | loss 4.1921 | ppl 66.16 | lr 0.0001349764 | 202.5s
Epoch 03 | 06100/06880 | loss 4.1908 | ppl 66.07 | lr 0.0001346361 | 206.0s
Epoch 03 | 06200/06880 | loss 4.1895 | ppl 65.99 | lr 0.0001342984 | 209.3s
Epoch 03 | 06300/06880 | loss 4.1883 | ppl 65.91 | lr 0.0001339633 | 212.8s
Epoch 03 | 06400/06880 | loss 4.1871 | ppl 65.83 | lr 0.0001336306 | 216.2s
Epoch 03 | 06500/06880 | loss 4.1854 | ppl 65.72 | lr 0.0001333004 | 219.8s
Epoch 03 | 06600/06880 | loss 4.1841 | ppl 65.63 | lr 0.0001329727 | 223.4s
Epoch 03 | 06700/06880 | loss 4.1828 | ppl 65.55 | lr 0.0001326473 | 227.0s
Epoch 03 | 06800/06880 | loss 4.1815 | ppl 65.46 | lr 0.0001323243 | 230.6s
Epoch 03 complete | train loss 4.1803 | dev loss 4.0543 | train BLEU 13.53 | dev BLEU 10.86 | 241.6s
Epoch 04 | 00100/06880 | loss 4.0251 | ppl 55.99 | lr 0.0001317489 | 3.3s
Epoch 04 | 00200/06880 | loss 4.0117 | ppl 55.24 | lr 0.0001314324 | 6.8s
Epoch 04 | 00300/06880 | loss 4.0077 | ppl 55.02 | lr 0.0001311182 | 10.1s
Epoch 04 | 00400/06880 | loss 4.0065 | ppl 54.95 | lr 0.0001308062 | 13.4s
Epoch 04 | 00500/06880 | loss 4.0075 | ppl 55.01 | lr 0.0001304965 | 16.7s
Epoch 04 | 00600/06880 | loss 4.0073 | ppl 55.00 | lr 0.0001301889 | 20.0s
Epoch 04 | 00700/06880 | loss 4.0049 | ppl 54.87 | lr 0.0001298835 | 23.5s
Epoch 04 | 00800/06880 | loss 4.0082 | ppl 55.05 | lr 0.0001295803 | 27.0s
Epoch 04 | 00900/06880 | loss 4.0065 | ppl 54.96 | lr 0.0001292791 | 30.4s
Epoch 04 | 01000/06880 | loss 4.0044 | ppl 54.84 | lr 0.0001289801 | 34.0s
Epoch 04 | 01100/06880 | loss 4.0037 | ppl 54.80 | lr 0.0001286831 | 37.6s
Epoch 04 | 01200/06880 | loss 4.0024 | ppl 54.73 | lr 0.0001283881 | 41.1s
Epoch 04 | 01300/06880 | loss 4.0018 | ppl 54.70 | lr 0.0001280952 | 44.4s
Epoch 04 | 01400/06880 | loss 4.0007 | ppl 54.64 | lr 0.0001278043 | 47.8s
Epoch 04 | 01500/06880 | loss 4.0014 | ppl 54.67 | lr 0.0001275153 | 51.2s
Epoch 04 | 01600/06880 | loss 3.9999 | ppl 54.59 | lr 0.0001272283 | 54.7s
Epoch 04 | 01700/06880 | loss 3.9987 | ppl 54.52 | lr 0.0001269433 | 58.3s
Epoch 04 | 01800/06880 | loss 3.9982 | ppl 54.50 | lr 0.0001266601 | 61.9s
Epoch 04 | 01900/06880 | loss 3.9965 | ppl 54.41 | lr 0.0001263788 | 65.5s
Epoch 04 | 02000/06880 | loss 3.9946 | ppl 54.30 | lr 0.0001260994 | 68.8s
Epoch 04 | 02100/06880 | loss 3.9936 | ppl 54.25 | lr 0.0001258218 | 72.1s
Epoch 04 | 02200/06880 | loss 3.9938 | ppl 54.26 | lr 0.0001255461 | 75.3s
Epoch 04 | 02300/06880 | loss 3.9928 | ppl 54.21 | lr 0.0001252722 | 78.7s
Epoch 04 | 02400/06880 | loss 3.9924 | ppl 54.19 | lr 0.000125 | 82.0s
Epoch 04 | 02500/06880 | loss 3.9914 | ppl 54.13 | lr 0.0001247296 | 85.3s
Epoch 04 | 02600/06880 | loss 3.9908 | ppl 54.10 | lr 0.000124461 | 88.8s
Epoch 04 | 02700/06880 | loss 3.9900 | ppl 54.06 | lr 0.0001241941 | 92.1s
Epoch 04 | 02800/06880 | loss 3.9891 | ppl 54.00 | lr 0.0001239289 | 95.6s
Epoch 04 | 02900/06880 | loss 3.9887 | ppl 53.98 | lr 0.0001236653 | 99.2s
Epoch 04 | 03000/06880 | loss 3.9881 | ppl 53.95 | lr 0.0001234035 | 102.7s
Epoch 04 | 03100/06880 | loss 3.9876 | ppl 53.92 | lr 0.0001231433 | 106.0s
Epoch 04 | 03200/06880 | loss 3.9873 | ppl 53.91 | lr 0.0001228848 | 109.3s
Epoch 04 | 03300/06880 | loss 3.9863 | ppl 53.85 | lr 0.0001226279 | 112.7s
Epoch 04 | 03400/06880 | loss 3.9856 | ppl 53.82 | lr 0.0001223726 | 116.0s
Epoch 04 | 03500/06880 | loss 3.9851 | ppl 53.79 | lr 0.0001221188 | 119.3s
Epoch 04 | 03600/06880 | loss 3.9845 | ppl 53.76 | lr 0.0001218667 | 122.7s
Epoch 04 | 03700/06880 | loss 3.9840 | ppl 53.73 | lr 0.0001216161 | 125.9s
Epoch 04 | 03800/06880 | loss 3.9839 | ppl 53.72 | lr 0.000121367 | 129.1s
Epoch 04 | 03900/06880 | loss 3.9828 | ppl 53.67 | lr 0.0001211195 | 132.4s
Epoch 04 | 04000/06880 | loss 3.9818 | ppl 53.61 | lr 0.0001208734 | 135.8s
Epoch 04 | 04100/06880 | loss 3.9819 | ppl 53.62 | lr 0.0001206289 | 139.1s
Epoch 04 | 04200/06880 | loss 3.9810 | ppl 53.57 | lr 0.0001203859 | 142.2s
Epoch 04 | 04300/06880 | loss 3.9803 | ppl 53.53 | lr 0.0001201443 | 145.4s
Epoch 04 | 04400/06880 | loss 3.9790 | ppl 53.47 | lr 0.0001199041 | 148.7s
Epoch 04 | 04500/06880 | loss 3.9786 | ppl 53.44 | lr 0.0001196654 | 152.0s
Epoch 04 | 04600/06880 | loss 3.9777 | ppl 53.39 | lr 0.0001194281 | 155.3s
Epoch 04 | 04700/06880 | loss 3.9769 | ppl 53.35 | lr 0.0001191922 | 158.5s
Epoch 04 | 04800/06880 | loss 3.9761 | ppl 53.31 | lr 0.0001189577 | 162.1s
Epoch 04 | 04900/06880 | loss 3.9756 | ppl 53.28 | lr 0.0001187246 | 165.7s
Epoch 04 | 05000/06880 | loss 3.9747 | ppl 53.24 | lr 0.0001184929 | 169.3s
Epoch 04 | 05100/06880 | loss 3.9739 | ppl 53.19 | lr 0.0001182625 | 172.8s
Epoch 04 | 05200/06880 | loss 3.9732 | ppl 53.15 | lr 0.0001180334 | 176.3s
Epoch 04 | 05300/06880 | loss 3.9726 | ppl 53.12 | lr 0.0001178057 | 179.9s
Epoch 04 | 05400/06880 | loss 3.9719 | ppl 53.09 | lr 0.0001175793 | 183.3s
Epoch 04 | 05500/06880 | loss 3.9710 | ppl 53.04 | lr 0.0001173542 | 186.6s
Epoch 04 | 05600/06880 | loss 3.9701 | ppl 52.99 | lr 0.0001171303 | 189.9s
Epoch 04 | 05700/06880 | loss 3.9694 | ppl 52.96 | lr 0.0001169078 | 193.3s
Epoch 04 | 05800/06880 | loss 3.9690 | ppl 52.93 | lr 0.0001166865 | 196.8s
Epoch 04 | 05900/06880 | loss 3.9684 | ppl 52.90 | lr 0.0001164664 | 200.3s
Epoch 04 | 06000/06880 | loss 3.9678 | ppl 52.87 | lr 0.0001162476 | 203.8s
Epoch 04 | 06100/06880 | loss 3.9675 | ppl 52.85 | lr 0.0001160301 | 207.3s
Epoch 04 | 06200/06880 | loss 3.9669 | ppl 52.82 | lr 0.0001158137 | 210.8s
Epoch 04 | 06300/06880 | loss 3.9661 | ppl 52.78 | lr 0.0001155986 | 214.3s
Epoch 04 | 06400/06880 | loss 3.9654 | ppl 52.74 | lr 0.0001153846 | 217.7s
Epoch 04 | 06500/06880 | loss 3.9646 | ppl 52.70 | lr 0.0001151718 | 221.0s
Epoch 04 | 06600/06880 | loss 3.9636 | ppl 52.65 | lr 0.0001149602 | 224.3s
Epoch 04 | 06700/06880 | loss 3.9628 | ppl 52.60 | lr 0.0001147498 | 227.6s
Epoch 04 | 06800/06880 | loss 3.9619 | ppl 52.56 | lr 0.0001145405 | 230.9s
Epoch 04 complete | train loss 3.9614 | dev loss 3.8858 | train BLEU 15.67 | dev BLEU 12.34 | 241.9s
Epoch 05 | 00100/06880 | loss 3.8313 | ppl 46.12 | lr 0.0001141667 | 3.3s
Epoch 05 | 00200/06880 | loss 3.8354 | ppl 46.31 | lr 0.0001139606 | 6.5s
Epoch 05 | 00300/06880 | loss 3.8340 | ppl 46.25 | lr 0.0001137556 | 9.9s
Epoch 05 | 00400/06880 | loss 3.8387 | ppl 46.47 | lr 0.0001135517 | 13.3s
Epoch 05 | 00500/06880 | loss 3.8384 | ppl 46.45 | lr 0.0001133489 | 16.6s
Epoch 05 | 00600/06880 | loss 3.8378 | ppl 46.42 | lr 0.0001131471 | 19.9s
Epoch 05 | 00700/06880 | loss 3.8374 | ppl 46.40 | lr 0.0001129465 | 23.1s
Epoch 05 | 00800/06880 | loss 3.8373 | ppl 46.40 | lr 0.0001127469 | 26.5s
Epoch 05 | 00900/06880 | loss 3.8381 | ppl 46.44 | lr 0.0001125484 | 29.8s
Epoch 05 | 01000/06880 | loss 3.8380 | ppl 46.43 | lr 0.0001123509 | 33.1s
Epoch 05 | 01100/06880 | loss 3.8401 | ppl 46.53 | lr 0.0001121544 | 36.5s
Epoch 05 | 01200/06880 | loss 3.8412 | ppl 46.58 | lr 0.000111959 | 39.8s
Epoch 05 | 01300/06880 | loss 3.8417 | ppl 46.61 | lr 0.0001117646 | 43.2s
Epoch 05 | 01400/06880 | loss 3.8406 | ppl 46.55 | lr 0.0001115712 | 46.6s
Epoch 05 | 01500/06880 | loss 3.8398 | ppl 46.52 | lr 0.0001113788 | 49.9s
Epoch 05 | 01600/06880 | loss 3.8391 | ppl 46.48 | lr 0.0001111874 | 53.3s
Epoch 05 | 01700/06880 | loss 3.8392 | ppl 46.49 | lr 0.000110997 | 56.8s
Epoch 05 | 01800/06880 | loss 3.8384 | ppl 46.45 | lr 0.0001108075 | 60.1s
Epoch 05 | 01900/06880 | loss 3.8378 | ppl 46.42 | lr 0.000110619 | 63.6s
Epoch 05 | 02000/06880 | loss 3.8380 | ppl 46.43 | lr 0.0001104315 | 67.2s
Epoch 05 | 02100/06880 | loss 3.8371 | ppl 46.39 | lr 0.000110245 | 70.8s
Epoch 05 | 02200/06880 | loss 3.8374 | ppl 46.40 | lr 0.0001100593 | 74.4s
Epoch 05 | 02300/06880 | loss 3.8367 | ppl 46.37 | lr 0.0001098746 | 77.9s
Epoch 05 | 02400/06880 | loss 3.8353 | ppl 46.31 | lr 0.0001096909 | 81.3s
Epoch 05 | 02500/06880 | loss 3.8359 | ppl 46.34 | lr 0.000109508 | 84.8s
Epoch 05 | 02600/06880 | loss 3.8361 | ppl 46.34 | lr 0.0001093261 | 88.3s
Epoch 05 | 02700/06880 | loss 3.8356 | ppl 46.32 | lr 0.000109145 | 91.9s
Epoch 05 | 02800/06880 | loss 3.8358 | ppl 46.33 | lr 0.0001089649 | 95.3s
Epoch 05 | 02900/06880 | loss 3.8354 | ppl 46.31 | lr 0.0001087857 | 98.6s
Epoch 05 | 03000/06880 | loss 3.8353 | ppl 46.31 | lr 0.0001086073 | 101.9s
Epoch 05 | 03100/06880 | loss 3.8348 | ppl 46.28 | lr 0.0001084298 | 105.3s
Epoch 05 | 03200/06880 | loss 3.8350 | ppl 46.30 | lr 0.0001082532 | 108.5s
Epoch 05 | 03300/06880 | loss 3.8344 | ppl 46.26 | lr 0.0001080774 | 111.8s
Epoch 05 | 03400/06880 | loss 3.8345 | ppl 46.27 | lr 0.0001079025 | 115.0s
Epoch 05 | 03500/06880 | loss 3.8338 | ppl 46.24 | lr 0.0001077284 | 118.4s
Epoch 05 | 03600/06880 | loss 3.8334 | ppl 46.22 | lr 0.0001075552 | 121.7s
Epoch 05 | 03700/06880 | loss 3.8331 | ppl 46.21 | lr 0.0001073828 | 125.1s
Epoch 05 | 03800/06880 | loss 3.8332 | ppl 46.21 | lr 0.0001072113 | 128.4s
Epoch 05 | 03900/06880 | loss 3.8324 | ppl 46.17 | lr 0.0001070405 | 131.7s
Epoch 05 | 04000/06880 | loss 3.8323 | ppl 46.17 | lr 0.0001068706 | 134.9s
Epoch 05 | 04100/06880 | loss 3.8323 | ppl 46.17 | lr 0.0001067014 | 138.1s
Epoch 05 | 04200/06880 | loss 3.8316 | ppl 46.14 | lr 0.0001065331 | 141.5s
Epoch 05 | 04300/06880 | loss 3.8316 | ppl 46.14 | lr 0.0001063656 | 144.8s
Epoch 05 | 04400/06880 | loss 3.8310 | ppl 46.11 | lr 0.0001061988 | 148.0s
Epoch 05 | 04500/06880 | loss 3.8306 | ppl 46.09 | lr 0.0001060329 | 151.3s
Epoch 05 | 04600/06880 | loss 3.8305 | ppl 46.09 | lr 0.0001058677 | 154.7s
Epoch 05 | 04700/06880 | loss 3.8301 | ppl 46.07 | lr 0.0001057033 | 158.0s
Epoch 05 | 04800/06880 | loss 3.8297 | ppl 46.05 | lr 0.0001055396 | 161.3s
Epoch 05 | 04900/06880 | loss 3.8294 | ppl 46.03 | lr 0.0001053767 | 164.7s
Epoch 05 | 05000/06880 | loss 3.8290 | ppl 46.02 | lr 0.0001052146 | 168.2s
Epoch 05 | 05100/06880 | loss 3.8284 | ppl 45.99 | lr 0.0001050532 | 171.4s
Epoch 05 | 05200/06880 | loss 3.8275 | ppl 45.95 | lr 0.0001048925 | 174.7s
Epoch 05 | 05300/06880 | loss 3.8271 | ppl 45.93 | lr 0.0001047326 | 178.2s
Epoch 05 | 05400/06880 | loss 3.8271 | ppl 45.93 | lr 0.0001045734 | 181.5s
Epoch 05 | 05500/06880 | loss 3.8264 | ppl 45.90 | lr 0.000104415 | 184.8s
Epoch 05 | 05600/06880 | loss 3.8259 | ppl 45.87 | lr 0.0001042572 | 188.1s
Epoch 05 | 05700/06880 | loss 3.8262 | ppl 45.89 | lr 0.0001041002 | 191.3s
Epoch 05 | 05800/06880 | loss 3.8261 | ppl 45.88 | lr 0.0001039438 | 194.7s
Epoch 05 | 05900/06880 | loss 3.8259 | ppl 45.87 | lr 0.0001037882 | 198.0s
Epoch 05 | 06000/06880 | loss 3.8254 | ppl 45.85 | lr 0.0001036333 | 201.2s
Epoch 05 | 06100/06880 | loss 3.8251 | ppl 45.84 | lr 0.000103479 | 204.6s
Epoch 05 | 06200/06880 | loss 3.8246 | ppl 45.81 | lr 0.0001033255 | 207.9s
Epoch 05 | 06300/06880 | loss 3.8240 | ppl 45.79 | lr 0.0001031726 | 211.2s
Epoch 05 | 06400/06880 | loss 3.8236 | ppl 45.77 | lr 0.0001030204 | 214.6s
Epoch 05 | 06500/06880 | loss 3.8233 | ppl 45.75 | lr 0.0001028689 | 218.0s
Epoch 05 | 06600/06880 | loss 3.8228 | ppl 45.73 | lr 0.000102718 | 221.3s
Epoch 05 | 06700/06880 | loss 3.8224 | ppl 45.72 | lr 0.0001025678 | 224.7s
Epoch 05 | 06800/06880 | loss 3.8220 | ppl 45.69 | lr 0.0001024183 | 228.3s
Epoch 05 complete | train loss 3.8218 | dev loss 3.7943 | train BLEU 17.31 | dev BLEU 13.67 | 237.8s
Epoch 06 | 00100/06880 | loss 3.7498 | ppl 42.51 | lr 0.0001021508 | 3.4s
Epoch 06 | 00200/06880 | loss 3.7388 | ppl 42.05 | lr 0.0001020031 | 6.7s
Epoch 06 | 00300/06880 | loss 3.7423 | ppl 42.20 | lr 0.000101856 | 10.0s
Epoch 06 | 00400/06880 | loss 3.7377 | ppl 42.00 | lr 0.0001017095 | 13.3s
Epoch 06 | 00500/06880 | loss 3.7353 | ppl 41.90 | lr 0.0001015637 | 16.7s
Epoch 06 | 00600/06880 | loss 3.7351 | ppl 41.89 | lr 0.0001014185 | 20.1s
Epoch 06 | 00700/06880 | loss 3.7337 | ppl 41.83 | lr 0.0001012739 | 23.2s
Epoch 06 | 00800/06880 | loss 3.7342 | ppl 41.86 | lr 0.00010113 | 26.6s
Epoch 06 | 00900/06880 | loss 3.7346 | ppl 41.87 | lr 0.0001009866 | 29.9s
Epoch 06 | 01000/06880 | loss 3.7335 | ppl 41.83 | lr 0.0001008439 | 33.2s
Epoch 06 | 01100/06880 | loss 3.7336 | ppl 41.83 | lr 0.0001007018 | 36.5s
Epoch 06 | 01200/06880 | loss 3.7341 | ppl 41.85 | lr 0.0001005602 | 39.9s
Epoch 06 | 01300/06880 | loss 3.7346 | ppl 41.87 | lr 0.0001004193 | 43.3s
Epoch 06 | 01400/06880 | loss 3.7347 | ppl 41.88 | lr 0.0001002789 | 46.6s
Epoch 06 | 01500/06880 | loss 3.7344 | ppl 41.86 | lr 0.0001001392 | 49.9s
Epoch 06 | 01600/06880 | loss 3.7336 | ppl 41.83 | lr 0.0001 | 53.2s
Epoch 06 | 01700/06880 | loss 3.7336 | ppl 41.83 | lr 9.98614e-05 | 56.8s
Epoch 06 | 01800/06880 | loss 3.7332 | ppl 41.81 | lr 9.972337e-05 | 60.3s
Epoch 06 | 01900/06880 | loss 3.7331 | ppl 41.81 | lr 9.958592e-05 | 63.7s
Epoch 06 | 02000/06880 | loss 3.7337 | ppl 41.84 | lr 9.944903e-05 | 67.2s
Epoch 06 | 02100/06880 | loss 3.7339 | ppl 41.84 | lr 9.931271e-05 | 70.7s
Epoch 06 | 02200/06880 | loss 3.7328 | ppl 41.80 | lr 9.917694e-05 | 74.1s
Epoch 06 | 02300/06880 | loss 3.7329 | ppl 41.80 | lr 9.904173e-05 | 77.3s
Epoch 06 | 02400/06880 | loss 3.7327 | ppl 41.79 | lr 9.890707e-05 | 80.7s
Epoch 06 | 02500/06880 | loss 3.7327 | ppl 41.79 | lr 9.877296e-05 | 84.0s
Epoch 06 | 02600/06880 | loss 3.7329 | ppl 41.80 | lr 9.863939e-05 | 87.5s
Epoch 06 | 02700/06880 | loss 3.7330 | ppl 41.80 | lr 9.850637e-05 | 90.9s
Epoch 06 | 02800/06880 | loss 3.7326 | ppl 41.79 | lr 9.837388e-05 | 94.5s
Epoch 06 | 02900/06880 | loss 3.7322 | ppl 41.77 | lr 9.824192e-05 | 97.8s
Epoch 06 | 03000/06880 | loss 3.7321 | ppl 41.77 | lr 9.811049e-05 | 101.1s
Epoch 06 | 03100/06880 | loss 3.7314 | ppl 41.74 | lr 9.797959e-05 | 104.4s
Epoch 06 | 03200/06880 | loss 3.7310 | ppl 41.72 | lr 9.784921e-05 | 107.7s
Epoch 06 | 03300/06880 | loss 3.7310 | ppl 41.72 | lr 9.771935e-05 | 111.0s
Epoch 06 | 03400/06880 | loss 3.7308 | ppl 41.71 | lr 9.759001e-05 | 114.3s
Epoch 06 | 03500/06880 | loss 3.7306 | ppl 41.70 | lr 9.746118e-05 | 117.6s
Epoch 06 | 03600/06880 | loss 3.7302 | ppl 41.69 | lr 9.733285e-05 | 120.8s
Epoch 06 | 03700/06880 | loss 3.7302 | ppl 41.69 | lr 9.720504e-05 | 124.1s
Epoch 06 | 03800/06880 | loss 3.7300 | ppl 41.68 | lr 9.707772e-05 | 127.3s
Epoch 06 | 03900/06880 | loss 3.7297 | ppl 41.67 | lr 9.69509e-05 | 130.6s
Epoch 06 | 04000/06880 | loss 3.7295 | ppl 41.66 | lr 9.682458e-05 | 134.0s
Epoch 06 | 04100/06880 | loss 3.7291 | ppl 41.64 | lr 9.669876e-05 | 137.3s
Epoch 06 | 04200/06880 | loss 3.7289 | ppl 41.63 | lr 9.657342e-05 | 140.7s
Epoch 06 | 04300/06880 | loss 3.7288 | ppl 41.63 | lr 9.644856e-05 | 144.0s
Epoch 06 | 04400/06880 | loss 3.7290 | ppl 41.64 | lr 9.632419e-05 | 147.4s
Epoch 06 | 04500/06880 | loss 3.7288 | ppl 41.63 | lr 9.620031e-05 | 150.6s
Epoch 06 | 04600/06880 | loss 3.7285 | ppl 41.62 | lr 9.607689e-05 | 153.8s
Epoch 06 | 04700/06880 | loss 3.7283 | ppl 41.61 | lr 9.595395e-05 | 157.0s
Epoch 06 | 04800/06880 | loss 3.7284 | ppl 41.61 | lr 9.583148e-05 | 160.5s
Epoch 06 | 04900/06880 | loss 3.7282 | ppl 41.60 | lr 9.570948e-05 | 163.8s
Epoch 06 | 05000/06880 | loss 3.7279 | ppl 41.59 | lr 9.558795e-05 | 167.0s
Epoch 06 | 05100/06880 | loss 3.7274 | ppl 41.57 | lr 9.546687e-05 | 170.4s
Epoch 06 | 05200/06880 | loss 3.7277 | ppl 41.58 | lr 9.534626e-05 | 173.8s
Epoch 06 | 05300/06880 | loss 3.7273 | ppl 41.57 | lr 9.52261e-05 | 177.0s
Epoch 06 | 05400/06880 | loss 3.7272 | ppl 41.56 | lr 9.510639e-05 | 180.4s
Epoch 06 | 05500/06880 | loss 3.7269 | ppl 41.55 | lr 9.498714e-05 | 183.9s
Epoch 06 | 05600/06880 | loss 3.7268 | ppl 41.55 | lr 9.486833e-05 | 187.4s
Epoch 06 | 05700/06880 | loss 3.7270 | ppl 41.56 | lr 9.474997e-05 | 190.9s
Epoch 06 | 05800/06880 | loss 3.7268 | ppl 41.55 | lr 9.463204e-05 | 194.4s
Epoch 06 | 05900/06880 | loss 3.7263 | ppl 41.53 | lr 9.451456e-05 | 198.0s
Epoch 06 | 06000/06880 | loss 3.7260 | ppl 41.51 | lr 9.439752e-05 | 201.6s
Epoch 06 | 06100/06880 | loss 3.7256 | ppl 41.50 | lr 9.42809e-05 | 204.9s
Epoch 06 | 06200/06880 | loss 3.7252 | ppl 41.48 | lr 9.416472e-05 | 208.3s
Epoch 06 | 06300/06880 | loss 3.7253 | ppl 41.48 | lr 9.404897e-05 | 211.5s
Epoch 06 | 06400/06880 | loss 3.7254 | ppl 41.49 | lr 9.393364e-05 | 214.9s
Epoch 06 | 06500/06880 | loss 3.7254 | ppl 41.49 | lr 9.381874e-05 | 218.1s
Epoch 06 | 06600/06880 | loss 3.7249 | ppl 41.47 | lr 9.370426e-05 | 221.4s
Epoch 06 | 06700/06880 | loss 3.7243 | ppl 41.44 | lr 9.359019e-05 | 224.7s
Epoch 06 | 06800/06880 | loss 3.7238 | ppl 41.42 | lr 9.347654e-05 | 228.0s
Epoch 06 complete | train loss 3.7235 | dev loss 3.7271 | train BLEU 18.12 | dev BLEU 14.61 | 237.0s
Epoch 07 | 00100/06880 | loss 3.6487 | ppl 38.42 | lr 9.327301e-05 | 3.6s
Epoch 07 | 00200/06880 | loss 3.6403 | ppl 38.10 | lr 9.316051e-05 | 7.1s
Epoch 07 | 00300/06880 | loss 3.6428 | ppl 38.20 | lr 9.304842e-05 | 10.5s
Epoch 07 | 00400/06880 | loss 3.6438 | ppl 38.24 | lr 9.293673e-05 | 13.8s
Epoch 07 | 00500/06880 | loss 3.6463 | ppl 38.33 | lr 9.282544e-05 | 17.1s
Epoch 07 | 00600/06880 | loss 3.6495 | ppl 38.46 | lr 9.271455e-05 | 20.4s
Epoch 07 | 00700/06880 | loss 3.6493 | ppl 38.45 | lr 9.260406e-05 | 23.7s
Epoch 07 | 00800/06880 | loss 3.6480 | ppl 38.40 | lr 9.249396e-05 | 27.0s
Epoch 07 | 00900/06880 | loss 3.6491 | ppl 38.44 | lr 9.238426e-05 | 30.2s
Epoch 07 | 01000/06880 | loss 3.6492 | ppl 38.45 | lr 9.227494e-05 | 33.4s
Epoch 07 | 01100/06880 | loss 3.6484 | ppl 38.41 | lr 9.216601e-05 | 36.7s
Epoch 07 | 01200/06880 | loss 3.6485 | ppl 38.42 | lr 9.205746e-05 | 40.0s
Epoch 07 | 01300/06880 | loss 3.6483 | ppl 38.41 | lr 9.19493e-05 | 43.3s
Epoch 07 | 01400/06880 | loss 3.6498 | ppl 38.47 | lr 9.184152e-05 | 46.7s
Epoch 07 | 01500/06880 | loss 3.6499 | ppl 38.47 | lr 9.173411e-05 | 50.1s
Epoch 07 | 01600/06880 | loss 3.6502 | ppl 38.48 | lr 9.162708e-05 | 53.6s
Epoch 07 | 01700/06880 | loss 3.6496 | ppl 38.46 | lr 9.152043e-05 | 57.2s
Epoch 07 | 01800/06880 | loss 3.6499 | ppl 38.47 | lr 9.141415e-05 | 60.7s
Epoch 07 | 01900/06880 | loss 3.6510 | ppl 38.51 | lr 9.130823e-05 | 64.1s
Epoch 07 | 02000/06880 | loss 3.6520 | ppl 38.55 | lr 9.120269e-05 | 67.6s
Epoch 07 | 02100/06880 | loss 3.6520 | ppl 38.55 | lr 9.10975e-05 | 71.0s
Epoch 07 | 02200/06880 | loss 3.6512 | ppl 38.52 | lr 9.099269e-05 | 74.6s
Epoch 07 | 02300/06880 | loss 3.6511 | ppl 38.52 | lr 9.088823e-05 | 78.0s
Epoch 07 | 02400/06880 | loss 3.6512 | ppl 38.52 | lr 9.078413e-05 | 81.4s
Epoch 07 | 02500/06880 | loss 3.6515 | ppl 38.53 | lr 9.068039e-05 | 84.7s
Epoch 07 | 02600/06880 | loss 3.6528 | ppl 38.58 | lr 9.0577e-05 | 88.2s
Epoch 07 | 02700/06880 | loss 3.6534 | ppl 38.61 | lr 9.047397e-05 | 91.8s
Epoch 07 | 02800/06880 | loss 3.6543 | ppl 38.64 | lr 9.037128e-05 | 95.2s
Epoch 07 | 02900/06880 | loss 3.6539 | ppl 38.63 | lr 9.026895e-05 | 98.7s
Epoch 07 | 03000/06880 | loss 3.6544 | ppl 38.64 | lr 9.016696e-05 | 102.1s
Epoch 07 | 03100/06880 | loss 3.6542 | ppl 38.64 | lr 9.006532e-05 | 105.5s
Epoch 07 | 03200/06880 | loss 3.6546 | ppl 38.65 | lr 8.996402e-05 | 108.8s
Epoch 07 | 03300/06880 | loss 3.6542 | ppl 38.64 | lr 8.986306e-05 | 112.2s
Epoch 07 | 03400/06880 | loss 3.6548 | ppl 38.66 | lr 8.976244e-05 | 115.5s
Epoch 07 | 03500/06880 | loss 3.6545 | ppl 38.65 | lr 8.966216e-05 | 118.9s
Epoch 07 | 03600/06880 | loss 3.6545 | ppl 38.65 | lr 8.956222e-05 | 122.2s
Epoch 07 | 03700/06880 | loss 3.6545 | ppl 38.65 | lr 8.94626e-05 | 125.4s
Epoch 07 | 03800/06880 | loss 3.6543 | ppl 38.64 | lr 8.936332e-05 | 128.7s
Epoch 07 | 03900/06880 | loss 3.6542 | ppl 38.64 | lr 8.926437e-05 | 132.1s
Epoch 07 | 04000/06880 | loss 3.6540 | ppl 38.63 | lr 8.916574e-05 | 135.4s
Epoch 07 | 04100/06880 | loss 3.6539 | ppl 38.62 | lr 8.906745e-05 | 138.7s
Epoch 07 | 04200/06880 | loss 3.6540 | ppl 38.63 | lr 8.896947e-05 | 142.0s
Epoch 07 | 04300/06880 | loss 3.6535 | ppl 38.61 | lr 8.887182e-05 | 145.5s
Epoch 07 | 04400/06880 | loss 3.6535 | ppl 38.61 | lr 8.877449e-05 | 148.9s
Epoch 07 | 04500/06880 | loss 3.6537 | ppl 38.62 | lr 8.867748e-05 | 152.5s
Epoch 07 | 04600/06880 | loss 3.6536 | ppl 38.61 | lr 8.858079e-05 | 156.0s
Epoch 07 | 04700/06880 | loss 3.6537 | ppl 38.62 | lr 8.848441e-05 | 159.5s
Epoch 07 | 04800/06880 | loss 3.6535 | ppl 38.61 | lr 8.838835e-05 | 163.0s
Epoch 07 | 04900/06880 | loss 3.6534 | ppl 38.61 | lr 8.82926e-05 | 166.6s
Epoch 07 | 05000/06880 | loss 3.6528 | ppl 38.58 | lr 8.819715e-05 | 169.9s
Epoch 07 | 05100/06880 | loss 3.6526 | ppl 38.58 | lr 8.810202e-05 | 173.2s
Epoch 07 | 05200/06880 | loss 3.6525 | ppl 38.57 | lr 8.80072e-05 | 176.4s
Epoch 07 | 05300/06880 | loss 3.6524 | ppl 38.57 | lr 8.791268e-05 | 179.6s
Epoch 07 | 05400/06880 | loss 3.6525 | ppl 38.57 | lr 8.781846e-05 | 183.0s
Epoch 07 | 05500/06880 | loss 3.6523 | ppl 38.56 | lr 8.772455e-05 | 186.2s
Epoch 07 | 05600/06880 | loss 3.6520 | ppl 38.55 | lr 8.763094e-05 | 189.5s
Epoch 07 | 05700/06880 | loss 3.6519 | ppl 38.55 | lr 8.753762e-05 | 192.8s
Epoch 07 | 05800/06880 | loss 3.6518 | ppl 38.54 | lr 8.744461e-05 | 196.2s
Epoch 07 | 05900/06880 | loss 3.6517 | ppl 38.54 | lr 8.735189e-05 | 199.5s
Epoch 07 | 06000/06880 | loss 3.6514 | ppl 38.53 | lr 8.725946e-05 | 202.8s
Epoch 07 | 06100/06880 | loss 3.6509 | ppl 38.51 | lr 8.716733e-05 | 205.9s
Epoch 07 | 06200/06880 | loss 3.6505 | ppl 38.49 | lr 8.707548e-05 | 209.2s
Epoch 07 | 06300/06880 | loss 3.6504 | ppl 38.49 | lr 8.698393e-05 | 212.6s
Epoch 07 | 06400/06880 | loss 3.6500 | ppl 38.48 | lr 8.689267e-05 | 216.0s
Epoch 07 | 06500/06880 | loss 3.6498 | ppl 38.47 | lr 8.680169e-05 | 219.3s
Epoch 07 | 06600/06880 | loss 3.6497 | ppl 38.46 | lr 8.6711e-05 | 222.5s
Epoch 07 | 06700/06880 | loss 3.6496 | ppl 38.46 | lr 8.662059e-05 | 225.8s
Epoch 07 | 06800/06880 | loss 3.6493 | ppl 38.45 | lr 8.653046e-05 | 229.3s
Epoch 07 complete | train loss 3.6493 | dev loss 3.6698 | train BLEU 18.89 | dev BLEU 14.62 | 240.0s
Epoch 08 | 00100/06880 | loss 3.5549 | ppl 34.98 | lr 8.636894e-05 | 3.4s
Epoch 08 | 00200/06880 | loss 3.5699 | ppl 35.51 | lr 8.62796e-05 | 7.0s
Epoch 08 | 00300/06880 | loss 3.5706 | ppl 35.54 | lr 8.619053e-05 | 10.3s
Epoch 08 | 00400/06880 | loss 3.5694 | ppl 35.50 | lr 8.610174e-05 | 13.9s
Epoch 08 | 00500/06880 | loss 3.5700 | ppl 35.51 | lr 8.601322e-05 | 17.4s
Epoch 08 | 00600/06880 | loss 3.5714 | ppl 35.57 | lr 8.592497e-05 | 20.9s
Epoch 08 | 00700/06880 | loss 3.5742 | ppl 35.67 | lr 8.5837e-05 | 24.5s
Epoch 08 | 00800/06880 | loss 3.5739 | ppl 35.66 | lr 8.574929e-05 | 28.1s
Epoch 08 | 00900/06880 | loss 3.5738 | ppl 35.65 | lr 8.566186e-05 | 31.6s
Epoch 08 | 01000/06880 | loss 3.5762 | ppl 35.74 | lr 8.557469e-05 | 35.1s
Epoch 08 | 01100/06880 | loss 3.5777 | ppl 35.79 | lr 8.548778e-05 | 38.6s
Epoch 08 | 01200/06880 | loss 3.5788 | ppl 35.83 | lr 8.540114e-05 | 42.2s
Epoch 08 | 01300/06880 | loss 3.5803 | ppl 35.88 | lr 8.531476e-05 | 45.6s
Epoch 08 | 01400/06880 | loss 3.5807 | ppl 35.90 | lr 8.522865e-05 | 48.9s
Epoch 08 | 01500/06880 | loss 3.5807 | ppl 35.90 | lr 8.514279e-05 | 52.1s
Epoch 08 | 01600/06880 | loss 3.5816 | ppl 35.93 | lr 8.50572e-05 | 55.4s
Epoch 08 | 01700/06880 | loss 3.5823 | ppl 35.96 | lr 8.497186e-05 | 58.7s
Epoch 08 | 01800/06880 | loss 3.5825 | ppl 35.96 | lr 8.488678e-05 | 62.0s
Epoch 08 | 01900/06880 | loss 3.5834 | ppl 36.00 | lr 8.480195e-05 | 65.3s
Epoch 08 | 02000/06880 | loss 3.5843 | ppl 36.03 | lr 8.471737e-05 | 68.6s
Epoch 08 | 02100/06880 | loss 3.5849 | ppl 36.05 | lr 8.463305e-05 | 71.9s
Epoch 08 | 02200/06880 | loss 3.5857 | ppl 36.08 | lr 8.454898e-05 | 75.2s
Epoch 08 | 02300/06880 | loss 3.5858 | ppl 36.08 | lr 8.446516e-05 | 78.5s
Epoch 08 | 02400/06880 | loss 3.5869 | ppl 36.12 | lr 8.438159e-05 | 81.8s
Epoch 08 | 02500/06880 | loss 3.5871 | ppl 36.13 | lr 8.429827e-05 | 85.1s
Epoch 08 | 02600/06880 | loss 3.5871 | ppl 36.13 | lr 8.421519e-05 | 88.2s
Epoch 08 | 02700/06880 | loss 3.5885 | ppl 36.18 | lr 8.413236e-05 | 91.6s
Epoch 08 | 02800/06880 | loss 3.5890 | ppl 36.20 | lr 8.404977e-05 | 94.7s
Epoch 08 | 02900/06880 | loss 3.5888 | ppl 36.19 | lr 8.396743e-05 | 97.9s
Epoch 08 | 03000/06880 | loss 3.5887 | ppl 36.19 | lr 8.388532e-05 | 101.3s
Epoch 08 | 03100/06880 | loss 3.5881 | ppl 36.16 | lr 8.380346e-05 | 104.6s
Epoch 08 | 03200/06880 | loss 3.5884 | ppl 36.17 | lr 8.372184e-05 | 107.8s
Epoch 08 | 03300/06880 | loss 3.5884 | ppl 36.18 | lr 8.364045e-05 | 111.1s
Epoch 08 | 03400/06880 | loss 3.5886 | ppl 36.18 | lr 8.35593e-05 | 114.3s
Epoch 08 | 03500/06880 | loss 3.5890 | ppl 36.20 | lr 8.347839e-05 | 117.6s
Epoch 08 | 03600/06880 | loss 3.5890 | ppl 36.20 | lr 8.339771e-05 | 120.9s
Epoch 08 | 03700/06880 | loss 3.5890 | ppl 36.20 | lr 8.331726e-05 | 124.3s
Epoch 08 | 03800/06880 | loss 3.5889 | ppl 36.20 | lr 8.323705e-05 | 127.7s
Epoch 08 | 03900/06880 | loss 3.5891 | ppl 36.20 | lr 8.315707e-05 | 131.0s
Epoch 08 | 04000/06880 | loss 3.5894 | ppl 36.21 | lr 8.307732e-05 | 134.3s
Epoch 08 | 04100/06880 | loss 3.5894 | ppl 36.21 | lr 8.299779e-05 | 137.6s
Epoch 08 | 04200/06880 | loss 3.5896 | ppl 36.22 | lr 8.29185e-05 | 140.9s
Epoch 08 | 04300/06880 | loss 3.5899 | ppl 36.23 | lr 8.283943e-05 | 144.4s
Epoch 08 | 04400/06880 | loss 3.5895 | ppl 36.22 | lr 8.276059e-05 | 147.8s
Epoch 08 | 04500/06880 | loss 3.5894 | ppl 36.21 | lr 8.268197e-05 | 151.3s
Epoch 08 | 04600/06880 | loss 3.5895 | ppl 36.22 | lr 8.260358e-05 | 154.9s
Epoch 08 | 04700/06880 | loss 3.5895 | ppl 36.22 | lr 8.252541e-05 | 158.5s
Epoch 08 | 04800/06880 | loss 3.5893 | ppl 36.21 | lr 8.244746e-05 | 162.0s
Epoch 08 | 04900/06880 | loss 3.5891 | ppl 36.20 | lr 8.236973e-05 | 165.5s
Epoch 08 | 05000/06880 | loss 3.5897 | ppl 36.22 | lr 8.229222e-05 | 169.0s
Epoch 08 | 05100/06880 | loss 3.5892 | ppl 36.21 | lr 8.221493e-05 | 172.4s
Epoch 08 | 05200/06880 | loss 3.5893 | ppl 36.21 | lr 8.213785e-05 | 175.8s
Epoch 08 | 05300/06880 | loss 3.5893 | ppl 36.21 | lr 8.206099e-05 | 179.1s
Epoch 08 | 05400/06880 | loss 3.5894 | ppl 36.21 | lr 8.198435e-05 | 182.3s
Epoch 08 | 05500/06880 | loss 3.5897 | ppl 36.22 | lr 8.190792e-05 | 185.6s
Epoch 08 | 05600/06880 | loss 3.5898 | ppl 36.23 | lr 8.183171e-05 | 188.9s
Epoch 08 | 05700/06880 | loss 3.5903 | ppl 36.25 | lr 8.175571e-05 | 192.3s
Epoch 08 | 05800/06880 | loss 3.5902 | ppl 36.24 | lr 8.167992e-05 | 195.7s
Epoch 08 | 05900/06880 | loss 3.5901 | ppl 36.24 | lr 8.160433e-05 | 199.0s
Epoch 08 | 06000/06880 | loss 3.5902 | ppl 36.24 | lr 8.152896e-05 | 202.3s
Epoch 08 | 06100/06880 | loss 3.5904 | ppl 36.25 | lr 8.14538e-05 | 205.7s
Epoch 08 | 06200/06880 | loss 3.5905 | ppl 36.25 | lr 8.137885e-05 | 209.0s
Epoch 08 | 06300/06880 | loss 3.5906 | ppl 36.25 | lr 8.13041e-05 | 212.3s
Epoch 08 | 06400/06880 | loss 3.5906 | ppl 36.26 | lr 8.122955e-05 | 215.6s
Epoch 08 | 06500/06880 | loss 3.5907 | ppl 36.26 | lr 8.115522e-05 | 218.7s
Epoch 08 | 06600/06880 | loss 3.5907 | ppl 36.26 | lr 8.108108e-05 | 222.0s
Epoch 08 | 06700/06880 | loss 3.5910 | ppl 36.27 | lr 8.100715e-05 | 225.4s
Epoch 08 | 06800/06880 | loss 3.5909 | ppl 36.27 | lr 8.093342e-05 | 228.7s
Epoch 08 complete | train loss 3.5908 | dev loss 3.6313 | train BLEU 19.57 | dev BLEU 15.49 | 238.2s
{
  "best_epoch": 8,
  "best_dev_bleu": 15.486445047669234,
  "best_dev_loss": 3.631340889910844,
  "best_model": "/data/student/i2311021/projects/100-swing-drill/chapter_10_2020/models/97_tuning/bs64_lr3em04_adamw/best_model.pt",
  "batch_size": 64,
  "learning_rate": 0.0003,
  "optimizer": "adamw"
}

========================================================================
Trial: bs64_lr1em04_adam
========================================================================
GPU: NVIDIA RTX PRO 6000 Blackwell Max-Q Workstation Edition
Train: 440,286, Dev: 1,166
Epoch 01 | 00100/06880 | loss 9.6660 | ppl 15771.35 | lr 2.5e-06 | 4.6s
Epoch 01 | 00200/06880 | loss 9.5904 | ppl 14623.99 | lr 5e-06 | 8.2s
Epoch 01 | 00300/06880 | loss 9.5207 | ppl 13639.20 | lr 7.5e-06 | 11.6s
Epoch 01 | 00400/06880 | loss 9.4483 | ppl 12686.57 | lr 1e-05 | 15.0s
Epoch 01 | 00500/06880 | loss 9.3677 | ppl 11703.89 | lr 1.25e-05 | 18.3s
Epoch 01 | 00600/06880 | loss 9.2767 | ppl 10686.21 | lr 1.5e-05 | 21.6s
Epoch 01 | 00700/06880 | loss 9.1761 | ppl 9663.82 | lr 1.75e-05 | 24.9s
Epoch 01 | 00800/06880 | loss 9.0693 | ppl 8684.54 | lr 2e-05 | 28.3s
Epoch 01 | 00900/06880 | loss 8.9571 | ppl 7762.94 | lr 2.25e-05 | 32.0s
Epoch 01 | 01000/06880 | loss 8.8475 | ppl 6957.09 | lr 2.5e-05 | 35.7s
Epoch 01 | 01100/06880 | loss 8.7418 | ppl 6259.36 | lr 2.75e-05 | 39.2s
Epoch 01 | 01200/06880 | loss 8.6426 | ppl 5667.97 | lr 3e-05 | 42.6s
Epoch 01 | 01300/06880 | loss 8.5520 | ppl 5177.16 | lr 3.25e-05 | 46.0s
Epoch 01 | 01400/06880 | loss 8.4691 | ppl 4765.24 | lr 3.5e-05 | 49.4s
Epoch 01 | 01500/06880 | loss 8.3907 | ppl 4405.98 | lr 3.75e-05 | 52.7s
Epoch 01 | 01600/06880 | loss 8.3155 | ppl 4086.81 | lr 4e-05 | 56.1s
Epoch 01 | 01700/06880 | loss 8.2446 | ppl 3807.18 | lr 4.25e-05 | 59.4s
Epoch 01 | 01800/06880 | loss 8.1774 | ppl 3559.61 | lr 4.5e-05 | 62.9s
Epoch 01 | 01900/06880 | loss 8.1122 | ppl 3334.91 | lr 4.75e-05 | 66.3s
Epoch 01 | 02000/06880 | loss 8.0494 | ppl 3132.01 | lr 5e-05 | 69.7s
Epoch 01 | 02100/06880 | loss 7.9907 | ppl 2953.36 | lr 5.25e-05 | 73.1s
Epoch 01 | 02200/06880 | loss 7.9344 | ppl 2791.62 | lr 5.5e-05 | 76.4s
Epoch 01 | 02300/06880 | loss 7.8800 | ppl 2643.77 | lr 5.75e-05 | 79.7s
Epoch 01 | 02400/06880 | loss 7.8283 | ppl 2510.74 | lr 6e-05 | 83.1s
Epoch 01 | 02500/06880 | loss 7.7786 | ppl 2389.03 | lr 6.25e-05 | 86.5s
Epoch 01 | 02600/06880 | loss 7.7312 | ppl 2278.41 | lr 6.5e-05 | 89.9s
Epoch 01 | 02700/06880 | loss 7.6851 | ppl 2175.68 | lr 6.75e-05 | 93.2s
Epoch 01 | 02800/06880 | loss 7.6416 | ppl 2083.10 | lr 7e-05 | 96.5s
Epoch 01 | 02900/06880 | loss 7.5998 | ppl 1997.89 | lr 7.25e-05 | 99.8s
Epoch 01 | 03000/06880 | loss 7.5587 | ppl 1917.43 | lr 7.5e-05 | 103.1s
Epoch 01 | 03100/06880 | loss 7.5190 | ppl 1842.70 | lr 7.75e-05 | 106.5s
Epoch 01 | 03200/06880 | loss 7.4814 | ppl 1774.66 | lr 8e-05 | 109.8s
Epoch 01 | 03300/06880 | loss 7.4454 | ppl 1712.03 | lr 8.25e-05 | 113.1s
Epoch 01 | 03400/06880 | loss 7.4100 | ppl 1652.40 | lr 8.5e-05 | 116.3s
Epoch 01 | 03500/06880 | loss 7.3751 | ppl 1595.81 | lr 8.75e-05 | 119.6s
Epoch 01 | 03600/06880 | loss 7.3417 | ppl 1543.40 | lr 9e-05 | 123.0s
Epoch 01 | 03700/06880 | loss 7.3092 | ppl 1494.04 | lr 9.25e-05 | 126.4s
Epoch 01 | 03800/06880 | loss 7.2780 | ppl 1448.13 | lr 9.5e-05 | 129.8s
Epoch 01 | 03900/06880 | loss 7.2473 | ppl 1404.27 | lr 9.75e-05 | 133.2s
Epoch 01 | 04000/06880 | loss 7.2174 | ppl 1362.96 | lr 0.0001 | 136.8s
Epoch 01 | 04100/06880 | loss 7.1885 | ppl 1324.09 | lr 9.877296e-05 | 140.2s
Epoch 01 | 04200/06880 | loss 7.1604 | ppl 1287.37 | lr 9.759001e-05 | 143.8s
Epoch 01 | 04300/06880 | loss 7.1331 | ppl 1252.70 | lr 9.644856e-05 | 147.4s
Epoch 01 | 04400/06880 | loss 7.1061 | ppl 1219.36 | lr 9.534626e-05 | 151.0s
Epoch 01 | 04500/06880 | loss 7.0803 | ppl 1188.31 | lr 9.42809e-05 | 154.5s
Epoch 01 | 04600/06880 | loss 7.0547 | ppl 1158.27 | lr 9.325048e-05 | 158.1s
Epoch 01 | 04700/06880 | loss 7.0301 | ppl 1130.19 | lr 9.225312e-05 | 161.5s
Epoch 01 | 04800/06880 | loss 7.0056 | ppl 1102.75 | lr 9.128709e-05 | 164.9s
Epoch 01 | 04900/06880 | loss 6.9816 | ppl 1076.65 | lr 9.035079e-05 | 168.5s
Epoch 01 | 05000/06880 | loss 6.9585 | ppl 1052.04 | lr 8.944272e-05 | 172.1s
Epoch 01 | 05100/06880 | loss 6.9363 | ppl 1028.99 | lr 8.856149e-05 | 175.6s
Epoch 01 | 05200/06880 | loss 6.9143 | ppl 1006.58 | lr 8.77058e-05 | 179.3s
Epoch 01 | 05300/06880 | loss 6.8929 | ppl 985.28 | lr 8.687445e-05 | 182.9s
Epoch 01 | 05400/06880 | loss 6.8718 | ppl 964.71 | lr 8.60663e-05 | 186.4s
Epoch 01 | 05500/06880 | loss 6.8513 | ppl 945.08 | lr 8.528029e-05 | 189.8s
Epoch 01 | 05600/06880 | loss 6.8313 | ppl 926.42 | lr 8.451543e-05 | 193.2s
Epoch 01 | 05700/06880 | loss 6.8118 | ppl 908.50 | lr 8.377078e-05 | 196.7s
Epoch 01 | 05800/06880 | loss 6.7924 | ppl 891.01 | lr 8.304548e-05 | 200.1s
Epoch 01 | 05900/06880 | loss 6.7738 | ppl 874.59 | lr 8.23387e-05 | 203.5s
Epoch 01 | 06000/06880 | loss 6.7555 | ppl 858.79 | lr 8.164966e-05 | 206.8s
Epoch 01 | 06100/06880 | loss 6.7379 | ppl 843.82 | lr 8.097763e-05 | 210.0s
Epoch 01 | 06200/06880 | loss 6.7203 | ppl 829.08 | lr 8.032193e-05 | 213.4s
Epoch 01 | 06300/06880 | loss 6.7032 | ppl 815.00 | lr 7.968191e-05 | 216.7s
Epoch 01 | 06400/06880 | loss 6.6863 | ppl 801.36 | lr 7.905694e-05 | 220.1s
Epoch 01 | 06500/06880 | loss 6.6698 | ppl 788.24 | lr 7.844645e-05 | 223.3s
Epoch 01 | 06600/06880 | loss 6.6537 | ppl 775.64 | lr 7.784989e-05 | 226.7s
Epoch 01 | 06700/06880 | loss 6.6381 | ppl 763.63 | lr 7.726674e-05 | 230.2s
Epoch 01 | 06800/06880 | loss 6.6224 | ppl 751.78 | lr 7.66965e-05 | 233.5s
/data/student/i2311021/conda_envs/100-swing-drill-gpu/lib/python3.10/site-packages/torch/nn/modules/transformer.py:531: UserWarning: The PyTorch API of nested tensors is in prototype stage and will change in the near future. We recommend specifying layout=torch.jagged when constructing a nested tensor, as this layout receives active development, has better operator coverage, and works with torch.compile. (Triggered internally at /pytorch/aten/src/ATen/NestedTensorImpl.cpp:178.)
  output = torch._nested_tensor_from_mask(
Epoch 01 complete | train loss 6.6106 | dev loss 5.6512 | train BLEU 1.75 | dev BLEU 1.28 | 244.9s
Epoch 02 | 00100/06880 | loss 5.5546 | ppl 258.41 | lr 7.570112e-05 | 3.7s
Epoch 02 | 00200/06880 | loss 5.5459 | ppl 256.18 | lr 7.51646e-05 | 7.3s
Epoch 02 | 00300/06880 | loss 5.5346 | ppl 253.30 | lr 7.463934e-05 | 10.6s
Epoch 02 | 00400/06880 | loss 5.5301 | ppl 252.18 | lr 7.412493e-05 | 14.0s
Epoch 02 | 00500/06880 | loss 5.5296 | ppl 252.04 | lr 7.362102e-05 | 17.4s
Epoch 02 | 00600/06880 | loss 5.5279 | ppl 251.61 | lr 7.312724e-05 | 20.7s
Epoch 02 | 00700/06880 | loss 5.5225 | ppl 250.25 | lr 7.264327e-05 | 24.3s
Epoch 02 | 00800/06880 | loss 5.5204 | ppl 249.74 | lr 7.216878e-05 | 27.9s
Epoch 02 | 00900/06880 | loss 5.5164 | ppl 248.73 | lr 7.170347e-05 | 31.6s
Epoch 02 | 01000/06880 | loss 5.5124 | ppl 247.74 | lr 7.124705e-05 | 35.2s
Epoch 02 | 01100/06880 | loss 5.5080 | ppl 246.67 | lr 7.079923e-05 | 38.6s
Epoch 02 | 01200/06880 | loss 5.5049 | ppl 245.89 | lr 7.035975e-05 | 42.0s
Epoch 02 | 01300/06880 | loss 5.5015 | ppl 245.07 | lr 6.992836e-05 | 45.6s
Epoch 02 | 01400/06880 | loss 5.4975 | ppl 244.08 | lr 6.95048e-05 | 49.0s
Epoch 02 | 01500/06880 | loss 5.4945 | ppl 243.35 | lr 6.908885e-05 | 52.7s
Epoch 02 | 01600/06880 | loss 5.4902 | ppl 242.30 | lr 6.868028e-05 | 56.2s
Epoch 02 | 01700/06880 | loss 5.4870 | ppl 241.53 | lr 6.827887e-05 | 59.6s
Epoch 02 | 01800/06880 | loss 5.4832 | ppl 240.61 | lr 6.788442e-05 | 63.0s
Epoch 02 | 01900/06880 | loss 5.4784 | ppl 239.46 | lr 6.749673e-05 | 66.3s
Epoch 02 | 02000/06880 | loss 5.4745 | ppl 238.53 | lr 6.711561e-05 | 69.6s
Epoch 02 | 02100/06880 | loss 5.4702 | ppl 237.50 | lr 6.674086e-05 | 73.0s
Epoch 02 | 02200/06880 | loss 5.4666 | ppl 236.66 | lr 6.637233e-05 | 76.6s
Epoch 02 | 02300/06880 | loss 5.4623 | ppl 235.65 | lr 6.600984e-05 | 80.2s
Epoch 02 | 02400/06880 | loss 5.4583 | ppl 234.70 | lr 6.565322e-05 | 83.8s
Epoch 02 | 02500/06880 | loss 5.4546 | ppl 233.82 | lr 6.530231e-05 | 87.5s
Epoch 02 | 02600/06880 | loss 5.4499 | ppl 232.73 | lr 6.495698e-05 | 91.0s
Epoch 02 | 02700/06880 | loss 5.4462 | ppl 231.88 | lr 6.461707e-05 | 94.7s
Epoch 02 | 02800/06880 | loss 5.4423 | ppl 230.97 | lr 6.428243e-05 | 98.3s
Epoch 02 | 02900/06880 | loss 5.4384 | ppl 230.07 | lr 6.395295e-05 | 101.8s
Epoch 02 | 03000/06880 | loss 5.4345 | ppl 229.17 | lr 6.362848e-05 | 105.5s
Epoch 02 | 03100/06880 | loss 5.4308 | ppl 228.33 | lr 6.330889e-05 | 109.1s
Epoch 02 | 03200/06880 | loss 5.4272 | ppl 227.51 | lr 6.299408e-05 | 112.6s
Epoch 02 | 03300/06880 | loss 5.4238 | ppl 226.75 | lr 6.268391e-05 | 116.1s
Epoch 02 | 03400/06880 | loss 5.4205 | ppl 225.98 | lr 6.237829e-05 | 119.7s
Epoch 02 | 03500/06880 | loss 5.4167 | ppl 225.13 | lr 6.207709e-05 | 123.0s
Epoch 02 | 03600/06880 | loss 5.4135 | ppl 224.41 | lr 6.178021e-05 | 126.5s
Epoch 02 | 03700/06880 | loss 5.4099 | ppl 223.60 | lr 6.148755e-05 | 130.1s
Epoch 02 | 03800/06880 | loss 5.4065 | ppl 222.86 | lr 6.119901e-05 | 133.6s
Epoch 02 | 03900/06880 | loss 5.4029 | ppl 222.04 | lr 6.091449e-05 | 137.3s
Epoch 02 | 04000/06880 | loss 5.3998 | ppl 221.36 | lr 6.063391e-05 | 140.9s
Epoch 02 | 04100/06880 | loss 5.3966 | ppl 220.65 | lr 6.035716e-05 | 144.5s
Epoch 02 | 04200/06880 | loss 5.3931 | ppl 219.88 | lr 6.008418e-05 | 148.1s
Epoch 02 | 04300/06880 | loss 5.3891 | ppl 219.01 | lr 5.981486e-05 | 151.4s
Epoch 02 | 04400/06880 | loss 5.3860 | ppl 218.32 | lr 5.954913e-05 | 154.7s
Epoch 02 | 04500/06880 | loss 5.3826 | ppl 217.58 | lr 5.928692e-05 | 158.1s
Epoch 02 | 04600/06880 | loss 5.3797 | ppl 216.96 | lr 5.902813e-05 | 161.5s
Epoch 02 | 04700/06880 | loss 5.3766 | ppl 216.28 | lr 5.877271e-05 | 165.1s
Epoch 02 | 04800/06880 | loss 5.3736 | ppl 215.65 | lr 5.852057e-05 | 168.6s
Epoch 02 | 04900/06880 | loss 5.3703 | ppl 214.93 | lr 5.827165e-05 | 172.1s
Epoch 02 | 05000/06880 | loss 5.3669 | ppl 214.19 | lr 5.802589e-05 | 175.7s
Epoch 02 | 05100/06880 | loss 5.3636 | ppl 213.50 | lr 5.77832e-05 | 179.3s
Epoch 02 | 05200/06880 | loss 5.3606 | ppl 212.86 | lr 5.754353e-05 | 182.8s
Epoch 02 | 05300/06880 | loss 5.3576 | ppl 212.21 | lr 5.730683e-05 | 186.1s
Epoch 02 | 05400/06880 | loss 5.3544 | ppl 211.54 | lr 5.707301e-05 | 189.5s
Epoch 02 | 05500/06880 | loss 5.3513 | ppl 210.88 | lr 5.684204e-05 | 192.8s
Epoch 02 | 05600/06880 | loss 5.3481 | ppl 210.21 | lr 5.661385e-05 | 196.1s
Epoch 02 | 05700/06880 | loss 5.3449 | ppl 209.53 | lr 5.638839e-05 | 199.5s
Epoch 02 | 05800/06880 | loss 5.3417 | ppl 208.86 | lr 5.61656e-05 | 202.9s
Epoch 02 | 05900/06880 | loss 5.3388 | ppl 208.25 | lr 5.594542e-05 | 206.2s
Epoch 02 | 06000/06880 | loss 5.3357 | ppl 207.62 | lr 5.572782e-05 | 209.7s
Epoch 02 | 06100/06880 | loss 5.3327 | ppl 207.00 | lr 5.551274e-05 | 213.2s
Epoch 02 | 06200/06880 | loss 5.3296 | ppl 206.37 | lr 5.530013e-05 | 216.9s
Epoch 02 | 06300/06880 | loss 5.3267 | ppl 205.75 | lr 5.508994e-05 | 220.3s
Epoch 02 | 06400/06880 | loss 5.3238 | ppl 205.16 | lr 5.488213e-05 | 223.6s
Epoch 02 | 06500/06880 | loss 5.3211 | ppl 204.60 | lr 5.467666e-05 | 227.0s
Epoch 02 | 06600/06880 | loss 5.3182 | ppl 204.01 | lr 5.447347e-05 | 230.6s
Epoch 02 | 06700/06880 | loss 5.3154 | ppl 203.45 | lr 5.427254e-05 | 234.3s
Epoch 02 | 06800/06880 | loss 5.3126 | ppl 202.87 | lr 5.407381e-05 | 237.9s
Epoch 02 complete | train loss 5.3105 | dev loss 5.1717 | train BLEU 3.84 | dev BLEU 2.88 | 249.7s
Epoch 03 | 00100/06880 | loss 5.1045 | ppl 164.77 | lr 5.372153e-05 | 3.5s
Epoch 03 | 00200/06880 | loss 5.0950 | ppl 163.20 | lr 5.352877e-05 | 6.9s
Epoch 03 | 00300/06880 | loss 5.0885 | ppl 162.15 | lr 5.333807e-05 | 10.3s
Epoch 03 | 00400/06880 | loss 5.0871 | ppl 161.92 | lr 5.31494e-05 | 13.6s
Epoch 03 | 00500/06880 | loss 5.0823 | ppl 161.14 | lr 5.296271e-05 | 17.0s
Epoch 03 | 00600/06880 | loss 5.0837 | ppl 161.37 | lr 5.277798e-05 | 20.3s
Epoch 03 | 00700/06880 | loss 5.0823 | ppl 161.14 | lr 5.259517e-05 | 23.7s
Epoch 03 | 00800/06880 | loss 5.0805 | ppl 160.85 | lr 5.241424e-05 | 27.1s
Epoch 03 | 00900/06880 | loss 5.0785 | ppl 160.54 | lr 5.223517e-05 | 30.4s
Epoch 03 | 01000/06880 | loss 5.0762 | ppl 160.17 | lr 5.205792e-05 | 33.7s
Epoch 03 | 01100/06880 | loss 5.0751 | ppl 159.99 | lr 5.188246e-05 | 37.1s
Epoch 03 | 01200/06880 | loss 5.0729 | ppl 159.64 | lr 5.170877e-05 | 40.6s
Epoch 03 | 01300/06880 | loss 5.0710 | ppl 159.34 | lr 5.153681e-05 | 44.2s
Epoch 03 | 01400/06880 | loss 5.0687 | ppl 158.96 | lr 5.136655e-05 | 47.7s
Epoch 03 | 01500/06880 | loss 5.0674 | ppl 158.77 | lr 5.119797e-05 | 51.3s
Epoch 03 | 01600/06880 | loss 5.0657 | ppl 158.49 | lr 5.103104e-05 | 54.8s
Epoch 03 | 01700/06880 | loss 5.0644 | ppl 158.28 | lr 5.086573e-05 | 58.3s
Epoch 03 | 01800/06880 | loss 5.0622 | ppl 157.94 | lr 5.070201e-05 | 61.6s
Epoch 03 | 01900/06880 | loss 5.0603 | ppl 157.64 | lr 5.053987e-05 | 64.8s
Epoch 03 | 02000/06880 | loss 5.0588 | ppl 157.41 | lr 5.037927e-05 | 68.2s
Epoch 03 | 02100/06880 | loss 5.0577 | ppl 157.23 | lr 5.02202e-05 | 71.6s
Epoch 03 | 02200/06880 | loss 5.0556 | ppl 156.90 | lr 5.006262e-05 | 75.0s
Epoch 03 | 02300/06880 | loss 5.0542 | ppl 156.67 | lr 4.990651e-05 | 78.4s
Epoch 03 | 02400/06880 | loss 5.0530 | ppl 156.49 | lr 4.975186e-05 | 81.7s
Epoch 03 | 02500/06880 | loss 5.0517 | ppl 156.29 | lr 4.959864e-05 | 85.0s
Epoch 03 | 02600/06880 | loss 5.0502 | ppl 156.06 | lr 4.944682e-05 | 88.5s
Epoch 03 | 02700/06880 | loss 5.0483 | ppl 155.76 | lr 4.929639e-05 | 91.9s
Epoch 03 | 02800/06880 | loss 5.0473 | ppl 155.60 | lr 4.914732e-05 | 95.5s
Epoch 03 | 02900/06880 | loss 5.0453 | ppl 155.29 | lr 4.89996e-05 | 99.2s
Epoch 03 | 03000/06880 | loss 5.0431 | ppl 154.95 | lr 4.88532e-05 | 102.6s
Epoch 03 | 03100/06880 | loss 5.0416 | ppl 154.71 | lr 4.87081e-05 | 106.2s
Epoch 03 | 03200/06880 | loss 5.0402 | ppl 154.50 | lr 4.856429e-05 | 109.8s
Epoch 03 | 03300/06880 | loss 5.0383 | ppl 154.21 | lr 4.842175e-05 | 113.5s
Epoch 03 | 03400/06880 | loss 5.0370 | ppl 154.00 | lr 4.828045e-05 | 117.1s
Epoch 03 | 03500/06880 | loss 5.0351 | ppl 153.72 | lr 4.814039e-05 | 120.7s
Epoch 03 | 03600/06880 | loss 5.0339 | ppl 153.52 | lr 4.800154e-05 | 124.0s
Epoch 03 | 03700/06880 | loss 5.0318 | ppl 153.21 | lr 4.786388e-05 | 127.4s
Epoch 03 | 03800/06880 | loss 5.0305 | ppl 153.01 | lr 4.77274e-05 | 130.7s
Epoch 03 | 03900/06880 | loss 5.0285 | ppl 152.71 | lr 4.759208e-05 | 134.1s
Epoch 03 | 04000/06880 | loss 5.0274 | ppl 152.54 | lr 4.74579e-05 | 137.5s
Epoch 03 | 04100/06880 | loss 5.0257 | ppl 152.28 | lr 4.732485e-05 | 140.8s
Epoch 03 | 04200/06880 | loss 5.0244 | ppl 152.07 | lr 4.719292e-05 | 144.1s
Epoch 03 | 04300/06880 | loss 5.0231 | ppl 151.88 | lr 4.706208e-05 | 147.3s
Epoch 03 | 04400/06880 | loss 5.0220 | ppl 151.72 | lr 4.693233e-05 | 150.7s
Epoch 03 | 04500/06880 | loss 5.0204 | ppl 151.48 | lr 4.680364e-05 | 154.0s
Epoch 03 | 04600/06880 | loss 5.0188 | ppl 151.22 | lr 4.6676e-05 | 157.4s
Epoch 03 | 04700/06880 | loss 5.0171 | ppl 150.97 | lr 4.654941e-05 | 160.8s
Epoch 03 | 04800/06880 | loss 5.0156 | ppl 150.75 | lr 4.642383e-05 | 164.1s
Epoch 03 | 04900/06880 | loss 5.0143 | ppl 150.55 | lr 4.629927e-05 | 167.5s
Epoch 03 | 05000/06880 | loss 5.0127 | ppl 150.32 | lr 4.617571e-05 | 170.8s
Epoch 03 | 05100/06880 | loss 5.0109 | ppl 150.04 | lr 4.605313e-05 | 174.1s
Epoch 03 | 05200/06880 | loss 5.0091 | ppl 149.77 | lr 4.593152e-05 | 177.3s
Epoch 03 | 05300/06880 | loss 5.0076 | ppl 149.54 | lr 4.581087e-05 | 180.7s
Epoch 03 | 05400/06880 | loss 5.0059 | ppl 149.30 | lr 4.569117e-05 | 184.0s
Epoch 03 | 05500/06880 | loss 5.0043 | ppl 149.05 | lr 4.55724e-05 | 187.3s
Epoch 03 | 05600/06880 | loss 5.0029 | ppl 148.85 | lr 4.545455e-05 | 190.7s
Epoch 03 | 05700/06880 | loss 5.0016 | ppl 148.66 | lr 4.533761e-05 | 194.1s
Epoch 03 | 05800/06880 | loss 5.0003 | ppl 148.45 | lr 4.522156e-05 | 197.7s
Epoch 03 | 05900/06880 | loss 4.9988 | ppl 148.23 | lr 4.510641e-05 | 201.3s
Epoch 03 | 06000/06880 | loss 4.9975 | ppl 148.05 | lr 4.499213e-05 | 204.7s
Epoch 03 | 06100/06880 | loss 4.9963 | ppl 147.86 | lr 4.487871e-05 | 208.1s
Epoch 03 | 06200/06880 | loss 4.9950 | ppl 147.68 | lr 4.476615e-05 | 211.5s
Epoch 03 | 06300/06880 | loss 4.9940 | ppl 147.52 | lr 4.465443e-05 | 214.8s
Epoch 03 | 06400/06880 | loss 4.9926 | ppl 147.33 | lr 4.454354e-05 | 218.0s
Epoch 03 | 06500/06880 | loss 4.9911 | ppl 147.10 | lr 4.443347e-05 | 221.2s
Epoch 03 | 06600/06880 | loss 4.9899 | ppl 146.92 | lr 4.432422e-05 | 224.5s
Epoch 03 | 06700/06880 | loss 4.9888 | ppl 146.76 | lr 4.421577e-05 | 227.8s
Epoch 03 | 06800/06880 | loss 4.9876 | ppl 146.59 | lr 4.410811e-05 | 231.4s
Epoch 03 complete | train loss 4.9864 | dev loss 4.9294 | train BLEU 5.73 | dev BLEU 4.11 | 243.1s
Epoch 04 | 00100/06880 | loss 4.8758 | ppl 131.08 | lr 4.391629e-05 | 3.5s
Epoch 04 | 00200/06880 | loss 4.8637 | ppl 129.50 | lr 4.38108e-05 | 6.8s
Epoch 04 | 00300/06880 | loss 4.8609 | ppl 129.13 | lr 4.370606e-05 | 10.1s
Epoch 04 | 00400/06880 | loss 4.8602 | ppl 129.05 | lr 4.360207e-05 | 13.4s
Epoch 04 | 00500/06880 | loss 4.8612 | ppl 129.18 | lr 4.349882e-05 | 16.7s
Epoch 04 | 00600/06880 | loss 4.8607 | ppl 129.11 | lr 4.33963e-05 | 20.1s
Epoch 04 | 00700/06880 | loss 4.8590 | ppl 128.90 | lr 4.329451e-05 | 23.3s
Epoch 04 | 00800/06880 | loss 4.8613 | ppl 129.19 | lr 4.319342e-05 | 26.7s
Epoch 04 | 00900/06880 | loss 4.8593 | ppl 128.93 | lr 4.309304e-05 | 30.1s
Epoch 04 | 01000/06880 | loss 4.8575 | ppl 128.70 | lr 4.299336e-05 | 33.4s
Epoch 04 | 01100/06880 | loss 4.8562 | ppl 128.53 | lr 4.289436e-05 | 36.8s
Epoch 04 | 01200/06880 | loss 4.8550 | ppl 128.39 | lr 4.279605e-05 | 40.2s
Epoch 04 | 01300/06880 | loss 4.8542 | ppl 128.27 | lr 4.269841e-05 | 43.5s
Epoch 04 | 01400/06880 | loss 4.8532 | ppl 128.15 | lr 4.260143e-05 | 46.8s
Epoch 04 | 01500/06880 | loss 4.8534 | ppl 128.18 | lr 4.250511e-05 | 50.1s
Epoch 04 | 01600/06880 | loss 4.8524 | ppl 128.05 | lr 4.240945e-05 | 53.5s
Epoch 04 | 01700/06880 | loss 4.8512 | ppl 127.89 | lr 4.231442e-05 | 56.8s
Epoch 04 | 01800/06880 | loss 4.8509 | ppl 127.85 | lr 4.222003e-05 | 60.2s
Epoch 04 | 01900/06880 | loss 4.8490 | ppl 127.61 | lr 4.212627e-05 | 63.5s
Epoch 04 | 02000/06880 | loss 4.8470 | ppl 127.36 | lr 4.203314e-05 | 66.9s
Epoch 04 | 02100/06880 | loss 4.8458 | ppl 127.21 | lr 4.194061e-05 | 70.2s
Epoch 04 | 02200/06880 | loss 4.8456 | ppl 127.18 | lr 4.18487e-05 | 73.6s
Epoch 04 | 02300/06880 | loss 4.8448 | ppl 127.07 | lr 4.175738e-05 | 77.1s
Epoch 04 | 02400/06880 | loss 4.8443 | ppl 127.02 | lr 4.166667e-05 | 80.4s
Epoch 04 | 02500/06880 | loss 4.8434 | ppl 126.91 | lr 4.157654e-05 | 83.8s
Epoch 04 | 02600/06880 | loss 4.8428 | ppl 126.83 | lr 4.148699e-05 | 87.2s
Epoch 04 | 02700/06880 | loss 4.8421 | ppl 126.74 | lr 4.139802e-05 | 90.7s
Epoch 04 | 02800/06880 | loss 4.8411 | ppl 126.61 | lr 4.130962e-05 | 94.3s
Epoch 04 | 02900/06880 | loss 4.8404 | ppl 126.52 | lr 4.122178e-05 | 97.9s
Epoch 04 | 03000/06880 | loss 4.8400 | ppl 126.46 | lr 4.11345e-05 | 101.6s
Epoch 04 | 03100/06880 | loss 4.8396 | ppl 126.42 | lr 4.104778e-05 | 105.2s
Epoch 04 | 03200/06880 | loss 4.8391 | ppl 126.36 | lr 4.09616e-05 | 108.6s
Epoch 04 | 03300/06880 | loss 4.8382 | ppl 126.25 | lr 4.087596e-05 | 112.3s
Epoch 04 | 03400/06880 | loss 4.8376 | ppl 126.17 | lr 4.079085e-05 | 115.8s
Epoch 04 | 03500/06880 | loss 4.8371 | ppl 126.10 | lr 4.070628e-05 | 119.2s
Epoch 04 | 03600/06880 | loss 4.8364 | ppl 126.01 | lr 4.062222e-05 | 122.5s
Epoch 04 | 03700/06880 | loss 4.8360 | ppl 125.97 | lr 4.053869e-05 | 125.8s
Epoch 04 | 03800/06880 | loss 4.8356 | ppl 125.91 | lr 4.045567e-05 | 129.1s
Epoch 04 | 03900/06880 | loss 4.8345 | ppl 125.78 | lr 4.037316e-05 | 132.5s
Epoch 04 | 04000/06880 | loss 4.8336 | ppl 125.66 | lr 4.029115e-05 | 135.9s
Epoch 04 | 04100/06880 | loss 4.8336 | ppl 125.66 | lr 4.020964e-05 | 139.2s
Epoch 04 | 04200/06880 | loss 4.8327 | ppl 125.54 | lr 4.012862e-05 | 142.6s
Epoch 04 | 04300/06880 | loss 4.8318 | ppl 125.44 | lr 4.004809e-05 | 146.0s
Epoch 04 | 04400/06880 | loss 4.8307 | ppl 125.30 | lr 3.996804e-05 | 149.3s
Epoch 04 | 04500/06880 | loss 4.8302 | ppl 125.24 | lr 3.988847e-05 | 152.6s
Epoch 04 | 04600/06880 | loss 4.8293 | ppl 125.12 | lr 3.980937e-05 | 156.0s
Epoch 04 | 04700/06880 | loss 4.8284 | ppl 125.01 | lr 3.973074e-05 | 159.4s
Epoch 04 | 04800/06880 | loss 4.8274 | ppl 124.89 | lr 3.965258e-05 | 162.7s
Epoch 04 | 04900/06880 | loss 4.8269 | ppl 124.83 | lr 3.957487e-05 | 166.1s
Epoch 04 | 05000/06880 | loss 4.8261 | ppl 124.72 | lr 3.949763e-05 | 169.5s
Epoch 04 | 05100/06880 | loss 4.8254 | ppl 124.64 | lr 3.942083e-05 | 172.8s
Epoch 04 | 05200/06880 | loss 4.8247 | ppl 124.55 | lr 3.934447e-05 | 176.2s
Epoch 04 | 05300/06880 | loss 4.8241 | ppl 124.47 | lr 3.926856e-05 | 179.4s
Epoch 04 | 05400/06880 | loss 4.8235 | ppl 124.40 | lr 3.919309e-05 | 182.8s
Epoch 04 | 05500/06880 | loss 4.8226 | ppl 124.28 | lr 3.911805e-05 | 186.2s
Epoch 04 | 05600/06880 | loss 4.8217 | ppl 124.18 | lr 3.904344e-05 | 189.5s
Epoch 04 | 05700/06880 | loss 4.8210 | ppl 124.09 | lr 3.896926e-05 | 192.9s
Epoch 04 | 05800/06880 | loss 4.8206 | ppl 124.04 | lr 3.889549e-05 | 196.3s
Epoch 04 | 05900/06880 | loss 4.8199 | ppl 123.96 | lr 3.882215e-05 | 199.8s
Epoch 04 | 06000/06880 | loss 4.8193 | ppl 123.88 | lr 3.874921e-05 | 203.4s
Epoch 04 | 06100/06880 | loss 4.8190 | ppl 123.85 | lr 3.867669e-05 | 206.8s
Epoch 04 | 06200/06880 | loss 4.8185 | ppl 123.78 | lr 3.860457e-05 | 210.1s
Epoch 04 | 06300/06880 | loss 4.8179 | ppl 123.70 | lr 3.853286e-05 | 213.5s
Epoch 04 | 06400/06880 | loss 4.8172 | ppl 123.61 | lr 3.846154e-05 | 216.8s
Epoch 04 | 06500/06880 | loss 4.8165 | ppl 123.53 | lr 3.839062e-05 | 220.4s
Epoch 04 | 06600/06880 | loss 4.8156 | ppl 123.42 | lr 3.832008e-05 | 223.8s
Epoch 04 | 06700/06880 | loss 4.8148 | ppl 123.32 | lr 3.824994e-05 | 227.6s
Epoch 04 | 06800/06880 | loss 4.8139 | ppl 123.21 | lr 3.818018e-05 | 231.3s
Epoch 04 complete | train loss 4.8134 | dev loss 4.7915 | train BLEU 6.15 | dev BLEU 4.56 | 242.4s
Epoch 05 | 00100/06880 | loss 4.7304 | ppl 113.34 | lr 3.805556e-05 | 3.4s
Epoch 05 | 00200/06880 | loss 4.7280 | ppl 113.07 | lr 3.798686e-05 | 6.7s
Epoch 05 | 00300/06880 | loss 4.7292 | ppl 113.21 | lr 3.791852e-05 | 10.0s
Epoch 05 | 00400/06880 | loss 4.7341 | ppl 113.76 | lr 3.785056e-05 | 13.4s
Epoch 05 | 00500/06880 | loss 4.7329 | ppl 113.63 | lr 3.778296e-05 | 16.9s
Epoch 05 | 00600/06880 | loss 4.7312 | ppl 113.43 | lr 3.771571e-05 | 20.3s
Epoch 05 | 00700/06880 | loss 4.7305 | ppl 113.36 | lr 3.764883e-05 | 23.7s
Epoch 05 | 00800/06880 | loss 4.7306 | ppl 113.37 | lr 3.75823e-05 | 26.9s
Epoch 05 | 00900/06880 | loss 4.7318 | ppl 113.50 | lr 3.751612e-05 | 30.3s
Epoch 05 | 01000/06880 | loss 4.7309 | ppl 113.40 | lr 3.745029e-05 | 33.8s
Epoch 05 | 01100/06880 | loss 4.7324 | ppl 113.57 | lr 3.738481e-05 | 37.4s
Epoch 05 | 01200/06880 | loss 4.7334 | ppl 113.69 | lr 3.731967e-05 | 40.9s
Epoch 05 | 01300/06880 | loss 4.7329 | ppl 113.62 | lr 3.725487e-05 | 44.2s
Epoch 05 | 01400/06880 | loss 4.7314 | ppl 113.46 | lr 3.71904e-05 | 47.5s
Epoch 05 | 01500/06880 | loss 4.7302 | ppl 113.32 | lr 3.712627e-05 | 50.7s
Epoch 05 | 01600/06880 | loss 4.7295 | ppl 113.24 | lr 3.706247e-05 | 54.1s
Epoch 05 | 01700/06880 | loss 4.7292 | ppl 113.20 | lr 3.699899e-05 | 57.4s
Epoch 05 | 01800/06880 | loss 4.7283 | ppl 113.11 | lr 3.693584e-05 | 61.0s
Epoch 05 | 01900/06880 | loss 4.7275 | ppl 113.02 | lr 3.687302e-05 | 64.5s
Epoch 05 | 02000/06880 | loss 4.7277 | ppl 113.04 | lr 3.681051e-05 | 68.1s
Epoch 05 | 02100/06880 | loss 4.7264 | ppl 112.89 | lr 3.674832e-05 | 71.7s
Epoch 05 | 02200/06880 | loss 4.7264 | ppl 112.89 | lr 3.668644e-05 | 75.3s
Epoch 05 | 02300/06880 | loss 4.7254 | ppl 112.78 | lr 3.662488e-05 | 78.9s
Epoch 05 | 02400/06880 | loss 4.7241 | ppl 112.63 | lr 3.656362e-05 | 82.3s
Epoch 05 | 02500/06880 | loss 4.7243 | ppl 112.65 | lr 3.650267e-05 | 85.7s
Epoch 05 | 02600/06880 | loss 4.7242 | ppl 112.64 | lr 3.644203e-05 | 89.3s
Epoch 05 | 02700/06880 | loss 4.7236 | ppl 112.57 | lr 3.638168e-05 | 92.9s
Epoch 05 | 02800/06880 | loss 4.7240 | ppl 112.62 | lr 3.632164e-05 | 96.4s
Epoch 05 | 02900/06880 | loss 4.7236 | ppl 112.57 | lr 3.626189e-05 | 99.7s
Epoch 05 | 03000/06880 | loss 4.7232 | ppl 112.53 | lr 3.620243e-05 | 103.0s
Epoch 05 | 03100/06880 | loss 4.7226 | ppl 112.46 | lr 3.614327e-05 | 106.3s
Epoch 05 | 03200/06880 | loss 4.7226 | ppl 112.46 | lr 3.608439e-05 | 109.5s
Epoch 05 | 03300/06880 | loss 4.7217 | ppl 112.36 | lr 3.60258e-05 | 112.9s
Epoch 05 | 03400/06880 | loss 4.7217 | ppl 112.36 | lr 3.59675e-05 | 116.3s
Epoch 05 | 03500/06880 | loss 4.7210 | ppl 112.29 | lr 3.590948e-05 | 119.6s
Epoch 05 | 03600/06880 | loss 4.7205 | ppl 112.22 | lr 3.585174e-05 | 123.0s
Epoch 05 | 03700/06880 | loss 4.7200 | ppl 112.17 | lr 3.579427e-05 | 126.4s
Epoch 05 | 03800/06880 | loss 4.7200 | ppl 112.16 | lr 3.573708e-05 | 130.0s
Epoch 05 | 03900/06880 | loss 4.7192 | ppl 112.08 | lr 3.568017e-05 | 133.6s
Epoch 05 | 04000/06880 | loss 4.7190 | ppl 112.06 | lr 3.562352e-05 | 137.0s
Epoch 05 | 04100/06880 | loss 4.7187 | ppl 112.03 | lr 3.556715e-05 | 140.4s
Epoch 05 | 04200/06880 | loss 4.7181 | ppl 111.95 | lr 3.551104e-05 | 143.9s
Epoch 05 | 04300/06880 | loss 4.7178 | ppl 111.92 | lr 3.54552e-05 | 147.3s
Epoch 05 | 04400/06880 | loss 4.7172 | ppl 111.85 | lr 3.539962e-05 | 150.7s
Epoch 05 | 04500/06880 | loss 4.7167 | ppl 111.80 | lr 3.53443e-05 | 154.0s
Epoch 05 | 04600/06880 | loss 4.7164 | ppl 111.76 | lr 3.528923e-05 | 157.4s
Epoch 05 | 04700/06880 | loss 4.7159 | ppl 111.71 | lr 3.523443e-05 | 160.8s
Epoch 05 | 04800/06880 | loss 4.7155 | ppl 111.66 | lr 3.517988e-05 | 164.2s
Epoch 05 | 04900/06880 | loss 4.7150 | ppl 111.61 | lr 3.512558e-05 | 167.7s
Epoch 05 | 05000/06880 | loss 4.7145 | ppl 111.56 | lr 3.507153e-05 | 171.1s
Epoch 05 | 05100/06880 | loss 4.7139 | ppl 111.48 | lr 3.501773e-05 | 174.4s
Epoch 05 | 05200/06880 | loss 4.7131 | ppl 111.39 | lr 3.496418e-05 | 177.7s
Epoch 05 | 05300/06880 | loss 4.7126 | ppl 111.34 | lr 3.491087e-05 | 181.1s
Epoch 05 | 05400/06880 | loss 4.7124 | ppl 111.32 | lr 3.485781e-05 | 184.4s
Epoch 05 | 05500/06880 | loss 4.7116 | ppl 111.24 | lr 3.480499e-05 | 187.8s
Epoch 05 | 05600/06880 | loss 4.7111 | ppl 111.17 | lr 3.47524e-05 | 191.2s
Epoch 05 | 05700/06880 | loss 4.7113 | ppl 111.19 | lr 3.470006e-05 | 194.5s
Epoch 05 | 05800/06880 | loss 4.7111 | ppl 111.17 | lr 3.464795e-05 | 197.9s
Epoch 05 | 05900/06880 | loss 4.7108 | ppl 111.14 | lr 3.459607e-05 | 201.1s
Epoch 05 | 06000/06880 | loss 4.7101 | ppl 111.07 | lr 3.454443e-05 | 204.3s
Epoch 05 | 06100/06880 | loss 4.7099 | ppl 111.04 | lr 3.449301e-05 | 207.6s
Epoch 05 | 06200/06880 | loss 4.7093 | ppl 110.98 | lr 3.444183e-05 | 210.9s
Epoch 05 | 06300/06880 | loss 4.7087 | ppl 110.91 | lr 3.439087e-05 | 214.2s
Epoch 05 | 06400/06880 | loss 4.7083 | ppl 110.87 | lr 3.434014e-05 | 217.6s
Epoch 05 | 06500/06880 | loss 4.7080 | ppl 110.83 | lr 3.428963e-05 | 220.8s
Epoch 05 | 06600/06880 | loss 4.7075 | ppl 110.77 | lr 3.423935e-05 | 224.3s
Epoch 05 | 06700/06880 | loss 4.7070 | ppl 110.72 | lr 3.418928e-05 | 227.8s
Epoch 05 | 06800/06880 | loss 4.7066 | ppl 110.67 | lr 3.413944e-05 | 231.5s
Epoch 05 complete | train loss 4.7064 | dev loss 4.7020 | train BLEU 7.06 | dev BLEU 5.22 | 243.6s
Epoch 06 | 00100/06880 | loss 4.6699 | ppl 106.69 | lr 3.405026e-05 | 3.7s
Epoch 06 | 00200/06880 | loss 4.6545 | ppl 105.06 | lr 3.400102e-05 | 7.4s
Epoch 06 | 00300/06880 | loss 4.6584 | ppl 105.46 | lr 3.395199e-05 | 11.0s
Epoch 06 | 00400/06880 | loss 4.6537 | ppl 104.97 | lr 3.390318e-05 | 14.5s
Epoch 06 | 00500/06880 | loss 4.6511 | ppl 104.70 | lr 3.385457e-05 | 17.9s
Epoch 06 | 00600/06880 | loss 4.6498 | ppl 104.56 | lr 3.380617e-05 | 21.3s
Epoch 06 | 00700/06880 | loss 4.6489 | ppl 104.47 | lr 3.375798e-05 | 24.6s
Epoch 06 | 00800/06880 | loss 4.6489 | ppl 104.47 | lr 3.370999e-05 | 27.9s
Epoch 06 | 00900/06880 | loss 4.6492 | ppl 104.51 | lr 3.366221e-05 | 31.2s
Epoch 06 | 01000/06880 | loss 4.6481 | ppl 104.39 | lr 3.361463e-05 | 34.6s
Epoch 06 | 01100/06880 | loss 4.6486 | ppl 104.44 | lr 3.356725e-05 | 37.9s
Epoch 06 | 01200/06880 | loss 4.6493 | ppl 104.52 | lr 3.352008e-05 | 41.3s
Epoch 06 | 01300/06880 | loss 4.6493 | ppl 104.51 | lr 3.34731e-05 | 44.6s
Epoch 06 | 01400/06880 | loss 4.6493 | ppl 104.51 | lr 3.342631e-05 | 48.0s
Epoch 06 | 01500/06880 | loss 4.6485 | ppl 104.43 | lr 3.337973e-05 | 51.4s
Epoch 06 | 01600/06880 | loss 4.6480 | ppl 104.38 | lr 3.333333e-05 | 54.7s
Epoch 06 | 01700/06880 | loss 4.6479 | ppl 104.37 | lr 3.328713e-05 | 58.0s
Epoch 06 | 01800/06880 | loss 4.6476 | ppl 104.33 | lr 3.324112e-05 | 61.3s
Epoch 06 | 01900/06880 | loss 4.6475 | ppl 104.33 | lr 3.319531e-05 | 64.6s
Epoch 06 | 02000/06880 | loss 4.6476 | ppl 104.33 | lr 3.314968e-05 | 68.1s
Epoch 06 | 02100/06880 | loss 4.6473 | ppl 104.30 | lr 3.310424e-05 | 71.7s
Epoch 06 | 02200/06880 | loss 4.6461 | ppl 104.18 | lr 3.305898e-05 | 75.3s
Epoch 06 | 02300/06880 | loss 4.6460 | ppl 104.17 | lr 3.301391e-05 | 78.9s
Epoch 06 | 02400/06880 | loss 4.6456 | ppl 104.13 | lr 3.296902e-05 | 82.5s
Epoch 06 | 02500/06880 | loss 4.6454 | ppl 104.10 | lr 3.292432e-05 | 85.9s
Epoch 06 | 02600/06880 | loss 4.6452 | ppl 104.09 | lr 3.28798e-05 | 89.2s
Epoch 06 | 02700/06880 | loss 4.6450 | ppl 104.06 | lr 3.283546e-05 | 92.6s
Epoch 06 | 02800/06880 | loss 4.6445 | ppl 104.01 | lr 3.279129e-05 | 96.0s
Epoch 06 | 02900/06880 | loss 4.6441 | ppl 103.97 | lr 3.274731e-05 | 99.3s
Epoch 06 | 03000/06880 | loss 4.6437 | ppl 103.92 | lr 3.27035e-05 | 102.7s
Epoch 06 | 03100/06880 | loss 4.6429 | ppl 103.85 | lr 3.265986e-05 | 106.0s
Epoch 06 | 03200/06880 | loss 4.6425 | ppl 103.81 | lr 3.26164e-05 | 109.4s
Epoch 06 | 03300/06880 | loss 4.6423 | ppl 103.78 | lr 3.257312e-05 | 112.8s
Epoch 06 | 03400/06880 | loss 4.6420 | ppl 103.75 | lr 3.253e-05 | 116.1s
Epoch 06 | 03500/06880 | loss 4.6416 | ppl 103.71 | lr 3.248706e-05 | 119.5s
Epoch 06 | 03600/06880 | loss 4.6409 | ppl 103.64 | lr 3.244428e-05 | 122.8s
Epoch 06 | 03700/06880 | loss 4.6408 | ppl 103.63 | lr 3.240168e-05 | 126.1s
Epoch 06 | 03800/06880 | loss 4.6406 | ppl 103.61 | lr 3.235924e-05 | 129.6s
Epoch 06 | 03900/06880 | loss 4.6405 | ppl 103.60 | lr 3.231697e-05 | 132.9s
Epoch 06 | 04000/06880 | loss 4.6403 | ppl 103.57 | lr 3.227486e-05 | 136.2s
Epoch 06 | 04100/06880 | loss 4.6396 | ppl 103.51 | lr 3.223292e-05 | 139.5s
Epoch 06 | 04200/06880 | loss 4.6392 | ppl 103.46 | lr 3.219114e-05 | 142.9s
Epoch 06 | 04300/06880 | loss 4.6389 | ppl 103.43 | lr 3.214952e-05 | 146.3s
Epoch 06 | 04400/06880 | loss 4.6391 | ppl 103.45 | lr 3.210806e-05 | 149.7s
Epoch 06 | 04500/06880 | loss 4.6388 | ppl 103.42 | lr 3.206677e-05 | 153.3s
Epoch 06 | 04600/06880 | loss 4.6383 | ppl 103.37 | lr 3.202563e-05 | 156.7s
Epoch 06 | 04700/06880 | loss 4.6379 | ppl 103.32 | lr 3.198465e-05 | 160.0s
Epoch 06 | 04800/06880 | loss 4.6378 | ppl 103.32 | lr 3.194383e-05 | 163.3s
Epoch 06 | 04900/06880 | loss 4.6375 | ppl 103.29 | lr 3.190316e-05 | 166.5s
Epoch 06 | 05000/06880 | loss 4.6372 | ppl 103.26 | lr 3.186265e-05 | 169.9s
Epoch 06 | 05100/06880 | loss 4.6366 | ppl 103.20 | lr 3.182229e-05 | 173.2s
Epoch 06 | 05200/06880 | loss 4.6369 | ppl 103.23 | lr 3.178209e-05 | 176.5s
Epoch 06 | 05300/06880 | loss 4.6365 | ppl 103.18 | lr 3.174203e-05 | 179.9s
Epoch 06 | 05400/06880 | loss 4.6365 | ppl 103.18 | lr 3.170213e-05 | 183.3s
Epoch 06 | 05500/06880 | loss 4.6362 | ppl 103.16 | lr 3.166238e-05 | 186.6s
Epoch 06 | 05600/06880 | loss 4.6361 | ppl 103.14 | lr 3.162278e-05 | 190.0s
Epoch 06 | 05700/06880 | loss 4.6362 | ppl 103.15 | lr 3.158332e-05 | 193.3s
Epoch 06 | 05800/06880 | loss 4.6359 | ppl 103.12 | lr 3.154401e-05 | 196.7s
Epoch 06 | 05900/06880 | loss 4.6353 | ppl 103.05 | lr 3.150485e-05 | 200.0s
Epoch 06 | 06000/06880 | loss 4.6349 | ppl 103.02 | lr 3.146584e-05 | 203.3s
Epoch 06 | 06100/06880 | loss 4.6344 | ppl 102.97 | lr 3.142697e-05 | 206.7s
Epoch 06 | 06200/06880 | loss 4.6340 | ppl 102.92 | lr 3.138824e-05 | 210.1s
Epoch 06 | 06300/06880 | loss 4.6341 | ppl 102.93 | lr 3.134966e-05 | 213.5s
Epoch 06 | 06400/06880 | loss 4.6342 | ppl 102.95 | lr 3.131121e-05 | 217.1s
Epoch 06 | 06500/06880 | loss 4.6341 | ppl 102.94 | lr 3.127291e-05 | 220.6s
Epoch 06 | 06600/06880 | loss 4.6336 | ppl 102.88 | lr 3.123475e-05 | 224.0s
Epoch 06 | 06700/06880 | loss 4.6331 | ppl 102.83 | lr 3.119673e-05 | 227.3s
Epoch 06 | 06800/06880 | loss 4.6327 | ppl 102.79 | lr 3.115885e-05 | 230.6s
Epoch 06 complete | train loss 4.6325 | dev loss 4.6392 | train BLEU 7.68 | dev BLEU 5.59 | 241.5s
Epoch 07 | 00100/06880 | loss 4.5859 | ppl 98.09 | lr 3.1091e-05 | 3.4s
Epoch 07 | 00200/06880 | loss 4.5783 | ppl 97.35 | lr 3.10535e-05 | 6.6s
Epoch 07 | 00300/06880 | loss 4.5812 | ppl 97.63 | lr 3.101614e-05 | 9.9s
Epoch 07 | 00400/06880 | loss 4.5825 | ppl 97.76 | lr 3.097891e-05 | 13.3s
Epoch 07 | 00500/06880 | loss 4.5843 | ppl 97.93 | lr 3.094181e-05 | 16.7s
Epoch 07 | 00600/06880 | loss 4.5870 | ppl 98.20 | lr 3.090485e-05 | 20.0s
Epoch 07 | 00700/06880 | loss 4.5869 | ppl 98.19 | lr 3.086802e-05 | 23.4s
Epoch 07 | 00800/06880 | loss 4.5855 | ppl 98.05 | lr 3.083132e-05 | 26.8s
Epoch 07 | 00900/06880 | loss 4.5862 | ppl 98.12 | lr 3.079475e-05 | 30.0s
Epoch 07 | 01000/06880 | loss 4.5863 | ppl 98.13 | lr 3.075831e-05 | 33.4s
Epoch 07 | 01100/06880 | loss 4.5857 | ppl 98.07 | lr 3.0722e-05 | 36.8s
Epoch 07 | 01200/06880 | loss 4.5855 | ppl 98.05 | lr 3.068582e-05 | 40.4s
Epoch 07 | 01300/06880 | loss 4.5853 | ppl 98.03 | lr 3.064977e-05 | 44.0s
Epoch 07 | 01400/06880 | loss 4.5868 | ppl 98.18 | lr 3.061384e-05 | 47.4s
Epoch 07 | 01500/06880 | loss 4.5864 | ppl 98.14 | lr 3.057804e-05 | 51.0s
Epoch 07 | 01600/06880 | loss 4.5861 | ppl 98.11 | lr 3.054236e-05 | 54.5s
Epoch 07 | 01700/06880 | loss 4.5854 | ppl 98.05 | lr 3.050681e-05 | 58.1s
Epoch 07 | 01800/06880 | loss 4.5856 | ppl 98.06 | lr 3.047138e-05 | 61.7s
Epoch 07 | 01900/06880 | loss 4.5862 | ppl 98.12 | lr 3.043608e-05 | 65.4s
Epoch 07 | 02000/06880 | loss 4.5868 | ppl 98.18 | lr 3.04009e-05 | 69.1s
Epoch 07 | 02100/06880 | loss 4.5864 | ppl 98.14 | lr 3.036583e-05 | 72.9s
Epoch 07 | 02200/06880 | loss 4.5859 | ppl 98.09 | lr 3.03309e-05 | 76.6s
Epoch 07 | 02300/06880 | loss 4.5855 | ppl 98.05 | lr 3.029608e-05 | 80.2s
Epoch 07 | 02400/06880 | loss 4.5858 | ppl 98.08 | lr 3.026138e-05 | 83.6s
Epoch 07 | 02500/06880 | loss 4.5858 | ppl 98.08 | lr 3.02268e-05 | 86.9s
Epoch 07 | 02600/06880 | loss 4.5868 | ppl 98.18 | lr 3.019233e-05 | 90.1s
Epoch 07 | 02700/06880 | loss 4.5871 | ppl 98.21 | lr 3.015799e-05 | 93.4s
Epoch 07 | 02800/06880 | loss 4.5878 | ppl 98.27 | lr 3.012376e-05 | 96.7s
Epoch 07 | 02900/06880 | loss 4.5877 | ppl 98.27 | lr 3.008965e-05 | 100.3s
Epoch 07 | 03000/06880 | loss 4.5879 | ppl 98.29 | lr 3.005565e-05 | 103.9s
Epoch 07 | 03100/06880 | loss 4.5877 | ppl 98.27 | lr 3.002177e-05 | 107.5s
Epoch 07 | 03200/06880 | loss 4.5880 | ppl 98.30 | lr 2.998801e-05 | 111.2s
Epoch 07 | 03300/06880 | loss 4.5875 | ppl 98.25 | lr 2.995435e-05 | 114.7s
Epoch 07 | 03400/06880 | loss 4.5878 | ppl 98.28 | lr 2.992081e-05 | 118.2s
Epoch 07 | 03500/06880 | loss 4.5873 | ppl 98.23 | lr 2.988739e-05 | 121.8s
Epoch 07 | 03600/06880 | loss 4.5872 | ppl 98.22 | lr 2.985407e-05 | 125.4s
Epoch 07 | 03700/06880 | loss 4.5871 | ppl 98.21 | lr 2.982087e-05 | 129.1s
Epoch 07 | 03800/06880 | loss 4.5867 | ppl 98.17 | lr 2.978777e-05 | 132.8s
Epoch 07 | 03900/06880 | loss 4.5867 | ppl 98.17 | lr 2.975479e-05 | 136.2s
Epoch 07 | 04000/06880 | loss 4.5863 | ppl 98.13 | lr 2.972191e-05 | 139.6s
Epoch 07 | 04100/06880 | loss 4.5860 | ppl 98.10 | lr 2.968915e-05 | 143.1s
Epoch 07 | 04200/06880 | loss 4.5861 | ppl 98.11 | lr 2.965649e-05 | 146.4s
Epoch 07 | 04300/06880 | loss 4.5855 | ppl 98.05 | lr 2.962394e-05 | 149.8s
Epoch 07 | 04400/06880 | loss 4.5853 | ppl 98.03 | lr 2.95915e-05 | 153.1s
Epoch 07 | 04500/06880 | loss 4.5853 | ppl 98.03 | lr 2.955916e-05 | 156.3s
Epoch 07 | 04600/06880 | loss 4.5851 | ppl 98.01 | lr 2.952693e-05 | 159.7s
Epoch 07 | 04700/06880 | loss 4.5851 | ppl 98.01 | lr 2.94948e-05 | 163.0s
Epoch 07 | 04800/06880 | loss 4.5849 | ppl 97.99 | lr 2.946278e-05 | 166.4s
Epoch 07 | 04900/06880 | loss 4.5846 | ppl 97.96 | lr 2.943087e-05 | 169.7s
Epoch 07 | 05000/06880 | loss 4.5841 | ppl 97.91 | lr 2.939905e-05 | 173.1s
Epoch 07 | 05100/06880 | loss 4.5837 | ppl 97.88 | lr 2.936734e-05 | 176.5s
Epoch 07 | 05200/06880 | loss 4.5835 | ppl 97.85 | lr 2.933573e-05 | 179.8s
Epoch 07 | 05300/06880 | loss 4.5833 | ppl 97.84 | lr 2.930423e-05 | 183.2s
Epoch 07 | 05400/06880 | loss 4.5832 | ppl 97.83 | lr 2.927282e-05 | 186.7s
Epoch 07 | 05500/06880 | loss 4.5830 | ppl 97.81 | lr 2.924152e-05 | 190.3s
Epoch 07 | 05600/06880 | loss 4.5827 | ppl 97.78 | lr 2.921031e-05 | 193.9s
Epoch 07 | 05700/06880 | loss 4.5826 | ppl 97.77 | lr 2.917921e-05 | 197.4s
Epoch 07 | 05800/06880 | loss 4.5824 | ppl 97.75 | lr 2.91482e-05 | 201.0s
Epoch 07 | 05900/06880 | loss 4.5824 | ppl 97.74 | lr 2.91173e-05 | 204.6s
Epoch 07 | 06000/06880 | loss 4.5820 | ppl 97.71 | lr 2.908649e-05 | 208.2s
Epoch 07 | 06100/06880 | loss 4.5816 | ppl 97.67 | lr 2.905578e-05 | 211.8s
Epoch 07 | 06200/06880 | loss 4.5813 | ppl 97.64 | lr 2.902516e-05 | 215.1s
Epoch 07 | 06300/06880 | loss 4.5813 | ppl 97.64 | lr 2.899464e-05 | 218.5s
Epoch 07 | 06400/06880 | loss 4.5809 | ppl 97.61 | lr 2.896422e-05 | 221.9s
Epoch 07 | 06500/06880 | loss 4.5806 | ppl 97.57 | lr 2.89339e-05 | 225.2s
Epoch 07 | 06600/06880 | loss 4.5804 | ppl 97.55 | lr 2.890367e-05 | 228.7s
Epoch 07 | 06700/06880 | loss 4.5802 | ppl 97.54 | lr 2.887353e-05 | 232.1s
Epoch 07 | 06800/06880 | loss 4.5799 | ppl 97.50 | lr 2.884349e-05 | 235.5s
Epoch 07 complete | train loss 4.5798 | dev loss 4.5972 | train BLEU 8.00 | dev BLEU 5.78 | 246.7s
Epoch 08 | 00100/06880 | loss 4.5209 | ppl 91.92 | lr 2.878965e-05 | 3.4s
Epoch 08 | 00200/06880 | loss 4.5360 | ppl 93.32 | lr 2.875987e-05 | 6.8s
Epoch 08 | 00300/06880 | loss 4.5328 | ppl 93.02 | lr 2.873018e-05 | 10.1s
Epoch 08 | 00400/06880 | loss 4.5314 | ppl 92.89 | lr 2.870058e-05 | 13.6s
Epoch 08 | 00500/06880 | loss 4.5319 | ppl 92.93 | lr 2.867107e-05 | 17.3s
Epoch 08 | 00600/06880 | loss 4.5325 | ppl 92.99 | lr 2.864166e-05 | 20.8s
Epoch 08 | 00700/06880 | loss 4.5341 | ppl 93.14 | lr 2.861233e-05 | 24.2s
Epoch 08 | 00800/06880 | loss 4.5331 | ppl 93.05 | lr 2.85831e-05 | 27.5s
Epoch 08 | 00900/06880 | loss 4.5325 | ppl 92.99 | lr 2.855395e-05 | 31.1s
Epoch 08 | 01000/06880 | loss 4.5349 | ppl 93.22 | lr 2.85249e-05 | 34.7s
Epoch 08 | 01100/06880 | loss 4.5356 | ppl 93.28 | lr 2.849593e-05 | 38.2s
Epoch 08 | 01200/06880 | loss 4.5363 | ppl 93.34 | lr 2.846705e-05 | 41.8s
Epoch 08 | 01300/06880 | loss 4.5378 | ppl 93.49 | lr 2.843825e-05 | 45.1s
Epoch 08 | 01400/06880 | loss 4.5376 | ppl 93.46 | lr 2.840955e-05 | 48.6s
Epoch 08 | 01500/06880 | loss 4.5372 | ppl 93.43 | lr 2.838093e-05 | 51.9s
Epoch 08 | 01600/06880 | loss 4.5378 | ppl 93.49 | lr 2.83524e-05 | 55.3s
Epoch 08 | 01700/06880 | loss 4.5381 | ppl 93.51 | lr 2.832395e-05 | 59.0s
Epoch 08 | 01800/06880 | loss 4.5380 | ppl 93.50 | lr 2.829559e-05 | 62.6s
Epoch 08 | 01900/06880 | loss 4.5388 | ppl 93.58 | lr 2.826732e-05 | 66.1s
Epoch 08 | 02000/06880 | loss 4.5398 | ppl 93.67 | lr 2.823912e-05 | 69.8s
Epoch 08 | 02100/06880 | loss 4.5403 | ppl 93.72 | lr 2.821102e-05 | 73.5s
Epoch 08 | 02200/06880 | loss 4.5410 | ppl 93.78 | lr 2.818299e-05 | 77.1s
Epoch 08 | 02300/06880 | loss 4.5409 | ppl 93.78 | lr 2.815505e-05 | 80.7s
Epoch 08 | 02400/06880 | loss 4.5418 | ppl 93.86 | lr 2.81272e-05 | 84.3s
Epoch 08 | 02500/06880 | loss 4.5417 | ppl 93.85 | lr 2.809942e-05 | 88.0s
Epoch 08 | 02600/06880 | loss 4.5416 | ppl 93.84 | lr 2.807173e-05 | 91.6s
Epoch 08 | 02700/06880 | loss 4.5426 | ppl 93.93 | lr 2.804412e-05 | 95.2s
Epoch 08 | 02800/06880 | loss 4.5427 | ppl 93.94 | lr 2.801659e-05 | 98.7s
Epoch 08 | 02900/06880 | loss 4.5424 | ppl 93.92 | lr 2.798914e-05 | 102.0s
Epoch 08 | 03000/06880 | loss 4.5422 | ppl 93.90 | lr 2.796177e-05 | 105.3s
Epoch 08 | 03100/06880 | loss 4.5416 | ppl 93.84 | lr 2.793449e-05 | 108.8s
Epoch 08 | 03200/06880 | loss 4.5416 | ppl 93.84 | lr 2.790728e-05 | 112.0s
Epoch 08 | 03300/06880 | loss 4.5414 | ppl 93.83 | lr 2.788015e-05 | 115.6s
Epoch 08 | 03400/06880 | loss 4.5413 | ppl 93.81 | lr 2.78531e-05 | 119.2s
Epoch 08 | 03500/06880 | loss 4.5414 | ppl 93.82 | lr 2.782613e-05 | 122.7s
Epoch 08 | 03600/06880 | loss 4.5412 | ppl 93.81 | lr 2.779924e-05 | 126.2s
Epoch 08 | 03700/06880 | loss 4.5412 | ppl 93.80 | lr 2.777242e-05 | 129.5s
Epoch 08 | 03800/06880 | loss 4.5411 | ppl 93.80 | lr 2.774568e-05 | 132.8s
Epoch 08 | 03900/06880 | loss 4.5410 | ppl 93.79 | lr 2.771902e-05 | 136.2s
Epoch 08 | 04000/06880 | loss 4.5412 | ppl 93.80 | lr 2.769244e-05 | 139.6s
Epoch 08 | 04100/06880 | loss 4.5412 | ppl 93.80 | lr 2.766593e-05 | 142.9s
Epoch 08 | 04200/06880 | loss 4.5414 | ppl 93.83 | lr 2.76395e-05 | 146.3s
Epoch 08 | 04300/06880 | loss 4.5415 | ppl 93.83 | lr 2.761314e-05 | 150.0s
Epoch 08 | 04400/06880 | loss 4.5410 | ppl 93.78 | lr 2.758686e-05 | 153.6s
Epoch 08 | 04500/06880 | loss 4.5407 | ppl 93.76 | lr 2.756066e-05 | 157.3s
Epoch 08 | 04600/06880 | loss 4.5407 | ppl 93.75 | lr 2.753453e-05 | 160.8s
Epoch 08 | 04700/06880 | loss 4.5406 | ppl 93.75 | lr 2.750847e-05 | 164.4s
Epoch 08 | 04800/06880 | loss 4.5404 | ppl 93.73 | lr 2.748249e-05 | 168.0s
Epoch 08 | 04900/06880 | loss 4.5401 | ppl 93.70 | lr 2.745658e-05 | 171.4s
Epoch 08 | 05000/06880 | loss 4.5405 | ppl 93.73 | lr 2.743074e-05 | 174.8s
Epoch 08 | 05100/06880 | loss 4.5399 | ppl 93.68 | lr 2.740498e-05 | 178.1s
Epoch 08 | 05200/06880 | loss 4.5397 | ppl 93.67 | lr 2.737928e-05 | 181.5s
Epoch 08 | 05300/06880 | loss 4.5398 | ppl 93.67 | lr 2.735366e-05 | 184.9s
Epoch 08 | 05400/06880 | loss 4.5400 | ppl 93.70 | lr 2.732812e-05 | 188.3s
Epoch 08 | 05500/06880 | loss 4.5401 | ppl 93.70 | lr 2.730264e-05 | 191.7s
Epoch 08 | 05600/06880 | loss 4.5402 | ppl 93.71 | lr 2.727724e-05 | 195.2s
Epoch 08 | 05700/06880 | loss 4.5406 | ppl 93.75 | lr 2.72519e-05 | 198.7s
Epoch 08 | 05800/06880 | loss 4.5404 | ppl 93.73 | lr 2.722664e-05 | 202.3s
Epoch 08 | 05900/06880 | loss 4.5402 | ppl 93.71 | lr 2.720144e-05 | 205.9s
Epoch 08 | 06000/06880 | loss 4.5402 | ppl 93.71 | lr 2.717632e-05 | 209.2s
Epoch 08 | 06100/06880 | loss 4.5402 | ppl 93.71 | lr 2.715127e-05 | 212.6s
Epoch 08 | 06200/06880 | loss 4.5403 | ppl 93.72 | lr 2.712628e-05 | 216.0s
Epoch 08 | 06300/06880 | loss 4.5404 | ppl 93.73 | lr 2.710137e-05 | 219.4s
Epoch 08 | 06400/06880 | loss 4.5404 | ppl 93.72 | lr 2.707652e-05 | 222.7s
Epoch 08 | 06500/06880 | loss 4.5404 | ppl 93.73 | lr 2.705174e-05 | 226.3s
Epoch 08 | 06600/06880 | loss 4.5404 | ppl 93.73 | lr 2.702703e-05 | 229.8s
Epoch 08 | 06700/06880 | loss 4.5406 | ppl 93.75 | lr 2.700238e-05 | 233.3s
Epoch 08 | 06800/06880 | loss 4.5405 | ppl 93.74 | lr 2.697781e-05 | 236.8s
Epoch 08 complete | train loss 4.5402 | dev loss 4.5602 | train BLEU 8.60 | dev BLEU 6.09 | 248.4s
{
  "best_epoch": 8,
  "best_dev_bleu": 6.094133363832175,
  "best_dev_loss": 4.560162520530975,
  "best_model": "/data/student/i2311021/projects/100-swing-drill/chapter_10_2020/models/97_tuning/bs64_lr1em04_adam/best_model.pt",
  "batch_size": 64,
  "learning_rate": 0.0001,
  "optimizer": "adam"
}

========================================================================
Trial: bs64_lr1em04_radam
========================================================================
GPU: NVIDIA RTX PRO 6000 Blackwell Max-Q Workstation Edition
Train: 440,286, Dev: 1,166
Epoch 01 | 00100/06880 | loss 9.6808 | ppl 16006.89 | lr 2.5e-06 | 4.0s
Epoch 01 | 00200/06880 | loss 9.6104 | ppl 14919.77 | lr 5e-06 | 7.3s
Epoch 01 | 00300/06880 | loss 9.5395 | ppl 13897.78 | lr 7.5e-06 | 10.6s
Epoch 01 | 00400/06880 | loss 9.4664 | ppl 12918.57 | lr 1e-05 | 13.8s
Epoch 01 | 00500/06880 | loss 9.3854 | ppl 11913.05 | lr 1.25e-05 | 17.1s
Epoch 01 | 00600/06880 | loss 9.2940 | ppl 10872.50 | lr 1.5e-05 | 20.3s
Epoch 01 | 00700/06880 | loss 9.1929 | ppl 9827.24 | lr 1.75e-05 | 23.6s
Epoch 01 | 00800/06880 | loss 9.0855 | ppl 8825.95 | lr 2e-05 | 26.8s
Epoch 01 | 00900/06880 | loss 8.9726 | ppl 7883.88 | lr 2.25e-05 | 30.1s
Epoch 01 | 01000/06880 | loss 8.8622 | ppl 7059.92 | lr 2.5e-05 | 33.5s
Epoch 01 | 01100/06880 | loss 8.7556 | ppl 6346.23 | lr 2.75e-05 | 36.8s
Epoch 01 | 01200/06880 | loss 8.6555 | ppl 5741.57 | lr 3e-05 | 40.0s
Epoch 01 | 01300/06880 | loss 8.5641 | ppl 5240.19 | lr 3.25e-05 | 43.2s
Epoch 01 | 01400/06880 | loss 8.4805 | ppl 4819.99 | lr 3.5e-05 | 46.5s
Epoch 01 | 01500/06880 | loss 8.4015 | ppl 4453.94 | lr 3.75e-05 | 49.9s
Epoch 01 | 01600/06880 | loss 8.3258 | ppl 4129.07 | lr 4e-05 | 53.2s
Epoch 01 | 01700/06880 | loss 8.2544 | ppl 3844.68 | lr 4.25e-05 | 56.5s
Epoch 01 | 01800/06880 | loss 8.1868 | ppl 3593.10 | lr 4.5e-05 | 59.8s
Epoch 01 | 01900/06880 | loss 8.1212 | ppl 3364.90 | lr 4.75e-05 | 63.1s
Epoch 01 | 02000/06880 | loss 8.0580 | ppl 3158.96 | lr 5e-05 | 66.2s
Epoch 01 | 02100/06880 | loss 7.9989 | ppl 2977.74 | lr 5.25e-05 | 69.4s
Epoch 01 | 02200/06880 | loss 7.9423 | ppl 2813.74 | lr 5.5e-05 | 72.9s
Epoch 01 | 02300/06880 | loss 7.8875 | ppl 2663.90 | lr 5.75e-05 | 76.4s
Epoch 01 | 02400/06880 | loss 7.8356 | ppl 2529.13 | lr 6e-05 | 79.6s
Epoch 01 | 02500/06880 | loss 7.7857 | ppl 2405.89 | lr 6.25e-05 | 82.9s
Epoch 01 | 02600/06880 | loss 7.7380 | ppl 2293.92 | lr 6.5e-05 | 86.2s
Epoch 01 | 02700/06880 | loss 7.6916 | ppl 2189.97 | lr 6.75e-05 | 89.5s
Epoch 01 | 02800/06880 | loss 7.6479 | ppl 2096.31 | lr 7e-05 | 92.8s
Epoch 01 | 02900/06880 | loss 7.6060 | ppl 2010.15 | lr 7.25e-05 | 96.1s
Epoch 01 | 03000/06880 | loss 7.5647 | ppl 1928.81 | lr 7.5e-05 | 99.4s
Epoch 01 | 03100/06880 | loss 7.5247 | ppl 1853.29 | lr 7.75e-05 | 102.7s
Epoch 01 | 03200/06880 | loss 7.4869 | ppl 1784.56 | lr 8e-05 | 106.0s
Epoch 01 | 03300/06880 | loss 7.4508 | ppl 1721.30 | lr 8.25e-05 | 109.3s
Epoch 01 | 03400/06880 | loss 7.4152 | ppl 1661.10 | lr 8.5e-05 | 112.6s
Epoch 01 | 03500/06880 | loss 7.3802 | ppl 1603.99 | lr 8.75e-05 | 116.0s
Epoch 01 | 03600/06880 | loss 7.3467 | ppl 1551.10 | lr 9e-05 | 119.3s
Epoch 01 | 03700/06880 | loss 7.3141 | ppl 1501.30 | lr 9.25e-05 | 122.7s
Epoch 01 | 03800/06880 | loss 7.2828 | ppl 1455.00 | lr 9.5e-05 | 126.2s
Epoch 01 | 03900/06880 | loss 7.2519 | ppl 1410.76 | lr 9.75e-05 | 129.6s
Epoch 01 | 04000/06880 | loss 7.2219 | ppl 1369.11 | lr 0.0001 | 132.9s
Epoch 01 | 04100/06880 | loss 7.1929 | ppl 1329.92 | lr 9.877296e-05 | 136.2s
Epoch 01 | 04200/06880 | loss 7.1646 | ppl 1292.90 | lr 9.759001e-05 | 139.5s
Epoch 01 | 04300/06880 | loss 7.1372 | ppl 1257.96 | lr 9.644856e-05 | 142.8s
Epoch 01 | 04400/06880 | loss 7.1102 | ppl 1224.37 | lr 9.534626e-05 | 146.1s
Epoch 01 | 04500/06880 | loss 7.0843 | ppl 1193.10 | lr 9.42809e-05 | 149.3s
Epoch 01 | 04600/06880 | loss 7.0586 | ppl 1162.84 | lr 9.325048e-05 | 152.5s
Epoch 01 | 04700/06880 | loss 7.0340 | ppl 1134.55 | lr 9.225312e-05 | 155.6s
Epoch 01 | 04800/06880 | loss 7.0093 | ppl 1106.92 | lr 9.128709e-05 | 158.9s
Epoch 01 | 04900/06880 | loss 6.9853 | ppl 1080.64 | lr 9.035079e-05 | 162.2s
Epoch 01 | 05000/06880 | loss 6.9621 | ppl 1055.86 | lr 8.944272e-05 | 165.5s
Epoch 01 | 05100/06880 | loss 6.9399 | ppl 1032.66 | lr 8.856149e-05 | 168.8s
Epoch 01 | 05200/06880 | loss 6.9178 | ppl 1010.10 | lr 8.77058e-05 | 172.0s
Epoch 01 | 05300/06880 | loss 6.8964 | ppl 988.67 | lr 8.687445e-05 | 175.3s
Epoch 01 | 05400/06880 | loss 6.8752 | ppl 967.96 | lr 8.60663e-05 | 178.6s
Epoch 01 | 05500/06880 | loss 6.8546 | ppl 948.21 | lr 8.528029e-05 | 181.9s
Epoch 01 | 05600/06880 | loss 6.8346 | ppl 929.43 | lr 8.451543e-05 | 185.2s
Epoch 01 | 05700/06880 | loss 6.8150 | ppl 911.41 | lr 8.377078e-05 | 188.4s
Epoch 01 | 05800/06880 | loss 6.7955 | ppl 893.81 | lr 8.304548e-05 | 191.7s
Epoch 01 | 05900/06880 | loss 6.7768 | ppl 877.30 | lr 8.23387e-05 | 195.0s
Epoch 01 | 06000/06880 | loss 6.7586 | ppl 861.40 | lr 8.164966e-05 | 198.2s
Epoch 01 | 06100/06880 | loss 6.7409 | ppl 846.34 | lr 8.097763e-05 | 201.5s
Epoch 01 | 06200/06880 | loss 6.7233 | ppl 831.52 | lr 8.032193e-05 | 204.8s
Epoch 01 | 06300/06880 | loss 6.7061 | ppl 817.36 | lr 7.968191e-05 | 208.1s
Epoch 01 | 06400/06880 | loss 6.6892 | ppl 803.65 | lr 7.905694e-05 | 211.4s
Epoch 01 | 06500/06880 | loss 6.6726 | ppl 790.46 | lr 7.844645e-05 | 214.5s
Epoch 01 | 06600/06880 | loss 6.6565 | ppl 777.79 | lr 7.784989e-05 | 217.8s
Epoch 01 | 06700/06880 | loss 6.6408 | ppl 765.71 | lr 7.726674e-05 | 221.0s
Epoch 01 | 06800/06880 | loss 6.6251 | ppl 753.81 | lr 7.66965e-05 | 224.3s
/data/student/i2311021/conda_envs/100-swing-drill-gpu/lib/python3.10/site-packages/torch/nn/modules/transformer.py:531: UserWarning: The PyTorch API of nested tensors is in prototype stage and will change in the near future. We recommend specifying layout=torch.jagged when constructing a nested tensor, as this layout receives active development, has better operator coverage, and works with torch.compile. (Triggered internally at /pytorch/aten/src/ATen/NestedTensorImpl.cpp:178.)
  output = torch._nested_tensor_from_mask(
Epoch 01 complete | train loss 6.6133 | dev loss 5.6513 | train BLEU 1.74 | dev BLEU 1.29 | 235.6s
Epoch 02 | 00100/06880 | loss 5.5547 | ppl 258.45 | lr 7.570112e-05 | 3.7s
Epoch 02 | 00200/06880 | loss 5.5460 | ppl 256.22 | lr 7.51646e-05 | 7.0s
Epoch 02 | 00300/06880 | loss 5.5347 | ppl 253.34 | lr 7.463934e-05 | 10.3s
Epoch 02 | 00400/06880 | loss 5.5303 | ppl 252.22 | lr 7.412493e-05 | 13.5s
Epoch 02 | 00500/06880 | loss 5.5297 | ppl 252.08 | lr 7.362102e-05 | 16.8s
Epoch 02 | 00600/06880 | loss 5.5280 | ppl 251.63 | lr 7.312724e-05 | 20.1s
Epoch 02 | 00700/06880 | loss 5.5226 | ppl 250.28 | lr 7.264327e-05 | 23.4s
Epoch 02 | 00800/06880 | loss 5.5205 | ppl 249.76 | lr 7.216878e-05 | 26.7s
Epoch 02 | 00900/06880 | loss 5.5164 | ppl 248.75 | lr 7.170347e-05 | 30.0s
Epoch 02 | 01000/06880 | loss 5.5124 | ppl 247.75 | lr 7.124705e-05 | 33.3s
Epoch 02 | 01100/06880 | loss 5.5081 | ppl 246.68 | lr 7.079923e-05 | 36.6s
Epoch 02 | 01200/06880 | loss 5.5049 | ppl 245.90 | lr 7.035975e-05 | 39.9s
Epoch 02 | 01300/06880 | loss 5.5015 | ppl 245.07 | lr 6.992836e-05 | 43.2s
Epoch 02 | 01400/06880 | loss 5.4975 | ppl 244.09 | lr 6.95048e-05 | 46.7s
Epoch 02 | 01500/06880 | loss 5.4945 | ppl 243.36 | lr 6.908885e-05 | 50.0s
Epoch 02 | 01600/06880 | loss 5.4902 | ppl 242.30 | lr 6.868028e-05 | 53.3s
Epoch 02 | 01700/06880 | loss 5.4870 | ppl 241.53 | lr 6.827887e-05 | 56.6s
Epoch 02 | 01800/06880 | loss 5.4832 | ppl 240.61 | lr 6.788442e-05 | 60.0s
Epoch 02 | 01900/06880 | loss 5.4784 | ppl 239.47 | lr 6.749673e-05 | 63.2s
Epoch 02 | 02000/06880 | loss 5.4745 | ppl 238.53 | lr 6.711561e-05 | 66.5s
Epoch 02 | 02100/06880 | loss 5.4702 | ppl 237.51 | lr 6.674086e-05 | 69.8s
Epoch 02 | 02200/06880 | loss 5.4666 | ppl 236.66 | lr 6.637233e-05 | 73.2s
Epoch 02 | 02300/06880 | loss 5.4624 | ppl 235.65 | lr 6.600984e-05 | 76.5s
Epoch 02 | 02400/06880 | loss 5.4583 | ppl 234.71 | lr 6.565322e-05 | 79.8s
Epoch 02 | 02500/06880 | loss 5.4546 | ppl 233.82 | lr 6.530231e-05 | 83.2s
Epoch 02 | 02600/06880 | loss 5.4499 | ppl 232.73 | lr 6.495698e-05 | 86.5s
Epoch 02 | 02700/06880 | loss 5.4462 | ppl 231.87 | lr 6.461707e-05 | 89.8s
Epoch 02 | 02800/06880 | loss 5.4423 | ppl 230.97 | lr 6.428243e-05 | 93.2s
Epoch 02 | 02900/06880 | loss 5.4383 | ppl 230.05 | lr 6.395295e-05 | 96.7s
Epoch 02 | 03000/06880 | loss 5.4344 | ppl 229.16 | lr 6.362848e-05 | 100.0s
Epoch 02 | 03100/06880 | loss 5.4307 | ppl 228.31 | lr 6.330889e-05 | 103.3s
Epoch 02 | 03200/06880 | loss 5.4271 | ppl 227.49 | lr 6.299408e-05 | 106.8s
Epoch 02 | 03300/06880 | loss 5.4237 | ppl 226.72 | lr 6.268391e-05 | 110.3s
Epoch 02 | 03400/06880 | loss 5.4203 | ppl 225.95 | lr 6.237829e-05 | 113.7s
Epoch 02 | 03500/06880 | loss 5.4165 | ppl 225.10 | lr 6.207709e-05 | 117.0s
Epoch 02 | 03600/06880 | loss 5.4133 | ppl 224.37 | lr 6.178021e-05 | 120.3s
Epoch 02 | 03700/06880 | loss 5.4097 | ppl 223.57 | lr 6.148755e-05 | 123.6s
Epoch 02 | 03800/06880 | loss 5.4063 | ppl 222.82 | lr 6.119901e-05 | 127.0s
Epoch 02 | 03900/06880 | loss 5.4027 | ppl 222.00 | lr 6.091449e-05 | 130.3s
Epoch 02 | 04000/06880 | loss 5.3996 | ppl 221.31 | lr 6.063391e-05 | 133.7s
Epoch 02 | 04100/06880 | loss 5.3963 | ppl 220.60 | lr 6.035716e-05 | 137.0s
Epoch 02 | 04200/06880 | loss 5.3929 | ppl 219.83 | lr 6.008418e-05 | 140.3s
Epoch 02 | 04300/06880 | loss 5.3889 | ppl 218.96 | lr 5.981486e-05 | 143.7s
Epoch 02 | 04400/06880 | loss 5.3857 | ppl 218.27 | lr 5.954913e-05 | 147.0s
Epoch 02 | 04500/06880 | loss 5.3823 | ppl 217.52 | lr 5.928692e-05 | 150.3s
Epoch 02 | 04600/06880 | loss 5.3794 | ppl 216.90 | lr 5.902813e-05 | 153.6s
Epoch 02 | 04700/06880 | loss 5.3763 | ppl 216.21 | lr 5.877271e-05 | 156.9s
Epoch 02 | 04800/06880 | loss 5.3733 | ppl 215.58 | lr 5.852057e-05 | 160.2s
Epoch 02 | 04900/06880 | loss 5.3700 | ppl 214.87 | lr 5.827165e-05 | 163.5s
Epoch 02 | 05000/06880 | loss 5.3665 | ppl 214.12 | lr 5.802589e-05 | 166.7s
Epoch 02 | 05100/06880 | loss 5.3633 | ppl 213.43 | lr 5.77832e-05 | 169.7s
Epoch 02 | 05200/06880 | loss 5.3603 | ppl 212.79 | lr 5.754353e-05 | 172.9s
Epoch 02 | 05300/06880 | loss 5.3572 | ppl 212.13 | lr 5.730683e-05 | 176.2s
Epoch 02 | 05400/06880 | loss 5.3541 | ppl 211.46 | lr 5.707301e-05 | 179.5s
Epoch 02 | 05500/06880 | loss 5.3509 | ppl 210.79 | lr 5.684204e-05 | 182.7s
Epoch 02 | 05600/06880 | loss 5.3477 | ppl 210.13 | lr 5.661385e-05 | 186.0s
Epoch 02 | 05700/06880 | loss 5.3445 | ppl 209.45 | lr 5.638839e-05 | 189.3s
Epoch 02 | 05800/06880 | loss 5.3413 | ppl 208.78 | lr 5.61656e-05 | 192.8s
Epoch 02 | 05900/06880 | loss 5.3383 | ppl 208.16 | lr 5.594542e-05 | 196.3s
Epoch 02 | 06000/06880 | loss 5.3353 | ppl 207.53 | lr 5.572782e-05 | 199.5s
Epoch 02 | 06100/06880 | loss 5.3323 | ppl 206.91 | lr 5.551274e-05 | 202.9s
Epoch 02 | 06200/06880 | loss 5.3292 | ppl 206.27 | lr 5.530013e-05 | 206.2s
Epoch 02 | 06300/06880 | loss 5.3262 | ppl 205.65 | lr 5.508994e-05 | 209.5s
Epoch 02 | 06400/06880 | loss 5.3233 | ppl 205.06 | lr 5.488213e-05 | 212.8s
Epoch 02 | 06500/06880 | loss 5.3206 | ppl 204.50 | lr 5.467666e-05 | 216.0s
Epoch 02 | 06600/06880 | loss 5.3177 | ppl 203.91 | lr 5.447347e-05 | 219.3s
Epoch 02 | 06700/06880 | loss 5.3149 | ppl 203.35 | lr 5.427254e-05 | 222.5s
Epoch 02 | 06800/06880 | loss 5.3121 | ppl 202.77 | lr 5.407381e-05 | 225.7s
Epoch 02 complete | train loss 5.3100 | dev loss 5.1704 | train BLEU 3.93 | dev BLEU 3.01 | 236.7s
Epoch 03 | 00100/06880 | loss 5.1037 | ppl 164.63 | lr 5.372153e-05 | 3.3s
Epoch 03 | 00200/06880 | loss 5.0940 | ppl 163.04 | lr 5.352877e-05 | 6.6s
Epoch 03 | 00300/06880 | loss 5.0876 | ppl 162.00 | lr 5.333807e-05 | 9.9s
Epoch 03 | 00400/06880 | loss 5.0862 | ppl 161.77 | lr 5.31494e-05 | 13.3s
Epoch 03 | 00500/06880 | loss 5.0814 | ppl 160.99 | lr 5.296271e-05 | 16.6s
Epoch 03 | 00600/06880 | loss 5.0828 | ppl 161.23 | lr 5.277798e-05 | 19.8s
Epoch 03 | 00700/06880 | loss 5.0814 | ppl 161.00 | lr 5.259517e-05 | 23.2s
Epoch 03 | 00800/06880 | loss 5.0796 | ppl 160.71 | lr 5.241424e-05 | 26.5s
Epoch 03 | 00900/06880 | loss 5.0777 | ppl 160.40 | lr 5.223517e-05 | 29.7s
Epoch 03 | 01000/06880 | loss 5.0754 | ppl 160.03 | lr 5.205792e-05 | 33.0s
Epoch 03 | 01100/06880 | loss 5.0742 | ppl 159.85 | lr 5.188246e-05 | 36.3s
Epoch 03 | 01200/06880 | loss 5.0721 | ppl 159.51 | lr 5.170877e-05 | 39.6s
Epoch 03 | 01300/06880 | loss 5.0702 | ppl 159.21 | lr 5.153681e-05 | 42.9s
Epoch 03 | 01400/06880 | loss 5.0679 | ppl 158.84 | lr 5.136655e-05 | 46.2s
Epoch 03 | 01500/06880 | loss 5.0666 | ppl 158.64 | lr 5.119797e-05 | 49.6s
Epoch 03 | 01600/06880 | loss 5.0649 | ppl 158.37 | lr 5.103104e-05 | 53.0s
Epoch 03 | 01700/06880 | loss 5.0636 | ppl 158.16 | lr 5.086573e-05 | 56.3s
Epoch 03 | 01800/06880 | loss 5.0615 | ppl 157.82 | lr 5.070201e-05 | 59.5s
Epoch 03 | 01900/06880 | loss 5.0595 | ppl 157.52 | lr 5.053987e-05 | 62.7s
Epoch 03 | 02000/06880 | loss 5.0581 | ppl 157.29 | lr 5.037927e-05 | 66.0s
Epoch 03 | 02100/06880 | loss 5.0570 | ppl 157.11 | lr 5.02202e-05 | 69.3s
Epoch 03 | 02200/06880 | loss 5.0549 | ppl 156.78 | lr 5.006262e-05 | 72.6s
Epoch 03 | 02300/06880 | loss 5.0534 | ppl 156.56 | lr 4.990651e-05 | 75.9s
Epoch 03 | 02400/06880 | loss 5.0523 | ppl 156.37 | lr 4.975186e-05 | 79.3s
Epoch 03 | 02500/06880 | loss 5.0510 | ppl 156.18 | lr 4.959864e-05 | 82.6s
Epoch 03 | 02600/06880 | loss 5.0495 | ppl 155.94 | lr 4.944682e-05 | 85.9s
Epoch 03 | 02700/06880 | loss 5.0476 | ppl 155.65 | lr 4.929639e-05 | 89.2s
Epoch 03 | 02800/06880 | loss 5.0465 | ppl 155.48 | lr 4.914732e-05 | 92.5s
Epoch 03 | 02900/06880 | loss 5.0446 | ppl 155.18 | lr 4.89996e-05 | 95.7s
Epoch 03 | 03000/06880 | loss 5.0424 | ppl 154.84 | lr 4.88532e-05 | 99.0s
Epoch 03 | 03100/06880 | loss 5.0408 | ppl 154.60 | lr 4.87081e-05 | 102.2s
Epoch 03 | 03200/06880 | loss 5.0395 | ppl 154.39 | lr 4.856429e-05 | 105.3s
Epoch 03 | 03300/06880 | loss 5.0376 | ppl 154.10 | lr 4.842175e-05 | 108.5s
Epoch 03 | 03400/06880 | loss 5.0363 | ppl 153.90 | lr 4.828045e-05 | 111.7s
Epoch 03 | 03500/06880 | loss 5.0344 | ppl 153.61 | lr 4.814039e-05 | 114.9s
Epoch 03 | 03600/06880 | loss 5.0332 | ppl 153.42 | lr 4.800154e-05 | 118.3s
Epoch 03 | 03700/06880 | loss 5.0312 | ppl 153.11 | lr 4.786388e-05 | 121.6s
Epoch 03 | 03800/06880 | loss 5.0298 | ppl 152.91 | lr 4.77274e-05 | 125.0s
Epoch 03 | 03900/06880 | loss 5.0279 | ppl 152.61 | lr 4.759208e-05 | 128.3s
Epoch 03 | 04000/06880 | loss 5.0268 | ppl 152.44 | lr 4.74579e-05 | 131.4s
Epoch 03 | 04100/06880 | loss 5.0251 | ppl 152.18 | lr 4.732485e-05 | 134.7s
Epoch 03 | 04200/06880 | loss 5.0237 | ppl 151.97 | lr 4.719292e-05 | 137.9s
Epoch 03 | 04300/06880 | loss 5.0224 | ppl 151.78 | lr 4.706208e-05 | 140.9s
Epoch 03 | 04400/06880 | loss 5.0214 | ppl 151.62 | lr 4.693233e-05 | 144.1s
Epoch 03 | 04500/06880 | loss 5.0198 | ppl 151.38 | lr 4.680364e-05 | 147.2s
Epoch 03 | 04600/06880 | loss 5.0181 | ppl 151.13 | lr 4.6676e-05 | 150.5s
Epoch 03 | 04700/06880 | loss 5.0164 | ppl 150.87 | lr 4.654941e-05 | 153.8s
Epoch 03 | 04800/06880 | loss 5.0150 | ppl 150.65 | lr 4.642383e-05 | 157.1s
Epoch 03 | 04900/06880 | loss 5.0136 | ppl 150.45 | lr 4.629927e-05 | 160.4s
Epoch 03 | 05000/06880 | loss 5.0121 | ppl 150.22 | lr 4.617571e-05 | 163.7s
Epoch 03 | 05100/06880 | loss 5.0102 | ppl 149.94 | lr 4.605313e-05 | 167.1s
Epoch 03 | 05200/06880 | loss 5.0085 | ppl 149.67 | lr 4.593152e-05 | 170.4s
Epoch 03 | 05300/06880 | loss 5.0069 | ppl 149.45 | lr 4.581087e-05 | 173.7s
Epoch 03 | 05400/06880 | loss 5.0053 | ppl 149.20 | lr 4.569117e-05 | 177.0s
Epoch 03 | 05500/06880 | loss 5.0037 | ppl 148.96 | lr 4.55724e-05 | 180.3s
Epoch 03 | 05600/06880 | loss 5.0023 | ppl 148.75 | lr 4.545455e-05 | 183.6s
Epoch 03 | 05700/06880 | loss 5.0010 | ppl 148.56 | lr 4.533761e-05 | 187.0s
Epoch 03 | 05800/06880 | loss 4.9996 | ppl 148.36 | lr 4.522156e-05 | 190.2s
Epoch 03 | 05900/06880 | loss 4.9982 | ppl 148.14 | lr 4.510641e-05 | 193.5s
Epoch 03 | 06000/06880 | loss 4.9969 | ppl 147.95 | lr 4.499213e-05 | 196.7s
Epoch 03 | 06100/06880 | loss 4.9957 | ppl 147.77 | lr 4.487871e-05 | 200.0s
Epoch 03 | 06200/06880 | loss 4.9944 | ppl 147.59 | lr 4.476615e-05 | 203.3s
Epoch 03 | 06300/06880 | loss 4.9933 | ppl 147.43 | lr 4.465443e-05 | 206.6s
Epoch 03 | 06400/06880 | loss 4.9920 | ppl 147.23 | lr 4.454354e-05 | 209.7s
Epoch 03 | 06500/06880 | loss 4.9905 | ppl 147.01 | lr 4.443347e-05 | 213.1s
Epoch 03 | 06600/06880 | loss 4.9893 | ppl 146.83 | lr 4.432422e-05 | 216.4s
Epoch 03 | 06700/06880 | loss 4.9882 | ppl 146.67 | lr 4.421577e-05 | 219.7s
Epoch 03 | 06800/06880 | loss 4.9870 | ppl 146.49 | lr 4.410811e-05 | 223.0s
Epoch 03 complete | train loss 4.9858 | dev loss 4.9292 | train BLEU 5.71 | dev BLEU 4.07 | 233.6s
Epoch 04 | 00100/06880 | loss 4.8757 | ppl 131.06 | lr 4.391629e-05 | 3.5s
Epoch 04 | 00200/06880 | loss 4.8634 | ppl 129.46 | lr 4.38108e-05 | 6.7s
Epoch 04 | 00300/06880 | loss 4.8605 | ppl 129.09 | lr 4.370606e-05 | 9.9s
Epoch 04 | 00400/06880 | loss 4.8598 | ppl 129.00 | lr 4.360207e-05 | 13.2s
Epoch 04 | 00500/06880 | loss 4.8609 | ppl 129.14 | lr 4.349882e-05 | 16.5s
Epoch 04 | 00600/06880 | loss 4.8603 | ppl 129.07 | lr 4.33963e-05 | 19.7s
Epoch 04 | 00700/06880 | loss 4.8587 | ppl 128.85 | lr 4.329451e-05 | 23.2s
Epoch 04 | 00800/06880 | loss 4.8609 | ppl 129.14 | lr 4.319342e-05 | 26.4s
Epoch 04 | 00900/06880 | loss 4.8589 | ppl 128.88 | lr 4.309304e-05 | 29.8s
Epoch 04 | 01000/06880 | loss 4.8571 | ppl 128.65 | lr 4.299336e-05 | 33.1s
Epoch 04 | 01100/06880 | loss 4.8557 | ppl 128.48 | lr 4.289436e-05 | 36.4s
Epoch 04 | 01200/06880 | loss 4.8546 | ppl 128.33 | lr 4.279605e-05 | 39.7s
Epoch 04 | 01300/06880 | loss 4.8537 | ppl 128.21 | lr 4.269841e-05 | 43.1s
Epoch 04 | 01400/06880 | loss 4.8527 | ppl 128.09 | lr 4.260143e-05 | 46.4s
Epoch 04 | 01500/06880 | loss 4.8530 | ppl 128.12 | lr 4.250511e-05 | 49.7s
Epoch 04 | 01600/06880 | loss 4.8519 | ppl 127.99 | lr 4.240945e-05 | 53.0s
Epoch 04 | 01700/06880 | loss 4.8507 | ppl 127.83 | lr 4.231442e-05 | 56.3s
Epoch 04 | 01800/06880 | loss 4.8504 | ppl 127.79 | lr 4.222003e-05 | 59.7s
Epoch 04 | 01900/06880 | loss 4.8485 | ppl 127.54 | lr 4.212627e-05 | 63.0s
Epoch 04 | 02000/06880 | loss 4.8465 | ppl 127.30 | lr 4.203314e-05 | 66.3s
Epoch 04 | 02100/06880 | loss 4.8454 | ppl 127.15 | lr 4.194061e-05 | 69.6s
Epoch 04 | 02200/06880 | loss 4.8451 | ppl 127.12 | lr 4.18487e-05 | 72.9s
Epoch 04 | 02300/06880 | loss 4.8443 | ppl 127.02 | lr 4.175738e-05 | 76.2s
Epoch 04 | 02400/06880 | loss 4.8439 | ppl 126.97 | lr 4.166667e-05 | 79.5s
Epoch 04 | 02500/06880 | loss 4.8430 | ppl 126.85 | lr 4.157654e-05 | 82.7s
Epoch 04 | 02600/06880 | loss 4.8424 | ppl 126.77 | lr 4.148699e-05 | 86.0s
Epoch 04 | 02700/06880 | loss 4.8417 | ppl 126.69 | lr 4.139802e-05 | 89.2s
Epoch 04 | 02800/06880 | loss 4.8407 | ppl 126.56 | lr 4.130962e-05 | 92.5s
Epoch 04 | 02900/06880 | loss 4.8399 | ppl 126.46 | lr 4.122178e-05 | 95.9s
Epoch 04 | 03000/06880 | loss 4.8395 | ppl 126.41 | lr 4.11345e-05 | 99.2s
Epoch 04 | 03100/06880 | loss 4.8392 | ppl 126.36 | lr 4.104778e-05 | 102.5s
Epoch 04 | 03200/06880 | loss 4.8387 | ppl 126.30 | lr 4.09616e-05 | 105.8s
Epoch 04 | 03300/06880 | loss 4.8378 | ppl 126.19 | lr 4.087596e-05 | 109.2s
Epoch 04 | 03400/06880 | loss 4.8372 | ppl 126.11 | lr 4.079085e-05 | 112.6s
Epoch 04 | 03500/06880 | loss 4.8367 | ppl 126.05 | lr 4.070628e-05 | 116.1s
Epoch 04 | 03600/06880 | loss 4.8359 | ppl 125.96 | lr 4.062222e-05 | 119.3s
Epoch 04 | 03700/06880 | loss 4.8355 | ppl 125.91 | lr 4.053869e-05 | 122.6s
Epoch 04 | 03800/06880 | loss 4.8351 | ppl 125.86 | lr 4.045567e-05 | 125.9s
Epoch 04 | 03900/06880 | loss 4.8340 | ppl 125.72 | lr 4.037316e-05 | 129.2s
Epoch 04 | 04000/06880 | loss 4.8331 | ppl 125.60 | lr 4.029115e-05 | 132.5s
Epoch 04 | 04100/06880 | loss 4.8331 | ppl 125.60 | lr 4.020964e-05 | 135.7s
Epoch 04 | 04200/06880 | loss 4.8322 | ppl 125.49 | lr 4.012862e-05 | 138.9s
Epoch 04 | 04300/06880 | loss 4.8314 | ppl 125.38 | lr 4.004809e-05 | 142.2s
Epoch 04 | 04400/06880 | loss 4.8303 | ppl 125.24 | lr 3.996804e-05 | 145.6s
Epoch 04 | 04500/06880 | loss 4.8298 | ppl 125.18 | lr 3.988847e-05 | 148.9s
Epoch 04 | 04600/06880 | loss 4.8288 | ppl 125.06 | lr 3.980937e-05 | 152.2s
Epoch 04 | 04700/06880 | loss 4.8280 | ppl 124.96 | lr 3.973074e-05 | 155.6s
Epoch 04 | 04800/06880 | loss 4.8270 | ppl 124.83 | lr 3.965258e-05 | 158.9s
Epoch 04 | 04900/06880 | loss 4.8265 | ppl 124.77 | lr 3.957487e-05 | 162.2s
Epoch 04 | 05000/06880 | loss 4.8256 | ppl 124.67 | lr 3.949763e-05 | 165.5s
Epoch 04 | 05100/06880 | loss 4.8250 | ppl 124.59 | lr 3.942083e-05 | 168.7s
Epoch 04 | 05200/06880 | loss 4.8243 | ppl 124.50 | lr 3.934447e-05 | 172.0s
Epoch 04 | 05300/06880 | loss 4.8236 | ppl 124.42 | lr 3.926856e-05 | 175.3s
Epoch 04 | 05400/06880 | loss 4.8231 | ppl 124.35 | lr 3.919309e-05 | 178.6s
Epoch 04 | 05500/06880 | loss 4.8221 | ppl 124.23 | lr 3.911805e-05 | 182.0s
Epoch 04 | 05600/06880 | loss 4.8213 | ppl 124.12 | lr 3.904344e-05 | 185.2s
Epoch 04 | 05700/06880 | loss 4.8206 | ppl 124.03 | lr 3.896926e-05 | 188.5s
Epoch 04 | 05800/06880 | loss 4.8201 | ppl 123.98 | lr 3.889549e-05 | 192.0s
Epoch 04 | 05900/06880 | loss 4.8195 | ppl 123.90 | lr 3.882215e-05 | 195.4s
Epoch 04 | 06000/06880 | loss 4.8189 | ppl 123.83 | lr 3.874921e-05 | 198.8s
Epoch 04 | 06100/06880 | loss 4.8186 | ppl 123.79 | lr 3.867669e-05 | 202.0s
Epoch 04 | 06200/06880 | loss 4.8181 | ppl 123.72 | lr 3.860457e-05 | 205.3s
Epoch 04 | 06300/06880 | loss 4.8174 | ppl 123.65 | lr 3.853286e-05 | 208.7s
Epoch 04 | 06400/06880 | loss 4.8167 | ppl 123.56 | lr 3.846154e-05 | 211.9s
Epoch 04 | 06500/06880 | loss 4.8161 | ppl 123.48 | lr 3.839062e-05 | 215.2s
Epoch 04 | 06600/06880 | loss 4.8151 | ppl 123.36 | lr 3.832008e-05 | 218.5s
Epoch 04 | 06700/06880 | loss 4.8143 | ppl 123.26 | lr 3.824994e-05 | 221.8s
Epoch 04 | 06800/06880 | loss 4.8134 | ppl 123.15 | lr 3.818018e-05 | 225.1s
Epoch 04 complete | train loss 4.8129 | dev loss 4.7894 | train BLEU 6.24 | dev BLEU 4.56 | 235.9s
Epoch 05 | 00100/06880 | loss 4.7295 | ppl 113.24 | lr 3.805556e-05 | 3.3s
Epoch 05 | 00200/06880 | loss 4.7273 | ppl 112.99 | lr 3.798686e-05 | 6.7s
Epoch 05 | 00300/06880 | loss 4.7285 | ppl 113.13 | lr 3.791852e-05 | 10.2s
Epoch 05 | 00400/06880 | loss 4.7333 | ppl 113.68 | lr 3.785056e-05 | 13.6s
Epoch 05 | 00500/06880 | loss 4.7323 | ppl 113.55 | lr 3.778296e-05 | 16.9s
Epoch 05 | 00600/06880 | loss 4.7306 | ppl 113.36 | lr 3.771571e-05 | 20.3s
Epoch 05 | 00700/06880 | loss 4.7300 | ppl 113.29 | lr 3.764883e-05 | 23.6s
Epoch 05 | 00800/06880 | loss 4.7301 | ppl 113.30 | lr 3.75823e-05 | 26.9s
Epoch 05 | 00900/06880 | loss 4.7312 | ppl 113.43 | lr 3.751612e-05 | 30.2s
Epoch 05 | 01000/06880 | loss 4.7304 | ppl 113.34 | lr 3.745029e-05 | 33.5s
Epoch 05 | 01100/06880 | loss 4.7319 | ppl 113.51 | lr 3.738481e-05 | 36.7s
Epoch 05 | 01200/06880 | loss 4.7329 | ppl 113.62 | lr 3.731967e-05 | 40.0s
Epoch 05 | 01300/06880 | loss 4.7324 | ppl 113.57 | lr 3.725487e-05 | 43.4s
Epoch 05 | 01400/06880 | loss 4.7309 | ppl 113.40 | lr 3.71904e-05 | 46.7s
Epoch 05 | 01500/06880 | loss 4.7297 | ppl 113.26 | lr 3.712627e-05 | 50.1s
Epoch 05 | 01600/06880 | loss 4.7290 | ppl 113.18 | lr 3.706247e-05 | 53.3s
Epoch 05 | 01700/06880 | loss 4.7286 | ppl 113.14 | lr 3.699899e-05 | 56.7s
Epoch 05 | 01800/06880 | loss 4.7278 | ppl 113.05 | lr 3.693584e-05 | 59.9s
Epoch 05 | 01900/06880 | loss 4.7270 | ppl 112.96 | lr 3.687302e-05 | 63.2s
Epoch 05 | 02000/06880 | loss 4.7272 | ppl 112.98 | lr 3.681051e-05 | 66.5s
Epoch 05 | 02100/06880 | loss 4.7259 | ppl 112.83 | lr 3.674832e-05 | 69.7s
Epoch 05 | 02200/06880 | loss 4.7259 | ppl 112.83 | lr 3.668644e-05 | 73.0s
Epoch 05 | 02300/06880 | loss 4.7249 | ppl 112.72 | lr 3.662488e-05 | 76.2s
Epoch 05 | 02400/06880 | loss 4.7235 | ppl 112.56 | lr 3.656362e-05 | 79.5s
Epoch 05 | 02500/06880 | loss 4.7237 | ppl 112.59 | lr 3.650267e-05 | 82.8s
Epoch 05 | 02600/06880 | loss 4.7236 | ppl 112.57 | lr 3.644203e-05 | 86.1s
Epoch 05 | 02700/06880 | loss 4.7229 | ppl 112.50 | lr 3.638168e-05 | 89.4s
Epoch 05 | 02800/06880 | loss 4.7234 | ppl 112.55 | lr 3.632164e-05 | 92.7s
Epoch 05 | 02900/06880 | loss 4.7229 | ppl 112.49 | lr 3.626189e-05 | 96.0s
Epoch 05 | 03000/06880 | loss 4.7225 | ppl 112.45 | lr 3.620243e-05 | 99.4s
Epoch 05 | 03100/06880 | loss 4.7219 | ppl 112.38 | lr 3.614327e-05 | 102.8s
Epoch 05 | 03200/06880 | loss 4.7219 | ppl 112.38 | lr 3.608439e-05 | 106.0s
Epoch 05 | 03300/06880 | loss 4.7210 | ppl 112.28 | lr 3.60258e-05 | 109.3s
Epoch 05 | 03400/06880 | loss 4.7210 | ppl 112.28 | lr 3.59675e-05 | 112.6s
Epoch 05 | 03500/06880 | loss 4.7203 | ppl 112.20 | lr 3.590948e-05 | 115.9s
Epoch 05 | 03600/06880 | loss 4.7197 | ppl 112.14 | lr 3.585174e-05 | 119.1s
Epoch 05 | 03700/06880 | loss 4.7192 | ppl 112.08 | lr 3.579427e-05 | 122.4s
Epoch 05 | 03800/06880 | loss 4.7192 | ppl 112.08 | lr 3.573708e-05 | 125.6s
Epoch 05 | 03900/06880 | loss 4.7184 | ppl 111.99 | lr 3.568017e-05 | 128.9s
Epoch 05 | 04000/06880 | loss 4.7183 | ppl 111.97 | lr 3.562352e-05 | 132.1s
Epoch 05 | 04100/06880 | loss 4.7180 | ppl 111.94 | lr 3.556715e-05 | 135.6s
Epoch 05 | 04200/06880 | loss 4.7173 | ppl 111.86 | lr 3.551104e-05 | 138.9s
Epoch 05 | 04300/06880 | loss 4.7170 | ppl 111.83 | lr 3.54552e-05 | 142.2s
Epoch 05 | 04400/06880 | loss 4.7164 | ppl 111.76 | lr 3.539962e-05 | 145.5s
Epoch 05 | 04500/06880 | loss 4.7159 | ppl 111.70 | lr 3.53443e-05 | 148.8s
Epoch 05 | 04600/06880 | loss 4.7155 | ppl 111.67 | lr 3.528923e-05 | 152.1s
Epoch 05 | 04700/06880 | loss 4.7151 | ppl 111.62 | lr 3.523443e-05 | 155.3s
Epoch 05 | 04800/06880 | loss 4.7146 | ppl 111.57 | lr 3.517988e-05 | 158.5s
Epoch 05 | 04900/06880 | loss 4.7142 | ppl 111.51 | lr 3.512558e-05 | 161.8s
Epoch 05 | 05000/06880 | loss 4.7137 | ppl 111.46 | lr 3.507153e-05 | 165.3s
Epoch 05 | 05100/06880 | loss 4.7130 | ppl 111.39 | lr 3.501773e-05 | 168.8s
Epoch 05 | 05200/06880 | loss 4.7122 | ppl 111.30 | lr 3.496418e-05 | 172.2s
Epoch 05 | 05300/06880 | loss 4.7117 | ppl 111.24 | lr 3.491087e-05 | 175.6s
Epoch 05 | 05400/06880 | loss 4.7115 | ppl 111.22 | lr 3.485781e-05 | 178.8s
Epoch 05 | 05500/06880 | loss 4.7108 | ppl 111.14 | lr 3.480499e-05 | 182.1s
Epoch 05 | 05600/06880 | loss 4.7102 | ppl 111.07 | lr 3.47524e-05 | 185.4s
Epoch 05 | 05700/06880 | loss 4.7104 | ppl 111.09 | lr 3.470006e-05 | 188.8s
Epoch 05 | 05800/06880 | loss 4.7102 | ppl 111.07 | lr 3.464795e-05 | 192.2s
Epoch 05 | 05900/06880 | loss 4.7099 | ppl 111.04 | lr 3.459607e-05 | 195.4s
Epoch 05 | 06000/06880 | loss 4.7092 | ppl 110.96 | lr 3.454443e-05 | 198.7s
Epoch 05 | 06100/06880 | loss 4.7090 | ppl 110.94 | lr 3.449301e-05 | 202.0s
Epoch 05 | 06200/06880 | loss 4.7084 | ppl 110.88 | lr 3.444183e-05 | 205.3s
Epoch 05 | 06300/06880 | loss 4.7078 | ppl 110.81 | lr 3.439087e-05 | 208.6s
Epoch 05 | 06400/06880 | loss 4.7074 | ppl 110.76 | lr 3.434014e-05 | 211.9s
Epoch 05 | 06500/06880 | loss 4.7071 | ppl 110.73 | lr 3.428963e-05 | 215.2s
Epoch 05 | 06600/06880 | loss 4.7065 | ppl 110.67 | lr 3.423935e-05 | 218.5s
Epoch 05 | 06700/06880 | loss 4.7061 | ppl 110.62 | lr 3.418928e-05 | 221.7s
Epoch 05 | 06800/06880 | loss 4.7056 | ppl 110.57 | lr 3.413944e-05 | 225.0s
Epoch 05 complete | train loss 4.7054 | dev loss 4.6982 | train BLEU 7.14 | dev BLEU 5.33 | 235.9s
Epoch 06 | 00100/06880 | loss 4.6682 | ppl 106.51 | lr 3.405026e-05 | 3.4s
Epoch 06 | 00200/06880 | loss 4.6532 | ppl 104.92 | lr 3.400102e-05 | 6.8s
Epoch 06 | 00300/06880 | loss 4.6573 | ppl 105.35 | lr 3.395199e-05 | 10.0s
Epoch 06 | 00400/06880 | loss 4.6527 | ppl 104.86 | lr 3.390318e-05 | 13.3s
Epoch 06 | 00500/06880 | loss 4.6500 | ppl 104.58 | lr 3.385457e-05 | 16.7s
Epoch 06 | 00600/06880 | loss 4.6486 | ppl 104.44 | lr 3.380617e-05 | 20.1s
Epoch 06 | 00700/06880 | loss 4.6478 | ppl 104.35 | lr 3.375798e-05 | 23.5s
Epoch 06 | 00800/06880 | loss 4.6477 | ppl 104.35 | lr 3.370999e-05 | 26.9s
Epoch 06 | 00900/06880 | loss 4.6481 | ppl 104.39 | lr 3.366221e-05 | 30.1s
Epoch 06 | 01000/06880 | loss 4.6470 | ppl 104.27 | lr 3.361463e-05 | 33.4s
Epoch 06 | 01100/06880 | loss 4.6475 | ppl 104.33 | lr 3.356725e-05 | 36.4s
Epoch 06 | 01200/06880 | loss 4.6482 | ppl 104.40 | lr 3.352008e-05 | 39.7s
Epoch 06 | 01300/06880 | loss 4.6482 | ppl 104.40 | lr 3.34731e-05 | 43.0s
Epoch 06 | 01400/06880 | loss 4.6483 | ppl 104.40 | lr 3.342631e-05 | 46.2s
Epoch 06 | 01500/06880 | loss 4.6474 | ppl 104.32 | lr 3.337973e-05 | 49.3s
Epoch 06 | 01600/06880 | loss 4.6470 | ppl 104.27 | lr 3.333333e-05 | 52.5s
Epoch 06 | 01700/06880 | loss 4.6468 | ppl 104.25 | lr 3.328713e-05 | 55.8s
Epoch 06 | 01800/06880 | loss 4.6465 | ppl 104.22 | lr 3.324112e-05 | 59.0s
Epoch 06 | 01900/06880 | loss 4.6464 | ppl 104.21 | lr 3.319531e-05 | 62.2s
Epoch 06 | 02000/06880 | loss 4.6465 | ppl 104.22 | lr 3.314968e-05 | 65.6s
Epoch 06 | 02100/06880 | loss 4.6461 | ppl 104.18 | lr 3.310424e-05 | 68.8s
Epoch 06 | 02200/06880 | loss 4.6450 | ppl 104.07 | lr 3.305898e-05 | 72.1s
Epoch 06 | 02300/06880 | loss 4.6449 | ppl 104.05 | lr 3.301391e-05 | 75.4s
Epoch 06 | 02400/06880 | loss 4.6445 | ppl 104.01 | lr 3.296902e-05 | 78.5s
Epoch 06 | 02500/06880 | loss 4.6442 | ppl 103.98 | lr 3.292432e-05 | 81.8s
Epoch 06 | 02600/06880 | loss 4.6441 | ppl 103.97 | lr 3.28798e-05 | 85.2s
Epoch 06 | 02700/06880 | loss 4.6438 | ppl 103.94 | lr 3.283546e-05 | 88.6s
Epoch 06 | 02800/06880 | loss 4.6433 | ppl 103.89 | lr 3.279129e-05 | 91.9s
Epoch 06 | 02900/06880 | loss 4.6429 | ppl 103.85 | lr 3.274731e-05 | 95.2s
Epoch 06 | 03000/06880 | loss 4.6425 | ppl 103.80 | lr 3.27035e-05 | 98.5s
Epoch 06 | 03100/06880 | loss 4.6418 | ppl 103.73 | lr 3.265986e-05 | 101.8s
Epoch 06 | 03200/06880 | loss 4.6414 | ppl 103.69 | lr 3.26164e-05 | 105.1s
Epoch 06 | 03300/06880 | loss 4.6411 | ppl 103.66 | lr 3.257312e-05 | 108.4s
Epoch 06 | 03400/06880 | loss 4.6408 | ppl 103.63 | lr 3.253e-05 | 111.7s
Epoch 06 | 03500/06880 | loss 4.6404 | ppl 103.59 | lr 3.248706e-05 | 114.9s
Epoch 06 | 03600/06880 | loss 4.6397 | ppl 103.52 | lr 3.244428e-05 | 118.3s
Epoch 06 | 03700/06880 | loss 4.6396 | ppl 103.50 | lr 3.240168e-05 | 121.7s
Epoch 06 | 03800/06880 | loss 4.6394 | ppl 103.49 | lr 3.235924e-05 | 125.2s
Epoch 06 | 03900/06880 | loss 4.6393 | ppl 103.47 | lr 3.231697e-05 | 128.6s
Epoch 06 | 04000/06880 | loss 4.6391 | ppl 103.45 | lr 3.227486e-05 | 132.0s
Epoch 06 | 04100/06880 | loss 4.6384 | ppl 103.38 | lr 3.223292e-05 | 135.4s
Epoch 06 | 04200/06880 | loss 4.6380 | ppl 103.34 | lr 3.219114e-05 | 138.7s
Epoch 06 | 04300/06880 | loss 4.6377 | ppl 103.31 | lr 3.214952e-05 | 141.9s
Epoch 06 | 04400/06880 | loss 4.6379 | ppl 103.33 | lr 3.210806e-05 | 145.1s
Epoch 06 | 04500/06880 | loss 4.6376 | ppl 103.30 | lr 3.206677e-05 | 148.3s
Epoch 06 | 04600/06880 | loss 4.6371 | ppl 103.25 | lr 3.202563e-05 | 151.7s
Epoch 06 | 04700/06880 | loss 4.6367 | ppl 103.20 | lr 3.198465e-05 | 155.0s
Epoch 06 | 04800/06880 | loss 4.6366 | ppl 103.20 | lr 3.194383e-05 | 158.2s
Epoch 06 | 04900/06880 | loss 4.6363 | ppl 103.17 | lr 3.190316e-05 | 161.5s
Epoch 06 | 05000/06880 | loss 4.6361 | ppl 103.14 | lr 3.186265e-05 | 164.7s
Epoch 06 | 05100/06880 | loss 4.6355 | ppl 103.08 | lr 3.182229e-05 | 168.0s
Epoch 06 | 05200/06880 | loss 4.6358 | ppl 103.11 | lr 3.178209e-05 | 171.3s
Epoch 06 | 05300/06880 | loss 4.6353 | ppl 103.06 | lr 3.174203e-05 | 174.6s
Epoch 06 | 05400/06880 | loss 4.6353 | ppl 103.06 | lr 3.170213e-05 | 177.8s
Epoch 06 | 05500/06880 | loss 4.6351 | ppl 103.04 | lr 3.166238e-05 | 181.0s
Epoch 06 | 05600/06880 | loss 4.6349 | ppl 103.02 | lr 3.162278e-05 | 184.3s
Epoch 06 | 05700/06880 | loss 4.6350 | ppl 103.03 | lr 3.158332e-05 | 187.4s
Epoch 06 | 05800/06880 | loss 4.6347 | ppl 103.00 | lr 3.154401e-05 | 190.7s
Epoch 06 | 05900/06880 | loss 4.6341 | ppl 102.93 | lr 3.150485e-05 | 194.0s
Epoch 06 | 06000/06880 | loss 4.6337 | ppl 102.90 | lr 3.146584e-05 | 197.3s
Epoch 06 | 06100/06880 | loss 4.6333 | ppl 102.85 | lr 3.142697e-05 | 200.7s
Epoch 06 | 06200/06880 | loss 4.6328 | ppl 102.80 | lr 3.138824e-05 | 204.1s
Epoch 06 | 06300/06880 | loss 4.6329 | ppl 102.81 | lr 3.134966e-05 | 207.5s
Epoch 06 | 06400/06880 | loss 4.6330 | ppl 102.83 | lr 3.131121e-05 | 210.8s
Epoch 06 | 06500/06880 | loss 4.6330 | ppl 102.82 | lr 3.127291e-05 | 214.1s
Epoch 06 | 06600/06880 | loss 4.6324 | ppl 102.76 | lr 3.123475e-05 | 217.3s
Epoch 06 | 06700/06880 | loss 4.6319 | ppl 102.71 | lr 3.119673e-05 | 220.7s
Epoch 06 | 06800/06880 | loss 4.6315 | ppl 102.67 | lr 3.115885e-05 | 224.0s
Epoch 06 complete | train loss 4.6313 | dev loss 4.6362 | train BLEU 7.74 | dev BLEU 5.61 | 234.8s
Epoch 07 | 00100/06880 | loss 4.5848 | ppl 97.98 | lr 3.1091e-05 | 3.3s
Epoch 07 | 00200/06880 | loss 4.5770 | ppl 97.23 | lr 3.10535e-05 | 6.5s
Epoch 07 | 00300/06880 | loss 4.5800 | ppl 97.51 | lr 3.101614e-05 | 9.8s
Epoch 07 | 00400/06880 | loss 4.5813 | ppl 97.64 | lr 3.097891e-05 | 13.2s
Epoch 07 | 00500/06880 | loss 4.5829 | ppl 97.80 | lr 3.094181e-05 | 16.4s
Epoch 07 | 00600/06880 | loss 4.5856 | ppl 98.06 | lr 3.090485e-05 | 19.7s
Epoch 07 | 00700/06880 | loss 4.5854 | ppl 98.05 | lr 3.086802e-05 | 22.9s
Epoch 07 | 00800/06880 | loss 4.5840 | ppl 97.91 | lr 3.083132e-05 | 26.3s
Epoch 07 | 00900/06880 | loss 4.5848 | ppl 97.98 | lr 3.079475e-05 | 29.6s
Epoch 07 | 01000/06880 | loss 4.5850 | ppl 98.00 | lr 3.075831e-05 | 32.9s
Epoch 07 | 01100/06880 | loss 4.5845 | ppl 97.95 | lr 3.0722e-05 | 36.2s
Epoch 07 | 01200/06880 | loss 4.5842 | ppl 97.93 | lr 3.068582e-05 | 39.6s
Epoch 07 | 01300/06880 | loss 4.5839 | ppl 97.90 | lr 3.064977e-05 | 42.9s
Epoch 07 | 01400/06880 | loss 4.5854 | ppl 98.04 | lr 3.061384e-05 | 46.2s
Epoch 07 | 01500/06880 | loss 4.5850 | ppl 98.00 | lr 3.057804e-05 | 49.4s
Epoch 07 | 01600/06880 | loss 4.5848 | ppl 97.98 | lr 3.054236e-05 | 52.6s
Epoch 07 | 01700/06880 | loss 4.5841 | ppl 97.91 | lr 3.050681e-05 | 56.1s
Epoch 07 | 01800/06880 | loss 4.5842 | ppl 97.93 | lr 3.047138e-05 | 59.5s
Epoch 07 | 01900/06880 | loss 4.5849 | ppl 97.99 | lr 3.043608e-05 | 62.7s
Epoch 07 | 02000/06880 | loss 4.5854 | ppl 98.04 | lr 3.04009e-05 | 66.0s
Epoch 07 | 02100/06880 | loss 4.5850 | ppl 98.00 | lr 3.036583e-05 | 69.3s
Epoch 07 | 02200/06880 | loss 4.5845 | ppl 97.96 | lr 3.03309e-05 | 72.5s
Epoch 07 | 02300/06880 | loss 4.5842 | ppl 97.92 | lr 3.029608e-05 | 75.8s
Epoch 07 | 02400/06880 | loss 4.5844 | ppl 97.95 | lr 3.026138e-05 | 79.1s
Epoch 07 | 02500/06880 | loss 4.5845 | ppl 97.95 | lr 3.02268e-05 | 82.3s
Epoch 07 | 02600/06880 | loss 4.5855 | ppl 98.05 | lr 3.019233e-05 | 85.5s
Epoch 07 | 02700/06880 | loss 4.5858 | ppl 98.08 | lr 3.015799e-05 | 88.9s
Epoch 07 | 02800/06880 | loss 4.5865 | ppl 98.15 | lr 3.012376e-05 | 92.3s
Epoch 07 | 02900/06880 | loss 4.5865 | ppl 98.15 | lr 3.008965e-05 | 95.6s
Epoch 07 | 03000/06880 | loss 4.5866 | ppl 98.16 | lr 3.005565e-05 | 99.0s
Epoch 07 | 03100/06880 | loss 4.5864 | ppl 98.14 | lr 3.002177e-05 | 102.2s
Epoch 07 | 03200/06880 | loss 4.5867 | ppl 98.17 | lr 2.998801e-05 | 105.6s
Epoch 07 | 03300/06880 | loss 4.5863 | ppl 98.13 | lr 2.995435e-05 | 108.9s
Epoch 07 | 03400/06880 | loss 4.5865 | ppl 98.15 | lr 2.992081e-05 | 112.2s
Epoch 07 | 03500/06880 | loss 4.5861 | ppl 98.11 | lr 2.988739e-05 | 115.4s
Epoch 07 | 03600/06880 | loss 4.5860 | ppl 98.10 | lr 2.985407e-05 | 118.7s
Epoch 07 | 03700/06880 | loss 4.5859 | ppl 98.09 | lr 2.982087e-05 | 122.0s
Epoch 07 | 03800/06880 | loss 4.5855 | ppl 98.05 | lr 2.978777e-05 | 125.2s
Epoch 07 | 03900/06880 | loss 4.5854 | ppl 98.05 | lr 2.975479e-05 | 128.7s
Epoch 07 | 04000/06880 | loss 4.5851 | ppl 98.01 | lr 2.972191e-05 | 132.0s
Epoch 07 | 04100/06880 | loss 4.5848 | ppl 97.98 | lr 2.968915e-05 | 135.3s
Epoch 07 | 04200/06880 | loss 4.5848 | ppl 97.99 | lr 2.965649e-05 | 138.6s
Epoch 07 | 04300/06880 | loss 4.5843 | ppl 97.93 | lr 2.962394e-05 | 141.9s
Epoch 07 | 04400/06880 | loss 4.5841 | ppl 97.91 | lr 2.95915e-05 | 145.2s
Epoch 07 | 04500/06880 | loss 4.5841 | ppl 97.91 | lr 2.955916e-05 | 148.5s
Epoch 07 | 04600/06880 | loss 4.5839 | ppl 97.90 | lr 2.952693e-05 | 151.9s
Epoch 07 | 04700/06880 | loss 4.5839 | ppl 97.90 | lr 2.94948e-05 | 155.2s
Epoch 07 | 04800/06880 | loss 4.5837 | ppl 97.88 | lr 2.946278e-05 | 158.5s
Epoch 07 | 04900/06880 | loss 4.5834 | ppl 97.85 | lr 2.943087e-05 | 161.8s
Epoch 07 | 05000/06880 | loss 4.5829 | ppl 97.80 | lr 2.939905e-05 | 165.1s
Epoch 07 | 05100/06880 | loss 4.5826 | ppl 97.77 | lr 2.936734e-05 | 168.5s
Epoch 07 | 05200/06880 | loss 4.5823 | ppl 97.74 | lr 2.933573e-05 | 171.8s
Epoch 07 | 05300/06880 | loss 4.5822 | ppl 97.73 | lr 2.930423e-05 | 175.1s
Epoch 07 | 05400/06880 | loss 4.5821 | ppl 97.72 | lr 2.927282e-05 | 178.3s
Epoch 07 | 05500/06880 | loss 4.5819 | ppl 97.70 | lr 2.924152e-05 | 181.6s
Epoch 07 | 05600/06880 | loss 4.5816 | ppl 97.67 | lr 2.921031e-05 | 184.9s
Epoch 07 | 05700/06880 | loss 4.5815 | ppl 97.66 | lr 2.917921e-05 | 188.2s
Epoch 07 | 05800/06880 | loss 4.5813 | ppl 97.64 | lr 2.91482e-05 | 191.5s
Epoch 07 | 05900/06880 | loss 4.5812 | ppl 97.64 | lr 2.91173e-05 | 194.6s
Epoch 07 | 06000/06880 | loss 4.5809 | ppl 97.61 | lr 2.908649e-05 | 197.8s
Epoch 07 | 06100/06880 | loss 4.5805 | ppl 97.56 | lr 2.905578e-05 | 201.1s
Epoch 07 | 06200/06880 | loss 4.5801 | ppl 97.53 | lr 2.902516e-05 | 204.3s
Epoch 07 | 06300/06880 | loss 4.5802 | ppl 97.54 | lr 2.899464e-05 | 207.6s
Epoch 07 | 06400/06880 | loss 4.5798 | ppl 97.50 | lr 2.896422e-05 | 210.9s
Epoch 07 | 06500/06880 | loss 4.5794 | ppl 97.46 | lr 2.89339e-05 | 214.4s
Epoch 07 | 06600/06880 | loss 4.5793 | ppl 97.44 | lr 2.890367e-05 | 217.8s
Epoch 07 | 06700/06880 | loss 4.5791 | ppl 97.43 | lr 2.887353e-05 | 221.1s
Epoch 07 | 06800/06880 | loss 4.5788 | ppl 97.39 | lr 2.884349e-05 | 224.4s
Epoch 07 complete | train loss 4.5786 | dev loss 4.5951 | train BLEU 8.13 | dev BLEU 5.72 | 235.3s
Epoch 08 | 00100/06880 | loss 4.5196 | ppl 91.80 | lr 2.878965e-05 | 3.2s
Epoch 08 | 00200/06880 | loss 4.5349 | ppl 93.21 | lr 2.875987e-05 | 6.6s
Epoch 08 | 00300/06880 | loss 4.5316 | ppl 92.91 | lr 2.873018e-05 | 10.0s
Epoch 08 | 00400/06880 | loss 4.5301 | ppl 92.77 | lr 2.870058e-05 | 13.3s
Epoch 08 | 00500/06880 | loss 4.5307 | ppl 92.82 | lr 2.867107e-05 | 16.6s
Epoch 08 | 00600/06880 | loss 4.5314 | ppl 92.89 | lr 2.864166e-05 | 20.0s
Epoch 08 | 00700/06880 | loss 4.5329 | ppl 93.03 | lr 2.861233e-05 | 23.4s
Epoch 08 | 00800/06880 | loss 4.5321 | ppl 92.95 | lr 2.85831e-05 | 26.7s
Epoch 08 | 00900/06880 | loss 4.5315 | ppl 92.90 | lr 2.855395e-05 | 29.9s
Epoch 08 | 01000/06880 | loss 4.5339 | ppl 93.12 | lr 2.85249e-05 | 33.1s
Epoch 08 | 01100/06880 | loss 4.5345 | ppl 93.18 | lr 2.849593e-05 | 36.3s
Epoch 08 | 01200/06880 | loss 4.5352 | ppl 93.24 | lr 2.846705e-05 | 39.6s
Epoch 08 | 01300/06880 | loss 4.5368 | ppl 93.39 | lr 2.843825e-05 | 42.9s
Epoch 08 | 01400/06880 | loss 4.5365 | ppl 93.37 | lr 2.840955e-05 | 46.2s
Epoch 08 | 01500/06880 | loss 4.5361 | ppl 93.33 | lr 2.838093e-05 | 49.5s
Epoch 08 | 01600/06880 | loss 4.5368 | ppl 93.39 | lr 2.83524e-05 | 52.8s
Epoch 08 | 01700/06880 | loss 4.5370 | ppl 93.41 | lr 2.832395e-05 | 56.1s
Epoch 08 | 01800/06880 | loss 4.5370 | ppl 93.41 | lr 2.829559e-05 | 59.4s
Epoch 08 | 01900/06880 | loss 4.5378 | ppl 93.48 | lr 2.826732e-05 | 62.7s
Epoch 08 | 02000/06880 | loss 4.5388 | ppl 93.58 | lr 2.823912e-05 | 65.8s
Epoch 08 | 02100/06880 | loss 4.5393 | ppl 93.63 | lr 2.821102e-05 | 69.0s
Epoch 08 | 02200/06880 | loss 4.5400 | ppl 93.69 | lr 2.818299e-05 | 72.3s
Epoch 08 | 02300/06880 | loss 4.5399 | ppl 93.69 | lr 2.815505e-05 | 75.6s
Epoch 08 | 02400/06880 | loss 4.5408 | ppl 93.76 | lr 2.81272e-05 | 78.9s
Epoch 08 | 02500/06880 | loss 4.5407 | ppl 93.75 | lr 2.809942e-05 | 82.2s
Epoch 08 | 02600/06880 | loss 4.5407 | ppl 93.75 | lr 2.807173e-05 | 85.4s
Epoch 08 | 02700/06880 | loss 4.5416 | ppl 93.84 | lr 2.804412e-05 | 88.8s
Epoch 08 | 02800/06880 | loss 4.5417 | ppl 93.85 | lr 2.801659e-05 | 92.2s
Epoch 08 | 02900/06880 | loss 4.5415 | ppl 93.83 | lr 2.798914e-05 | 95.5s
Epoch 08 | 03000/06880 | loss 4.5413 | ppl 93.81 | lr 2.796177e-05 | 98.7s
Epoch 08 | 03100/06880 | loss 4.5406 | ppl 93.75 | lr 2.793449e-05 | 102.0s
Epoch 08 | 03200/06880 | loss 4.5407 | ppl 93.75 | lr 2.790728e-05 | 105.3s
Epoch 08 | 03300/06880 | loss 4.5405 | ppl 93.74 | lr 2.788015e-05 | 108.7s
Epoch 08 | 03400/06880 | loss 4.5403 | ppl 93.72 | lr 2.78531e-05 | 112.0s
Epoch 08 | 03500/06880 | loss 4.5404 | ppl 93.73 | lr 2.782613e-05 | 115.3s
Epoch 08 | 03600/06880 | loss 4.5403 | ppl 93.72 | lr 2.779924e-05 | 118.5s
Epoch 08 | 03700/06880 | loss 4.5403 | ppl 93.72 | lr 2.777242e-05 | 121.8s
Epoch 08 | 03800/06880 | loss 4.5402 | ppl 93.71 | lr 2.774568e-05 | 124.9s
Epoch 08 | 03900/06880 | loss 4.5401 | ppl 93.70 | lr 2.771902e-05 | 128.1s
Epoch 08 | 04000/06880 | loss 4.5402 | ppl 93.71 | lr 2.769244e-05 | 131.4s
Epoch 08 | 04100/06880 | loss 4.5402 | ppl 93.71 | lr 2.766593e-05 | 134.6s
Epoch 08 | 04200/06880 | loss 4.5405 | ppl 93.74 | lr 2.76395e-05 | 137.8s
Epoch 08 | 04300/06880 | loss 4.5405 | ppl 93.74 | lr 2.761314e-05 | 141.1s
Epoch 08 | 04400/06880 | loss 4.5400 | ppl 93.69 | lr 2.758686e-05 | 144.2s
Epoch 08 | 04500/06880 | loss 4.5397 | ppl 93.67 | lr 2.756066e-05 | 147.4s
Epoch 08 | 04600/06880 | loss 4.5397 | ppl 93.66 | lr 2.753453e-05 | 150.8s
Epoch 08 | 04700/06880 | loss 4.5396 | ppl 93.66 | lr 2.750847e-05 | 154.0s
Epoch 08 | 04800/06880 | loss 4.5394 | ppl 93.64 | lr 2.748249e-05 | 157.4s
Epoch 08 | 04900/06880 | loss 4.5391 | ppl 93.61 | lr 2.745658e-05 | 160.8s
Epoch 08 | 05000/06880 | loss 4.5395 | ppl 93.64 | lr 2.743074e-05 | 164.0s
Epoch 08 | 05100/06880 | loss 4.5390 | ppl 93.59 | lr 2.740498e-05 | 167.2s
Epoch 08 | 05200/06880 | loss 4.5388 | ppl 93.58 | lr 2.737928e-05 | 170.5s
Epoch 08 | 05300/06880 | loss 4.5388 | ppl 93.58 | lr 2.735366e-05 | 173.9s
Epoch 08 | 05400/06880 | loss 4.5391 | ppl 93.61 | lr 2.732812e-05 | 177.3s
Epoch 08 | 05500/06880 | loss 4.5391 | ppl 93.61 | lr 2.730264e-05 | 180.7s
Epoch 08 | 05600/06880 | loss 4.5392 | ppl 93.62 | lr 2.727724e-05 | 183.9s
Epoch 08 | 05700/06880 | loss 4.5397 | ppl 93.66 | lr 2.72519e-05 | 187.1s
Epoch 08 | 05800/06880 | loss 4.5395 | ppl 93.64 | lr 2.722664e-05 | 190.5s
Epoch 08 | 05900/06880 | loss 4.5393 | ppl 93.62 | lr 2.720144e-05 | 193.8s
Epoch 08 | 06000/06880 | loss 4.5393 | ppl 93.63 | lr 2.717632e-05 | 197.1s
Epoch 08 | 06100/06880 | loss 4.5393 | ppl 93.63 | lr 2.715127e-05 | 200.4s
Epoch 08 | 06200/06880 | loss 4.5394 | ppl 93.63 | lr 2.712628e-05 | 203.7s
Epoch 08 | 06300/06880 | loss 4.5395 | ppl 93.64 | lr 2.710137e-05 | 207.0s
Epoch 08 | 06400/06880 | loss 4.5394 | ppl 93.64 | lr 2.707652e-05 | 210.3s
Epoch 08 | 06500/06880 | loss 4.5395 | ppl 93.65 | lr 2.705174e-05 | 213.5s
Epoch 08 | 06600/06880 | loss 4.5395 | ppl 93.64 | lr 2.702703e-05 | 216.7s
Epoch 08 | 06700/06880 | loss 4.5397 | ppl 93.66 | lr 2.700238e-05 | 220.2s
Epoch 08 | 06800/06880 | loss 4.5396 | ppl 93.65 | lr 2.697781e-05 | 223.6s
Epoch 08 complete | train loss 4.5393 | dev loss 4.5575 | train BLEU 8.57 | dev BLEU 6.04 | 234.3s
{
  "best_epoch": 8,
  "best_dev_bleu": 6.036367078756781,
  "best_dev_loss": 4.557478045667877,
  "best_model": "/data/student/i2311021/projects/100-swing-drill/chapter_10_2020/models/97_tuning/bs64_lr1em04_radam/best_model.pt",
  "batch_size": 64,
  "learning_rate": 0.0001,
  "optimizer": "radam"
}

========================================================================
Trial: bs32_lr3em04_adamw
========================================================================
GPU: NVIDIA RTX PRO 6000 Blackwell Max-Q Workstation Edition
Train: 440,286, Dev: 1,166
Epoch 01 | 00100/13759 | loss 9.6158 | ppl 14999.93 | lr 7.5e-06 | 4.0s
Epoch 01 | 00200/13759 | loss 9.4961 | ppl 13308.12 | lr 1.5e-05 | 7.3s
Epoch 01 | 00300/13759 | loss 9.3623 | ppl 11641.17 | lr 2.25e-05 | 10.5s
Epoch 01 | 00400/13759 | loss 9.2037 | ppl 9934.30 | lr 3e-05 | 13.7s
Epoch 01 | 00500/13759 | loss 9.0245 | ppl 8303.76 | lr 3.75e-05 | 16.9s
Epoch 01 | 00600/13759 | loss 8.8331 | ppl 6857.61 | lr 4.5e-05 | 20.1s
Epoch 01 | 00700/13759 | loss 8.6585 | ppl 5758.64 | lr 5.25e-05 | 23.3s
Epoch 01 | 00800/13759 | loss 8.5126 | ppl 4977.21 | lr 6e-05 | 26.6s
Epoch 01 | 00900/13759 | loss 8.3885 | ppl 4396.25 | lr 6.75e-05 | 29.9s
Epoch 01 | 01000/13759 | loss 8.2776 | ppl 3934.86 | lr 7.5e-05 | 33.2s
Epoch 01 | 01100/13759 | loss 8.1762 | ppl 3555.25 | lr 8.25e-05 | 36.4s
Epoch 01 | 01200/13759 | loss 8.0844 | ppl 3243.63 | lr 9e-05 | 39.7s
Epoch 01 | 01300/13759 | loss 7.9984 | ppl 2976.05 | lr 9.75e-05 | 42.9s
Epoch 01 | 01400/13759 | loss 7.9170 | ppl 2743.53 | lr 0.000105 | 46.1s
Epoch 01 | 01500/13759 | loss 7.8407 | ppl 2542.10 | lr 0.0001125 | 49.3s
Epoch 01 | 01600/13759 | loss 7.7723 | ppl 2373.91 | lr 0.00012 | 52.8s
Epoch 01 | 01700/13759 | loss 7.7052 | ppl 2219.90 | lr 0.0001275 | 56.0s
Epoch 01 | 01800/13759 | loss 7.6427 | ppl 2085.46 | lr 0.000135 | 59.2s
Epoch 01 | 01900/13759 | loss 7.5855 | ppl 1969.50 | lr 0.0001425 | 62.4s
Epoch 01 | 02000/13759 | loss 7.5304 | ppl 1863.87 | lr 0.00015 | 65.7s
Epoch 01 | 02100/13759 | loss 7.4788 | ppl 1770.17 | lr 0.0001575 | 68.9s
Epoch 01 | 02200/13759 | loss 7.4292 | ppl 1684.48 | lr 0.000165 | 72.3s
Epoch 01 | 02300/13759 | loss 7.3801 | ppl 1603.71 | lr 0.0001725 | 75.8s
Epoch 01 | 02400/13759 | loss 7.3348 | ppl 1532.77 | lr 0.00018 | 78.7s
Epoch 01 | 02500/13759 | loss 7.2905 | ppl 1466.25 | lr 0.0001875 | 82.0s
Epoch 01 | 02600/13759 | loss 7.2486 | ppl 1406.12 | lr 0.000195 | 85.1s
Epoch 01 | 02700/13759 | loss 7.2085 | ppl 1350.84 | lr 0.0002025 | 88.3s
Epoch 01 | 02800/13759 | loss 7.1704 | ppl 1300.31 | lr 0.00021 | 91.6s
Epoch 01 | 02900/13759 | loss 7.1333 | ppl 1252.97 | lr 0.0002175 | 94.8s
Epoch 01 | 03000/13759 | loss 7.0977 | ppl 1209.16 | lr 0.000225 | 98.0s
Epoch 01 | 03100/13759 | loss 7.0630 | ppl 1167.89 | lr 0.0002325 | 101.1s
Epoch 01 | 03200/13759 | loss 7.0296 | ppl 1129.62 | lr 0.00024 | 104.3s
Epoch 01 | 03300/13759 | loss 6.9982 | ppl 1094.70 | lr 0.0002475 | 107.5s
Epoch 01 | 03400/13759 | loss 6.9670 | ppl 1061.08 | lr 0.000255 | 110.6s
Epoch 01 | 03500/13759 | loss 6.9375 | ppl 1030.14 | lr 0.0002625 | 113.7s
Epoch 01 | 03600/13759 | loss 6.9087 | ppl 1000.93 | lr 0.00027 | 116.9s
Epoch 01 | 03700/13759 | loss 6.8806 | ppl 973.16 | lr 0.0002775 | 120.1s
Epoch 01 | 03800/13759 | loss 6.8538 | ppl 947.48 | lr 0.000285 | 123.2s
Epoch 01 | 03900/13759 | loss 6.8276 | ppl 922.98 | lr 0.0002925 | 126.4s
Epoch 01 | 04000/13759 | loss 6.8016 | ppl 899.33 | lr 0.0003 | 129.5s
Epoch 01 | 04100/13759 | loss 6.7775 | ppl 877.89 | lr 0.0002963189 | 132.7s
Epoch 01 | 04200/13759 | loss 6.7532 | ppl 856.79 | lr 0.00029277 | 136.0s
Epoch 01 | 04300/13759 | loss 6.7299 | ppl 837.06 | lr 0.0002893457 | 139.2s
Epoch 01 | 04400/13759 | loss 6.7073 | ppl 818.38 | lr 0.0002860388 | 142.4s
Epoch 01 | 04500/13759 | loss 6.6846 | ppl 800.01 | lr 0.0002828427 | 145.6s
Epoch 01 | 04600/13759 | loss 6.6629 | ppl 782.79 | lr 0.0002797514 | 148.9s
Epoch 01 | 04700/13759 | loss 6.6418 | ppl 766.48 | lr 0.0002767594 | 152.1s
Epoch 01 | 04800/13759 | loss 6.6203 | ppl 750.16 | lr 0.0002738613 | 155.3s
Epoch 01 | 04900/13759 | loss 6.5995 | ppl 734.73 | lr 0.0002710524 | 158.5s
Epoch 01 | 05000/13759 | loss 6.5795 | ppl 720.20 | lr 0.0002683282 | 161.7s
Epoch 01 | 05100/13759 | loss 6.5597 | ppl 706.03 | lr 0.0002656845 | 164.9s
Epoch 01 | 05200/13759 | loss 6.5406 | ppl 692.73 | lr 0.0002631174 | 168.1s
Epoch 01 | 05300/13759 | loss 6.5218 | ppl 679.78 | lr 0.0002606233 | 171.3s
Epoch 01 | 05400/13759 | loss 6.5028 | ppl 667.01 | lr 0.0002581989 | 174.5s
Epoch 01 | 05500/13759 | loss 6.4849 | ppl 655.17 | lr 0.0002558409 | 177.9s
Epoch 01 | 05600/13759 | loss 6.4672 | ppl 643.70 | lr 0.0002535463 | 181.3s
Epoch 01 | 05700/13759 | loss 6.4499 | ppl 632.65 | lr 0.0002513123 | 184.5s
Epoch 01 | 05800/13759 | loss 6.4329 | ppl 622.00 | lr 0.0002491364 | 187.7s
Epoch 01 | 05900/13759 | loss 6.4156 | ppl 611.31 | lr 0.0002470161 | 190.8s
Epoch 01 | 06000/13759 | loss 6.3994 | ppl 601.48 | lr 0.000244949 | 194.0s
Epoch 01 | 06100/13759 | loss 6.3832 | ppl 591.83 | lr 0.0002429329 | 197.1s
Epoch 01 | 06200/13759 | loss 6.3669 | ppl 582.28 | lr 0.0002409658 | 200.2s
Epoch 01 | 06300/13759 | loss 6.3516 | ppl 573.43 | lr 0.0002390457 | 203.4s
Epoch 01 | 06400/13759 | loss 6.3365 | ppl 564.81 | lr 0.0002371708 | 206.7s
Epoch 01 | 06500/13759 | loss 6.3216 | ppl 556.48 | lr 0.0002353394 | 210.0s
Epoch 01 | 06600/13759 | loss 6.3076 | ppl 548.72 | lr 0.0002335497 | 213.2s
Epoch 01 | 06700/13759 | loss 6.2933 | ppl 540.93 | lr 0.0002318002 | 216.4s
Epoch 01 | 06800/13759 | loss 6.2789 | ppl 533.23 | lr 0.0002300895 | 219.5s
Epoch 01 | 06900/13759 | loss 6.2649 | ppl 525.78 | lr 0.0002284161 | 222.7s
Epoch 01 | 07000/13759 | loss 6.2509 | ppl 518.47 | lr 0.0002267787 | 226.0s
Epoch 01 | 07100/13759 | loss 6.2376 | ppl 511.62 | lr 0.000225176 | 229.2s
Epoch 01 | 07200/13759 | loss 6.2240 | ppl 504.73 | lr 0.0002236068 | 232.4s
Epoch 01 | 07300/13759 | loss 6.2111 | ppl 498.25 | lr 0.00022207 | 235.6s
Epoch 01 | 07400/13759 | loss 6.1984 | ppl 491.96 | lr 0.0002205644 | 239.1s
Epoch 01 | 07500/13759 | loss 6.1857 | ppl 485.78 | lr 0.000219089 | 242.5s
Epoch 01 | 07600/13759 | loss 6.1735 | ppl 479.86 | lr 0.0002176429 | 245.7s
Epoch 01 | 07700/13759 | loss 6.1609 | ppl 473.84 | lr 0.000216225 | 248.9s
Epoch 01 | 07800/13759 | loss 6.1492 | ppl 468.35 | lr 0.0002148345 | 252.1s
Epoch 01 | 07900/13759 | loss 6.1375 | ppl 462.91 | lr 0.0002134704 | 255.2s
Epoch 01 | 08000/13759 | loss 6.1257 | ppl 457.48 | lr 0.000212132 | 258.4s
Epoch 01 | 08100/13759 | loss 6.1144 | ppl 452.31 | lr 0.0002108185 | 261.6s
Epoch 01 | 08200/13759 | loss 6.1032 | ppl 447.27 | lr 0.0002095291 | 264.8s
Epoch 01 | 08300/13759 | loss 6.0920 | ppl 442.28 | lr 0.000208263 | 268.0s
Epoch 01 | 08400/13759 | loss 6.0811 | ppl 437.52 | lr 0.0002070197 | 270.9s
Epoch 01 | 08500/13759 | loss 6.0703 | ppl 432.79 | lr 0.0002057983 | 274.1s
Epoch 01 | 08600/13759 | loss 6.0600 | ppl 428.36 | lr 0.0002045983 | 277.3s
Epoch 01 | 08700/13759 | loss 6.0492 | ppl 423.78 | lr 0.0002034191 | 280.4s
Epoch 01 | 08800/13759 | loss 6.0387 | ppl 419.35 | lr 0.00020226 | 283.6s
Epoch 01 | 08900/13759 | loss 6.0287 | ppl 415.17 | lr 0.0002011205 | 286.6s
Epoch 01 | 09000/13759 | loss 6.0186 | ppl 411.01 | lr 0.0002 | 289.8s
Epoch 01 | 09100/13759 | loss 6.0086 | ppl 406.92 | lr 0.0001988981 | 293.2s
Epoch 01 | 09200/13759 | loss 5.9986 | ppl 402.86 | lr 0.0001978141 | 296.6s
Epoch 01 | 09300/13759 | loss 5.9891 | ppl 399.06 | lr 0.0001967478 | 300.1s
Epoch 01 | 09400/13759 | loss 5.9796 | ppl 395.27 | lr 0.0001956984 | 303.6s
Epoch 01 | 09500/13759 | loss 5.9701 | ppl 391.53 | lr 0.0001946657 | 306.9s
Epoch 01 | 09600/13759 | loss 5.9604 | ppl 387.75 | lr 0.0001936492 | 310.1s
Epoch 01 | 09700/13759 | loss 5.9508 | ppl 384.05 | lr 0.0001926484 | 313.3s
Epoch 01 | 09800/13759 | loss 5.9416 | ppl 380.56 | lr 0.000191663 | 316.6s
Epoch 01 | 09900/13759 | loss 5.9326 | ppl 377.13 | lr 0.0001906925 | 320.0s
Epoch 01 | 10000/13759 | loss 5.9236 | ppl 373.75 | lr 0.0001897367 | 323.2s
Epoch 01 | 10100/13759 | loss 5.9149 | ppl 370.50 | lr 0.000188795 | 326.4s
Epoch 01 | 10200/13759 | loss 5.9062 | ppl 367.29 | lr 0.0001878673 | 329.4s
Epoch 01 | 10300/13759 | loss 5.8973 | ppl 364.05 | lr 0.0001869531 | 332.5s
Epoch 01 | 10400/13759 | loss 5.8888 | ppl 360.99 | lr 0.0001860521 | 335.5s
Epoch 01 | 10500/13759 | loss 5.8803 | ppl 357.92 | lr 0.000185164 | 338.5s
Epoch 01 | 10600/13759 | loss 5.8720 | ppl 354.95 | lr 0.0001842885 | 341.6s
Epoch 01 | 10700/13759 | loss 5.8636 | ppl 351.98 | lr 0.0001834254 | 344.5s
Epoch 01 | 10800/13759 | loss 5.8553 | ppl 349.09 | lr 0.0001825742 | 347.6s
Epoch 01 | 10900/13759 | loss 5.8473 | ppl 346.30 | lr 0.0001817348 | 350.7s
Epoch 01 | 11000/13759 | loss 5.8391 | ppl 343.48 | lr 0.0001809068 | 354.1s
Epoch 01 | 11100/13759 | loss 5.8313 | ppl 340.81 | lr 0.0001800901 | 357.6s
Epoch 01 | 11200/13759 | loss 5.8233 | ppl 338.09 | lr 0.0001792843 | 360.8s
Epoch 01 | 11300/13759 | loss 5.8156 | ppl 335.49 | lr 0.0001784892 | 364.0s
Epoch 01 | 11400/13759 | loss 5.8079 | ppl 332.93 | lr 0.0001777047 | 367.2s
Epoch 01 | 11500/13759 | loss 5.8002 | ppl 330.36 | lr 0.0001769303 | 370.3s
Epoch 01 | 11600/13759 | loss 5.7923 | ppl 327.77 | lr 0.0001761661 | 373.5s
Epoch 01 | 11700/13759 | loss 5.7849 | ppl 325.35 | lr 0.0001754116 | 376.7s
Epoch 01 | 11800/13759 | loss 5.7777 | ppl 323.01 | lr 0.0001746668 | 379.9s
Epoch 01 | 11900/13759 | loss 5.7705 | ppl 320.69 | lr 0.0001739313 | 383.1s
Epoch 01 | 12000/13759 | loss 5.7633 | ppl 318.38 | lr 0.0001732051 | 386.3s
Epoch 01 | 12100/13759 | loss 5.7562 | ppl 316.15 | lr 0.0001724879 | 389.5s
Epoch 01 | 12200/13759 | loss 5.7492 | ppl 313.94 | lr 0.0001717795 | 392.6s
Epoch 01 | 12300/13759 | loss 5.7422 | ppl 311.75 | lr 0.0001710798 | 395.9s
Epoch 01 | 12400/13759 | loss 5.7351 | ppl 309.55 | lr 0.0001703886 | 399.1s
Epoch 01 | 12500/13759 | loss 5.7281 | ppl 307.40 | lr 0.0001697056 | 402.2s
Epoch 01 | 12600/13759 | loss 5.7214 | ppl 305.35 | lr 0.0001690309 | 405.5s
Epoch 01 | 12700/13759 | loss 5.7147 | ppl 303.30 | lr 0.0001683641 | 408.7s
Epoch 01 | 12800/13759 | loss 5.7079 | ppl 301.23 | lr 0.0001677051 | 411.7s
Epoch 01 | 12900/13759 | loss 5.7013 | ppl 299.25 | lr 0.0001670538 | 414.9s
Epoch 01 | 13000/13759 | loss 5.6945 | ppl 297.24 | lr 0.0001664101 | 418.1s
Epoch 01 | 13100/13759 | loss 5.6879 | ppl 295.28 | lr 0.0001657737 | 421.3s
Epoch 01 | 13200/13759 | loss 5.6816 | ppl 293.43 | lr 0.0001651446 | 424.4s
Epoch 01 | 13300/13759 | loss 5.6755 | ppl 291.63 | lr 0.0001645225 | 427.7s
Epoch 01 | 13400/13759 | loss 5.6691 | ppl 289.78 | lr 0.0001639075 | 430.9s
Epoch 01 | 13500/13759 | loss 5.6629 | ppl 287.98 | lr 0.0001632993 | 434.0s
Epoch 01 | 13600/13759 | loss 5.6566 | ppl 286.17 | lr 0.0001626978 | 437.2s
Epoch 01 | 13700/13759 | loss 5.6506 | ppl 284.47 | lr 0.000162103 | 440.4s
/data/student/i2311021/conda_envs/100-swing-drill-gpu/lib/python3.10/site-packages/torch/nn/modules/transformer.py:531: UserWarning: The PyTorch API of nested tensors is in prototype stage and will change in the near future. We recommend specifying layout=torch.jagged when constructing a nested tensor, as this layout receives active development, has better operator coverage, and works with torch.compile. (Triggered internally at /pytorch/aten/src/ATen/NestedTensorImpl.cpp:178.)
  output = torch._nested_tensor_from_mask(
Epoch 01 complete | train loss 5.6472 | dev loss 4.8131 | train BLEU 5.53 | dev BLEU 4.25 | 450.4s
Epoch 02 | 00100/13759 | loss 4.7585 | ppl 116.57 | lr 0.0001611704 | 3.5s
Epoch 02 | 00200/13759 | loss 4.7546 | ppl 116.12 | lr 0.0001605921 | 7.0s
Epoch 02 | 00300/13759 | loss 4.7542 | ppl 116.07 | lr 0.0001600199 | 10.2s
Epoch 02 | 00400/13759 | loss 4.7531 | ppl 115.94 | lr 0.0001594538 | 13.3s
Epoch 02 | 00500/13759 | loss 4.7489 | ppl 115.46 | lr 0.0001588937 | 16.4s
Epoch 02 | 00600/13759 | loss 4.7436 | ppl 114.84 | lr 0.0001583395 | 19.6s
Epoch 02 | 00700/13759 | loss 4.7415 | ppl 114.60 | lr 0.000157791 | 22.9s
Epoch 02 | 00800/13759 | loss 4.7412 | ppl 114.57 | lr 0.0001572481 | 26.1s
Epoch 02 | 00900/13759 | loss 4.7435 | ppl 114.83 | lr 0.0001567109 | 29.3s
Epoch 02 | 01000/13759 | loss 4.7441 | ppl 114.90 | lr 0.0001561791 | 32.5s
Epoch 02 | 01100/13759 | loss 4.7455 | ppl 115.07 | lr 0.0001556526 | 35.8s
Epoch 02 | 01200/13759 | loss 4.7444 | ppl 114.94 | lr 0.0001551315 | 39.1s
Epoch 02 | 01300/13759 | loss 4.7419 | ppl 114.65 | lr 0.0001546156 | 42.3s
Epoch 02 | 01400/13759 | loss 4.7396 | ppl 114.38 | lr 0.0001541047 | 45.6s
Epoch 02 | 01500/13759 | loss 4.7386 | ppl 114.27 | lr 0.0001535989 | 48.9s
Epoch 02 | 01600/13759 | loss 4.7383 | ppl 114.24 | lr 0.0001530981 | 52.4s
Epoch 02 | 01700/13759 | loss 4.7364 | ppl 114.02 | lr 0.0001526021 | 55.6s
Epoch 02 | 01800/13759 | loss 4.7347 | ppl 113.83 | lr 0.0001521109 | 58.8s
Epoch 02 | 01900/13759 | loss 4.7326 | ppl 113.59 | lr 0.0001516244 | 62.0s
Epoch 02 | 02000/13759 | loss 4.7314 | ppl 113.46 | lr 0.0001511426 | 65.2s
Epoch 02 | 02100/13759 | loss 4.7301 | ppl 113.30 | lr 0.0001506653 | 68.5s
Epoch 02 | 02200/13759 | loss 4.7283 | ppl 113.10 | lr 0.0001501926 | 71.7s
Epoch 02 | 02300/13759 | loss 4.7272 | ppl 112.98 | lr 0.0001497242 | 74.8s
Epoch 02 | 02400/13759 | loss 4.7257 | ppl 112.81 | lr 0.0001492602 | 77.9s
Epoch 02 | 02500/13759 | loss 4.7246 | ppl 112.69 | lr 0.0001488005 | 80.8s
Epoch 02 | 02600/13759 | loss 4.7239 | ppl 112.61 | lr 0.000148345 | 84.1s
Epoch 02 | 02700/13759 | loss 4.7226 | ppl 112.46 | lr 0.0001478937 | 87.4s
Epoch 02 | 02800/13759 | loss 4.7215 | ppl 112.33 | lr 0.0001474464 | 90.6s
Epoch 02 | 02900/13759 | loss 4.7199 | ppl 112.16 | lr 0.0001470032 | 93.9s
Epoch 02 | 03000/13759 | loss 4.7193 | ppl 112.09 | lr 0.000146564 | 97.3s
Epoch 02 | 03100/13759 | loss 4.7174 | ppl 111.87 | lr 0.0001461286 | 100.5s
Epoch 02 | 03200/13759 | loss 4.7153 | ppl 111.65 | lr 0.0001456972 | 103.7s
Epoch 02 | 03300/13759 | loss 4.7139 | ppl 111.48 | lr 0.0001452695 | 107.0s
Epoch 02 | 03400/13759 | loss 4.7126 | ppl 111.34 | lr 0.0001448456 | 110.2s
Epoch 02 | 03500/13759 | loss 4.7106 | ppl 111.12 | lr 0.0001444254 | 113.4s
Epoch 02 | 03600/13759 | loss 4.7094 | ppl 110.99 | lr 0.0001440088 | 116.7s
Epoch 02 | 03700/13759 | loss 4.7074 | ppl 110.76 | lr 0.0001435957 | 120.0s
Epoch 02 | 03800/13759 | loss 4.7051 | ppl 110.51 | lr 0.0001431863 | 123.3s
Epoch 02 | 03900/13759 | loss 4.7036 | ppl 110.35 | lr 0.0001427803 | 126.5s
Epoch 02 | 04000/13759 | loss 4.7022 | ppl 110.19 | lr 0.0001423777 | 129.8s
Epoch 02 | 04100/13759 | loss 4.7000 | ppl 109.95 | lr 0.0001419785 | 132.9s
Epoch 02 | 04200/13759 | loss 4.6982 | ppl 109.75 | lr 0.0001415827 | 136.2s
Epoch 02 | 04300/13759 | loss 4.6966 | ppl 109.57 | lr 0.0001411902 | 139.4s
Epoch 02 | 04400/13759 | loss 4.6954 | ppl 109.44 | lr 0.0001408009 | 142.6s
Epoch 02 | 04500/13759 | loss 4.6932 | ppl 109.20 | lr 0.0001404148 | 145.8s
Epoch 02 | 04600/13759 | loss 4.6915 | ppl 109.02 | lr 0.0001400318 | 149.1s
Epoch 02 | 04700/13759 | loss 4.6897 | ppl 108.82 | lr 0.000139652 | 152.3s
Epoch 02 | 04800/13759 | loss 4.6881 | ppl 108.65 | lr 0.0001392753 | 155.6s
Epoch 02 | 04900/13759 | loss 4.6867 | ppl 108.49 | lr 0.0001389015 | 158.8s
Epoch 02 | 05000/13759 | loss 4.6849 | ppl 108.30 | lr 0.0001385308 | 162.0s
Epoch 02 | 05100/13759 | loss 4.6832 | ppl 108.11 | lr 0.0001381631 | 165.3s
Epoch 02 | 05200/13759 | loss 4.6808 | ppl 107.86 | lr 0.0001377982 | 168.5s
Epoch 02 | 05300/13759 | loss 4.6790 | ppl 107.67 | lr 0.0001374362 | 171.8s
Epoch 02 | 05400/13759 | loss 4.6779 | ppl 107.55 | lr 0.0001370771 | 175.2s
Epoch 02 | 05500/13759 | loss 4.6762 | ppl 107.36 | lr 0.0001367207 | 178.5s
Epoch 02 | 05600/13759 | loss 4.6747 | ppl 107.21 | lr 0.0001363672 | 181.7s
Epoch 02 | 05700/13759 | loss 4.6731 | ppl 107.02 | lr 0.0001360163 | 185.1s
Epoch 02 | 05800/13759 | loss 4.6713 | ppl 106.83 | lr 0.0001356682 | 188.4s
Epoch 02 | 05900/13759 | loss 4.6694 | ppl 106.63 | lr 0.0001353227 | 191.6s
Epoch 02 | 06000/13759 | loss 4.6678 | ppl 106.47 | lr 0.0001349798 | 194.8s
Epoch 02 | 06100/13759 | loss 4.6661 | ppl 106.28 | lr 0.0001346395 | 198.0s
Epoch 02 | 06200/13759 | loss 4.6647 | ppl 106.14 | lr 0.0001343018 | 201.2s
Epoch 02 | 06300/13759 | loss 4.6631 | ppl 105.96 | lr 0.0001339666 | 204.5s
Epoch 02 | 06400/13759 | loss 4.6617 | ppl 105.82 | lr 0.0001336339 | 207.8s
Epoch 02 | 06500/13759 | loss 4.6601 | ppl 105.65 | lr 0.0001333037 | 211.1s
Epoch 02 | 06600/13759 | loss 4.6591 | ppl 105.54 | lr 0.0001329759 | 214.2s
Epoch 02 | 06700/13759 | loss 4.6578 | ppl 105.41 | lr 0.0001326505 | 217.4s
Epoch 02 | 06800/13759 | loss 4.6563 | ppl 105.25 | lr 0.0001323275 | 220.7s
Epoch 02 | 06900/13759 | loss 4.6547 | ppl 105.08 | lr 0.0001320069 | 223.9s
Epoch 02 | 07000/13759 | loss 4.6532 | ppl 104.92 | lr 0.0001316886 | 227.1s
Epoch 02 | 07100/13759 | loss 4.6519 | ppl 104.78 | lr 0.0001313725 | 230.3s
Epoch 02 | 07200/13759 | loss 4.6505 | ppl 104.64 | lr 0.0001310587 | 233.6s
Epoch 02 | 07300/13759 | loss 4.6490 | ppl 104.48 | lr 0.0001307472 | 236.8s
Epoch 02 | 07400/13759 | loss 4.6474 | ppl 104.32 | lr 0.0001304379 | 240.2s
Epoch 02 | 07500/13759 | loss 4.6458 | ppl 104.15 | lr 0.0001301307 | 243.6s
Epoch 02 | 07600/13759 | loss 4.6445 | ppl 104.01 | lr 0.0001298257 | 247.2s
Epoch 02 | 07700/13759 | loss 4.6430 | ppl 103.85 | lr 0.0001295229 | 250.5s
Epoch 02 | 07800/13759 | loss 4.6413 | ppl 103.68 | lr 0.0001292221 | 253.7s
Epoch 02 | 07900/13759 | loss 4.6401 | ppl 103.55 | lr 0.0001289235 | 256.9s
Epoch 02 | 08000/13759 | loss 4.6387 | ppl 103.41 | lr 0.0001286269 | 260.1s
Epoch 02 | 08100/13759 | loss 4.6376 | ppl 103.30 | lr 0.0001283323 | 263.5s
Epoch 02 | 08200/13759 | loss 4.6360 | ppl 103.14 | lr 0.0001280398 | 266.9s
Epoch 02 | 08300/13759 | loss 4.6345 | ppl 102.98 | lr 0.0001277492 | 270.2s
Epoch 02 | 08400/13759 | loss 4.6329 | ppl 102.82 | lr 0.0001274607 | 273.4s
Epoch 02 | 08500/13759 | loss 4.6311 | ppl 102.63 | lr 0.000127174 | 276.6s
Epoch 02 | 08600/13759 | loss 4.6295 | ppl 102.46 | lr 0.0001268893 | 279.8s
Epoch 02 | 08700/13759 | loss 4.6281 | ppl 102.32 | lr 0.0001266065 | 283.0s
Epoch 02 | 08800/13759 | loss 4.6267 | ppl 102.18 | lr 0.0001263256 | 286.3s
Epoch 02 | 08900/13759 | loss 4.6253 | ppl 102.03 | lr 0.0001260465 | 289.5s
Epoch 02 | 09000/13759 | loss 4.6237 | ppl 101.87 | lr 0.0001257693 | 292.7s
Epoch 02 | 09100/13759 | loss 4.6228 | ppl 101.77 | lr 0.0001254939 | 295.9s
Epoch 02 | 09200/13759 | loss 4.6214 | ppl 101.64 | lr 0.0001252203 | 299.1s
Epoch 02 | 09300/13759 | loss 4.6201 | ppl 101.50 | lr 0.0001249485 | 302.3s
Epoch 02 | 09400/13759 | loss 4.6186 | ppl 101.35 | lr 0.0001246784 | 305.6s
Epoch 02 | 09500/13759 | loss 4.6171 | ppl 101.21 | lr 0.0001244101 | 308.8s
Epoch 02 | 09600/13759 | loss 4.6160 | ppl 101.08 | lr 0.0001241435 | 312.0s
Epoch 02 | 09700/13759 | loss 4.6145 | ppl 100.93 | lr 0.0001238787 | 315.3s
Epoch 02 | 09800/13759 | loss 4.6130 | ppl 100.79 | lr 0.0001236155 | 318.6s
Epoch 02 | 09900/13759 | loss 4.6113 | ppl 100.61 | lr 0.0001233539 | 321.8s
Epoch 02 | 10000/13759 | loss 4.6099 | ppl 100.47 | lr 0.0001230941 | 325.0s
Epoch 02 | 10100/13759 | loss 4.6085 | ppl 100.34 | lr 0.0001228358 | 328.2s
Epoch 02 | 10200/13759 | loss 4.6071 | ppl 100.19 | lr 0.0001225792 | 331.4s
Epoch 02 | 10300/13759 | loss 4.6057 | ppl 100.05 | lr 0.0001223242 | 334.7s
Epoch 02 | 10400/13759 | loss 4.6044 | ppl 99.92 | lr 0.0001220708 | 337.9s
Epoch 02 | 10500/13759 | loss 4.6032 | ppl 99.80 | lr 0.0001218189 | 341.2s
Epoch 02 | 10600/13759 | loss 4.6017 | ppl 99.65 | lr 0.0001215686 | 344.4s
Epoch 02 | 10700/13759 | loss 4.6005 | ppl 99.54 | lr 0.0001213199 | 347.6s
Epoch 02 | 10800/13759 | loss 4.5989 | ppl 99.38 | lr 0.0001210726 | 350.8s
Epoch 02 | 10900/13759 | loss 4.5974 | ppl 99.23 | lr 0.0001208269 | 353.9s
Epoch 02 | 11000/13759 | loss 4.5960 | ppl 99.09 | lr 0.0001205826 | 357.3s
Epoch 02 | 11100/13759 | loss 4.5945 | ppl 98.94 | lr 0.0001203398 | 360.6s
Epoch 02 | 11200/13759 | loss 4.5932 | ppl 98.81 | lr 0.0001200985 | 363.8s
Epoch 02 | 11300/13759 | loss 4.5918 | ppl 98.67 | lr 0.0001198587 | 367.0s
Epoch 02 | 11400/13759 | loss 4.5904 | ppl 98.53 | lr 0.0001196202 | 370.2s
Epoch 02 | 11500/13759 | loss 4.5889 | ppl 98.38 | lr 0.0001193832 | 373.4s
Epoch 02 | 11600/13759 | loss 4.5875 | ppl 98.25 | lr 0.0001191476 | 376.6s
Epoch 02 | 11700/13759 | loss 4.5863 | ppl 98.13 | lr 0.0001189133 | 379.8s
Epoch 02 | 11800/13759 | loss 4.5850 | ppl 98.00 | lr 0.0001186805 | 383.0s
Epoch 02 | 11900/13759 | loss 4.5837 | ppl 97.88 | lr 0.000118449 | 386.4s
Epoch 02 | 12000/13759 | loss 4.5823 | ppl 97.74 | lr 0.0001182189 | 389.8s
Epoch 02 | 12100/13759 | loss 4.5810 | ppl 97.62 | lr 0.0001179901 | 393.2s
Epoch 02 | 12200/13759 | loss 4.5796 | ppl 97.48 | lr 0.0001177626 | 396.4s
Epoch 02 | 12300/13759 | loss 4.5781 | ppl 97.33 | lr 0.0001175364 | 399.6s
Epoch 02 | 12400/13759 | loss 4.5768 | ppl 97.21 | lr 0.0001173115 | 402.8s
Epoch 02 | 12500/13759 | loss 4.5754 | ppl 97.07 | lr 0.0001170879 | 406.2s
Epoch 02 | 12600/13759 | loss 4.5741 | ppl 96.94 | lr 0.0001168656 | 409.5s
Epoch 02 | 12700/13759 | loss 4.5727 | ppl 96.80 | lr 0.0001166446 | 412.8s
Epoch 02 | 12800/13759 | loss 4.5715 | ppl 96.69 | lr 0.0001164248 | 416.0s
Epoch 02 | 12900/13759 | loss 4.5703 | ppl 96.57 | lr 0.0001162062 | 419.2s
Epoch 02 | 13000/13759 | loss 4.5691 | ppl 96.46 | lr 0.0001159889 | 422.5s
Epoch 02 | 13100/13759 | loss 4.5678 | ppl 96.33 | lr 0.0001157727 | 425.6s
Epoch 02 | 13200/13759 | loss 4.5665 | ppl 96.21 | lr 0.0001155578 | 428.8s
Epoch 02 | 13300/13759 | loss 4.5652 | ppl 96.08 | lr 0.0001153441 | 432.0s
Epoch 02 | 13400/13759 | loss 4.5640 | ppl 95.96 | lr 0.0001151316 | 435.2s
Epoch 02 | 13500/13759 | loss 4.5628 | ppl 95.85 | lr 0.0001149202 | 438.7s
Epoch 02 | 13600/13759 | loss 4.5615 | ppl 95.72 | lr 0.00011471 | 442.1s
Epoch 02 | 13700/13759 | loss 4.5603 | ppl 95.61 | lr 0.0001145009 | 445.4s
Epoch 02 complete | train loss 4.5596 | dev loss 4.3743 | train BLEU 10.27 | dev BLEU 7.31 | 455.0s
Epoch 03 | 00100/13759 | loss 4.3279 | ppl 75.78 | lr 0.0001141708 | 3.5s
Epoch 03 | 00200/13759 | loss 4.3347 | ppl 76.30 | lr 0.0001139647 | 7.0s
Epoch 03 | 00300/13759 | loss 4.3338 | ppl 76.24 | lr 0.0001137597 | 10.3s
Epoch 03 | 00400/13759 | loss 4.3267 | ppl 75.69 | lr 0.0001135557 | 13.5s
Epoch 03 | 00500/13759 | loss 4.3256 | ppl 75.61 | lr 0.0001133529 | 16.7s
Epoch 03 | 00600/13759 | loss 4.3202 | ppl 75.21 | lr 0.0001131512 | 20.0s
Epoch 03 | 00700/13759 | loss 4.3189 | ppl 75.11 | lr 0.0001129505 | 23.3s
Epoch 03 | 00800/13759 | loss 4.3202 | ppl 75.20 | lr 0.0001127509 | 26.5s
Epoch 03 | 00900/13759 | loss 4.3151 | ppl 74.82 | lr 0.0001125523 | 29.7s
Epoch 03 | 01000/13759 | loss 4.3157 | ppl 74.87 | lr 0.0001123548 | 32.9s
Epoch 03 | 01100/13759 | loss 4.3158 | ppl 74.87 | lr 0.0001121583 | 36.2s
Epoch 03 | 01200/13759 | loss 4.3185 | ppl 75.08 | lr 0.0001119629 | 39.4s
Epoch 03 | 01300/13759 | loss 4.3187 | ppl 75.09 | lr 0.0001117685 | 42.6s
Epoch 03 | 01400/13759 | loss 4.3179 | ppl 75.03 | lr 0.0001115751 | 45.8s
Epoch 03 | 01500/13759 | loss 4.3169 | ppl 74.95 | lr 0.0001113826 | 49.1s
Epoch 03 | 01600/13759 | loss 4.3174 | ppl 74.99 | lr 0.0001111912 | 52.3s
Epoch 03 | 01700/13759 | loss 4.3163 | ppl 74.91 | lr 0.0001110008 | 55.5s
Epoch 03 | 01800/13759 | loss 4.3159 | ppl 74.88 | lr 0.0001108113 | 58.7s
Epoch 03 | 01900/13759 | loss 4.3129 | ppl 74.66 | lr 0.0001106228 | 61.9s
Epoch 03 | 02000/13759 | loss 4.3140 | ppl 74.74 | lr 0.0001104353 | 65.2s
Epoch 03 | 02100/13759 | loss 4.3141 | ppl 74.75 | lr 0.0001102487 | 68.6s
Epoch 03 | 02200/13759 | loss 4.3137 | ppl 74.72 | lr 0.000110063 | 71.9s
Epoch 03 | 02300/13759 | loss 4.3125 | ppl 74.63 | lr 0.0001098783 | 75.1s
Epoch 03 | 02400/13759 | loss 4.3123 | ppl 74.61 | lr 0.0001096945 | 78.3s
Epoch 03 | 02500/13759 | loss 4.3112 | ppl 74.53 | lr 0.0001095117 | 81.5s
Epoch 03 | 02600/13759 | loss 4.3108 | ppl 74.50 | lr 0.0001093297 | 84.7s
Epoch 03 | 02700/13759 | loss 4.3105 | ppl 74.48 | lr 0.0001091487 | 87.9s
Epoch 03 | 02800/13759 | loss 4.3090 | ppl 74.36 | lr 0.0001089685 | 91.1s
Epoch 03 | 02900/13759 | loss 4.3080 | ppl 74.29 | lr 0.0001087892 | 94.3s
Epoch 03 | 03000/13759 | loss 4.3080 | ppl 74.29 | lr 0.0001086109 | 97.6s
Epoch 03 | 03100/13759 | loss 4.3080 | ppl 74.29 | lr 0.0001084333 | 100.8s
Epoch 03 | 03200/13759 | loss 4.3069 | ppl 74.21 | lr 0.0001082567 | 104.0s
Epoch 03 | 03300/13759 | loss 4.3060 | ppl 74.14 | lr 0.0001080809 | 107.2s
Epoch 03 | 03400/13759 | loss 4.3061 | ppl 74.15 | lr 0.000107906 | 110.4s
Epoch 03 | 03500/13759 | loss 4.3056 | ppl 74.11 | lr 0.0001077319 | 113.6s
Epoch 03 | 03600/13759 | loss 4.3048 | ppl 74.05 | lr 0.0001075587 | 116.7s
Epoch 03 | 03700/13759 | loss 4.3035 | ppl 73.96 | lr 0.0001073863 | 120.1s
Epoch 03 | 03800/13759 | loss 4.3030 | ppl 73.92 | lr 0.0001072147 | 123.4s
Epoch 03 | 03900/13759 | loss 4.3026 | ppl 73.90 | lr 0.0001070439 | 126.7s
Epoch 03 | 04000/13759 | loss 4.3018 | ppl 73.83 | lr 0.000106874 | 129.7s
Epoch 03 | 04100/13759 | loss 4.3018 | ppl 73.83 | lr 0.0001067048 | 133.0s
Epoch 03 | 04200/13759 | loss 4.3011 | ppl 73.78 | lr 0.0001065365 | 136.1s
Epoch 03 | 04300/13759 | loss 4.3006 | ppl 73.74 | lr 0.0001063689 | 139.3s
Epoch 03 | 04400/13759 | loss 4.2996 | ppl 73.67 | lr 0.0001062022 | 142.5s
Epoch 03 | 04500/13759 | loss 4.2993 | ppl 73.65 | lr 0.0001060362 | 145.7s
Epoch 03 | 04600/13759 | loss 4.2985 | ppl 73.59 | lr 0.000105871 | 148.9s
Epoch 03 | 04700/13759 | loss 4.2986 | ppl 73.60 | lr 0.0001057066 | 152.1s
Epoch 03 | 04800/13759 | loss 4.2976 | ppl 73.53 | lr 0.0001055429 | 155.3s
Epoch 03 | 04900/13759 | loss 4.2973 | ppl 73.50 | lr 0.00010538 | 158.5s
Epoch 03 | 05000/13759 | loss 4.2967 | ppl 73.46 | lr 0.0001052178 | 161.8s
Epoch 03 | 05100/13759 | loss 4.2959 | ppl 73.40 | lr 0.0001050564 | 165.0s
Epoch 03 | 05200/13759 | loss 4.2953 | ppl 73.35 | lr 0.0001048957 | 168.2s
Epoch 03 | 05300/13759 | loss 4.2945 | ppl 73.29 | lr 0.0001047358 | 171.5s
Epoch 03 | 05400/13759 | loss 4.2938 | ppl 73.24 | lr 0.0001045766 | 174.7s
Epoch 03 | 05500/13759 | loss 4.2934 | ppl 73.22 | lr 0.0001044181 | 178.0s
Epoch 03 | 05600/13759 | loss 4.2929 | ppl 73.18 | lr 0.0001042604 | 181.2s
Epoch 03 | 05700/13759 | loss 4.2922 | ppl 73.13 | lr 0.0001041033 | 184.4s
Epoch 03 | 05800/13759 | loss 4.2910 | ppl 73.04 | lr 0.000103947 | 187.6s
Epoch 03 | 05900/13759 | loss 4.2901 | ppl 72.97 | lr 0.0001037913 | 190.8s
Epoch 03 | 06000/13759 | loss 4.2890 | ppl 72.89 | lr 0.0001036364 | 194.0s
Epoch 03 | 06100/13759 | loss 4.2881 | ppl 72.83 | lr 0.0001034821 | 197.4s
Epoch 03 | 06200/13759 | loss 4.2878 | ppl 72.80 | lr 0.0001033286 | 200.8s
Epoch 03 | 06300/13759 | loss 4.2871 | ppl 72.76 | lr 0.0001031757 | 204.1s
Epoch 03 | 06400/13759 | loss 4.2865 | ppl 72.71 | lr 0.0001030235 | 207.3s
Epoch 03 | 06500/13759 | loss 4.2857 | ppl 72.66 | lr 0.0001028719 | 210.5s
Epoch 03 | 06600/13759 | loss 4.2849 | ppl 72.59 | lr 0.0001027211 | 213.8s
Epoch 03 | 06700/13759 | loss 4.2843 | ppl 72.55 | lr 0.0001025708 | 217.0s
Epoch 03 | 06800/13759 | loss 4.2839 | ppl 72.52 | lr 0.0001024213 | 220.2s
Epoch 03 | 06900/13759 | loss 4.2828 | ppl 72.44 | lr 0.0001022724 | 223.4s
Epoch 03 | 07000/13759 | loss 4.2823 | ppl 72.40 | lr 0.0001021241 | 226.7s
Epoch 03 | 07100/13759 | loss 4.2817 | ppl 72.36 | lr 0.0001019765 | 229.8s
Epoch 03 | 07200/13759 | loss 4.2812 | ppl 72.33 | lr 0.0001018296 | 233.1s
Epoch 03 | 07300/13759 | loss 4.2801 | ppl 72.25 | lr 0.0001016832 | 236.3s
Epoch 03 | 07400/13759 | loss 4.2794 | ppl 72.20 | lr 0.0001015375 | 239.5s
Epoch 03 | 07500/13759 | loss 4.2789 | ppl 72.16 | lr 0.0001013924 | 242.8s
Epoch 03 | 07600/13759 | loss 4.2782 | ppl 72.11 | lr 0.000101248 | 246.1s
Epoch 03 | 07700/13759 | loss 4.2772 | ppl 72.04 | lr 0.0001011041 | 249.3s
Epoch 03 | 07800/13759 | loss 4.2766 | ppl 71.99 | lr 0.0001009609 | 252.5s
Epoch 03 | 07900/13759 | loss 4.2763 | ppl 71.98 | lr 0.0001008183 | 255.7s
Epoch 03 | 08000/13759 | loss 4.2757 | ppl 71.93 | lr 0.0001006762 | 259.1s
Epoch 03 | 08100/13759 | loss 4.2749 | ppl 71.87 | lr 0.0001005348 | 262.4s
Epoch 03 | 08200/13759 | loss 4.2741 | ppl 71.81 | lr 0.000100394 | 265.6s
Epoch 03 | 08300/13759 | loss 4.2734 | ppl 71.77 | lr 0.0001002537 | 268.8s
Epoch 03 | 08400/13759 | loss 4.2729 | ppl 71.73 | lr 0.0001001141 | 272.0s
Epoch 03 | 08500/13759 | loss 4.2724 | ppl 71.69 | lr 9.997501e-05 | 275.1s
Epoch 03 | 08600/13759 | loss 4.2720 | ppl 71.66 | lr 9.983651e-05 | 278.3s
Epoch 03 | 08700/13759 | loss 4.2715 | ppl 71.63 | lr 9.969859e-05 | 281.5s
Epoch 03 | 08800/13759 | loss 4.2709 | ppl 71.59 | lr 9.956124e-05 | 284.7s
Epoch 03 | 08900/13759 | loss 4.2703 | ppl 71.54 | lr 9.942445e-05 | 287.9s
Epoch 03 | 09000/13759 | loss 4.2695 | ppl 71.49 | lr 9.928823e-05 | 291.1s
Epoch 03 | 09100/13759 | loss 4.2685 | ppl 71.42 | lr 9.915256e-05 | 294.2s
Epoch 03 | 09200/13759 | loss 4.2681 | ppl 71.38 | lr 9.901745e-05 | 297.6s
Epoch 03 | 09300/13759 | loss 4.2671 | ppl 71.32 | lr 9.888289e-05 | 301.1s
Epoch 03 | 09400/13759 | loss 4.2666 | ppl 71.28 | lr 9.874888e-05 | 304.3s
Epoch 03 | 09500/13759 | loss 4.2660 | ppl 71.24 | lr 9.861541e-05 | 307.6s
Epoch 03 | 09600/13759 | loss 4.2654 | ppl 71.19 | lr 9.848248e-05 | 310.7s
Epoch 03 | 09700/13759 | loss 4.2649 | ppl 71.16 | lr 9.835008e-05 | 314.0s
Epoch 03 | 09800/13759 | loss 4.2645 | ppl 71.13 | lr 9.821822e-05 | 317.2s
Epoch 03 | 09900/13759 | loss 4.2637 | ppl 71.07 | lr 9.808689e-05 | 320.4s
Epoch 03 | 10000/13759 | loss 4.2630 | ppl 71.02 | lr 9.795608e-05 | 323.6s
Epoch 03 | 10100/13759 | loss 4.2623 | ppl 70.97 | lr 9.78258e-05 | 326.8s
Epoch 03 | 10200/13759 | loss 4.2613 | ppl 70.90 | lr 9.769603e-05 | 330.1s
Epoch 03 | 10300/13759 | loss 4.2605 | ppl 70.85 | lr 9.756678e-05 | 332.9s
Epoch 03 | 10400/13759 | loss 4.2597 | ppl 70.79 | lr 9.743804e-05 | 336.3s
Epoch 03 | 10500/13759 | loss 4.2588 | ppl 70.72 | lr 9.730981e-05 | 339.7s
Epoch 03 | 10600/13759 | loss 4.2585 | ppl 70.70 | lr 9.718208e-05 | 343.1s
Epoch 03 | 10700/13759 | loss 4.2577 | ppl 70.65 | lr 9.705486e-05 | 346.3s
Epoch 03 | 10800/13759 | loss 4.2570 | ppl 70.60 | lr 9.692813e-05 | 349.5s
Epoch 03 | 10900/13759 | loss 4.2562 | ppl 70.54 | lr 9.68019e-05 | 352.8s
Epoch 03 | 11000/13759 | loss 4.2555 | ppl 70.49 | lr 9.667616e-05 | 355.9s
Epoch 03 | 11100/13759 | loss 4.2550 | ppl 70.46 | lr 9.655091e-05 | 359.1s
Epoch 03 | 11200/13759 | loss 4.2542 | ppl 70.40 | lr 9.642614e-05 | 362.3s
Epoch 03 | 11300/13759 | loss 4.2536 | ppl 70.36 | lr 9.630186e-05 | 365.5s
Epoch 03 | 11400/13759 | loss 4.2532 | ppl 70.33 | lr 9.617806e-05 | 368.7s
Epoch 03 | 11500/13759 | loss 4.2526 | ppl 70.29 | lr 9.605473e-05 | 371.9s
Epoch 03 | 11600/13759 | loss 4.2517 | ppl 70.23 | lr 9.593187e-05 | 375.0s
Epoch 03 | 11700/13759 | loss 4.2511 | ppl 70.18 | lr 9.580949e-05 | 378.2s
Epoch 03 | 11800/13759 | loss 4.2504 | ppl 70.13 | lr 9.568757e-05 | 381.5s
Epoch 03 | 11900/13759 | loss 4.2501 | ppl 70.11 | lr 9.556612e-05 | 384.6s
Epoch 03 | 12000/13759 | loss 4.2495 | ppl 70.07 | lr 9.544513e-05 | 387.8s
Epoch 03 | 12100/13759 | loss 4.2490 | ppl 70.04 | lr 9.53246e-05 | 391.1s
Epoch 03 | 12200/13759 | loss 4.2484 | ppl 70.00 | lr 9.520452e-05 | 394.6s
Epoch 03 | 12300/13759 | loss 4.2478 | ppl 69.95 | lr 9.508489e-05 | 398.1s
Epoch 03 | 12400/13759 | loss 4.2474 | ppl 69.93 | lr 9.496572e-05 | 401.3s
Epoch 03 | 12500/13759 | loss 4.2469 | ppl 69.89 | lr 9.484699e-05 | 404.5s
Epoch 03 | 12600/13759 | loss 4.2465 | ppl 69.86 | lr 9.472871e-05 | 407.8s
Epoch 03 | 12700/13759 | loss 4.2459 | ppl 69.82 | lr 9.461087e-05 | 411.2s
Epoch 03 | 12800/13759 | loss 4.2454 | ppl 69.78 | lr 9.449346e-05 | 414.5s
Epoch 03 | 12900/13759 | loss 4.2446 | ppl 69.73 | lr 9.437649e-05 | 417.7s
Epoch 03 | 13000/13759 | loss 4.2439 | ppl 69.68 | lr 9.425996e-05 | 421.0s
Epoch 03 | 13100/13759 | loss 4.2434 | ppl 69.65 | lr 9.414386e-05 | 424.2s
Epoch 03 | 13200/13759 | loss 4.2429 | ppl 69.61 | lr 9.402818e-05 | 427.4s
Epoch 03 | 13300/13759 | loss 4.2425 | ppl 69.58 | lr 9.391293e-05 | 430.6s
Epoch 03 | 13400/13759 | loss 4.2420 | ppl 69.54 | lr 9.37981e-05 | 433.8s
Epoch 03 | 13500/13759 | loss 4.2414 | ppl 69.50 | lr 9.368369e-05 | 436.9s
Epoch 03 | 13600/13759 | loss 4.2408 | ppl 69.47 | lr 9.35697e-05 | 440.1s
Epoch 03 | 13700/13759 | loss 4.2401 | ppl 69.41 | lr 9.345613e-05 | 443.3s
Epoch 03 complete | train loss 4.2398 | dev loss 4.1190 | train BLEU 12.74 | dev BLEU 10.02 | 453.1s
Epoch 04 | 00100/13759 | loss 4.0771 | ppl 58.97 | lr 9.327639e-05 | 3.2s
Epoch 04 | 00200/13759 | loss 4.1067 | ppl 60.75 | lr 9.316388e-05 | 6.4s
Epoch 04 | 00300/13759 | loss 4.0984 | ppl 60.25 | lr 9.305178e-05 | 9.7s
Epoch 04 | 00400/13759 | loss 4.0940 | ppl 59.98 | lr 9.294008e-05 | 12.9s
Epoch 04 | 00500/13759 | loss 4.0925 | ppl 59.89 | lr 9.282878e-05 | 16.2s
Epoch 04 | 00600/13759 | loss 4.0905 | ppl 59.77 | lr 9.271787e-05 | 19.5s
Epoch 04 | 00700/13759 | loss 4.0911 | ppl 59.80 | lr 9.260737e-05 | 22.8s
Epoch 04 | 00800/13759 | loss 4.0896 | ppl 59.72 | lr 9.249726e-05 | 26.0s
Epoch 04 | 00900/13759 | loss 4.0900 | ppl 59.74 | lr 9.238754e-05 | 29.2s
Epoch 04 | 01000/13759 | loss 4.0911 | ppl 59.80 | lr 9.227821e-05 | 32.4s
Epoch 04 | 01100/13759 | loss 4.0924 | ppl 59.89 | lr 9.216927e-05 | 35.7s
Epoch 04 | 01200/13759 | loss 4.0912 | ppl 59.81 | lr 9.206071e-05 | 38.9s
Epoch 04 | 01300/13759 | loss 4.0896 | ppl 59.71 | lr 9.195254e-05 | 42.2s
Epoch 04 | 01400/13759 | loss 4.0896 | ppl 59.71 | lr 9.184474e-05 | 45.4s
Epoch 04 | 01500/13759 | loss 4.0920 | ppl 59.86 | lr 9.173733e-05 | 48.6s
Epoch 04 | 01600/13759 | loss 4.0928 | ppl 59.91 | lr 9.163029e-05 | 51.9s
Epoch 04 | 01700/13759 | loss 4.0916 | ppl 59.84 | lr 9.152362e-05 | 55.1s
Epoch 04 | 01800/13759 | loss 4.0915 | ppl 59.83 | lr 9.141733e-05 | 58.3s
Epoch 04 | 01900/13759 | loss 4.0904 | ppl 59.77 | lr 9.13114e-05 | 61.5s
Epoch 04 | 02000/13759 | loss 4.0898 | ppl 59.73 | lr 9.120585e-05 | 64.7s
Epoch 04 | 02100/13759 | loss 4.0885 | ppl 59.65 | lr 9.110065e-05 | 67.9s
Epoch 04 | 02200/13759 | loss 4.0891 | ppl 59.69 | lr 9.099582e-05 | 71.2s
Epoch 04 | 02300/13759 | loss 4.0888 | ppl 59.67 | lr 9.089136e-05 | 74.4s
Epoch 04 | 02400/13759 | loss 4.0879 | ppl 59.61 | lr 9.078725e-05 | 77.8s
Epoch 04 | 02500/13759 | loss 4.0879 | ppl 59.61 | lr 9.06835e-05 | 81.1s
Epoch 04 | 02600/13759 | loss 4.0871 | ppl 59.57 | lr 9.05801e-05 | 84.3s
Epoch 04 | 02700/13759 | loss 4.0871 | ppl 59.57 | lr 9.047705e-05 | 87.5s
Epoch 04 | 02800/13759 | loss 4.0859 | ppl 59.50 | lr 9.037436e-05 | 90.7s
Epoch 04 | 02900/13759 | loss 4.0861 | ppl 59.51 | lr 9.027202e-05 | 94.2s
Epoch 04 | 03000/13759 | loss 4.0866 | ppl 59.54 | lr 9.017002e-05 | 97.5s
Epoch 04 | 03100/13759 | loss 4.0859 | ppl 59.50 | lr 9.006837e-05 | 100.7s
Epoch 04 | 03200/13759 | loss 4.0854 | ppl 59.47 | lr 8.996706e-05 | 104.1s
Epoch 04 | 03300/13759 | loss 4.0852 | ppl 59.45 | lr 8.986609e-05 | 107.6s
Epoch 04 | 03400/13759 | loss 4.0842 | ppl 59.40 | lr 8.976546e-05 | 110.9s
Epoch 04 | 03500/13759 | loss 4.0843 | ppl 59.40 | lr 8.966517e-05 | 114.1s
Epoch 04 | 03600/13759 | loss 4.0837 | ppl 59.37 | lr 8.956521e-05 | 117.1s
Epoch 04 | 03700/13759 | loss 4.0826 | ppl 59.30 | lr 8.946559e-05 | 120.3s
Epoch 04 | 03800/13759 | loss 4.0821 | ppl 59.27 | lr 8.936629e-05 | 123.6s
Epoch 04 | 03900/13759 | loss 4.0816 | ppl 59.24 | lr 8.926733e-05 | 126.9s
Epoch 04 | 04000/13759 | loss 4.0803 | ppl 59.16 | lr 8.91687e-05 | 130.1s
Epoch 04 | 04100/13759 | loss 4.0796 | ppl 59.12 | lr 8.907039e-05 | 133.2s
Epoch 04 | 04200/13759 | loss 4.0795 | ppl 59.12 | lr 8.897241e-05 | 136.3s
Epoch 04 | 04300/13759 | loss 4.0793 | ppl 59.11 | lr 8.887475e-05 | 139.6s
Epoch 04 | 04400/13759 | loss 4.0797 | ppl 59.13 | lr 8.877741e-05 | 142.7s
Epoch 04 | 04500/13759 | loss 4.0796 | ppl 59.12 | lr 8.868039e-05 | 146.0s
Epoch 04 | 04600/13759 | loss 4.0788 | ppl 59.07 | lr 8.858369e-05 | 149.2s
Epoch 04 | 04700/13759 | loss 4.0785 | ppl 59.06 | lr 8.84873e-05 | 152.4s
Epoch 04 | 04800/13759 | loss 4.0785 | ppl 59.06 | lr 8.839123e-05 | 155.7s
Epoch 04 | 04900/13759 | loss 4.0782 | ppl 59.04 | lr 8.829546e-05 | 159.0s
Epoch 04 | 05000/13759 | loss 4.0776 | ppl 59.00 | lr 8.820001e-05 | 162.4s
Epoch 04 | 05100/13759 | loss 4.0771 | ppl 58.97 | lr 8.810487e-05 | 165.7s
Epoch 04 | 05200/13759 | loss 4.0771 | ppl 58.97 | lr 8.801004e-05 | 168.9s
Epoch 04 | 05300/13759 | loss 4.0767 | ppl 58.95 | lr 8.791551e-05 | 172.2s
Epoch 04 | 05400/13759 | loss 4.0764 | ppl 58.93 | lr 8.782128e-05 | 175.4s
Epoch 04 | 05500/13759 | loss 4.0763 | ppl 58.93 | lr 8.772736e-05 | 178.7s
Epoch 04 | 05600/13759 | loss 4.0757 | ppl 58.89 | lr 8.763374e-05 | 181.9s
Epoch 04 | 05700/13759 | loss 4.0753 | ppl 58.87 | lr 8.754042e-05 | 185.1s
Epoch 04 | 05800/13759 | loss 4.0754 | ppl 58.88 | lr 8.744739e-05 | 188.3s
Epoch 04 | 05900/13759 | loss 4.0748 | ppl 58.84 | lr 8.735466e-05 | 191.4s
Epoch 04 | 06000/13759 | loss 4.0749 | ppl 58.84 | lr 8.726223e-05 | 194.6s
Epoch 04 | 06100/13759 | loss 4.0750 | ppl 58.85 | lr 8.717009e-05 | 197.8s
Epoch 04 | 06200/13759 | loss 4.0745 | ppl 58.82 | lr 8.707823e-05 | 201.0s
Epoch 04 | 06300/13759 | loss 4.0745 | ppl 58.82 | lr 8.698667e-05 | 204.2s
Epoch 04 | 06400/13759 | loss 4.0743 | ppl 58.81 | lr 8.68954e-05 | 207.4s
Epoch 04 | 06500/13759 | loss 4.0739 | ppl 58.78 | lr 8.680441e-05 | 210.7s
Epoch 04 | 06600/13759 | loss 4.0734 | ppl 58.76 | lr 8.671371e-05 | 213.8s
Epoch 04 | 06700/13759 | loss 4.0729 | ppl 58.73 | lr 8.66233e-05 | 217.0s
Epoch 04 | 06800/13759 | loss 4.0729 | ppl 58.73 | lr 8.653316e-05 | 220.3s
Epoch 04 | 06900/13759 | loss 4.0728 | ppl 58.72 | lr 8.644331e-05 | 223.7s
Epoch 04 | 07000/13759 | loss 4.0725 | ppl 58.70 | lr 8.635373e-05 | 227.0s
Epoch 04 | 07100/13759 | loss 4.0722 | ppl 58.69 | lr 8.626444e-05 | 230.3s
Epoch 04 | 07200/13759 | loss 4.0719 | ppl 58.67 | lr 8.617541e-05 | 233.5s
Epoch 04 | 07300/13759 | loss 4.0718 | ppl 58.67 | lr 8.608667e-05 | 236.8s
Epoch 04 | 07400/13759 | loss 4.0716 | ppl 58.65 | lr 8.59982e-05 | 240.2s
Epoch 04 | 07500/13759 | loss 4.0714 | ppl 58.64 | lr 8.591e-05 | 243.0s
Epoch 04 | 07600/13759 | loss 4.0715 | ppl 58.65 | lr 8.582207e-05 | 246.2s
Epoch 04 | 07700/13759 | loss 4.0714 | ppl 58.64 | lr 8.573441e-05 | 249.4s
Epoch 04 | 07800/13759 | loss 4.0706 | ppl 58.59 | lr 8.564702e-05 | 252.6s
Epoch 04 | 07900/13759 | loss 4.0702 | ppl 58.57 | lr 8.555989e-05 | 256.0s
Epoch 04 | 08000/13759 | loss 4.0696 | ppl 58.53 | lr 8.547303e-05 | 259.2s
Epoch 04 | 08100/13759 | loss 4.0696 | ppl 58.53 | lr 8.538644e-05 | 262.4s
Epoch 04 | 08200/13759 | loss 4.0697 | ppl 58.54 | lr 8.530011e-05 | 265.6s
Epoch 04 | 08300/13759 | loss 4.0692 | ppl 58.51 | lr 8.521403e-05 | 268.7s
Epoch 04 | 08400/13759 | loss 4.0690 | ppl 58.50 | lr 8.512822e-05 | 271.9s
Epoch 04 | 08500/13759 | loss 4.0685 | ppl 58.47 | lr 8.504267e-05 | 275.0s
Epoch 04 | 08600/13759 | loss 4.0683 | ppl 58.46 | lr 8.495738e-05 | 278.1s
Epoch 04 | 08700/13759 | loss 4.0677 | ppl 58.43 | lr 8.487234e-05 | 281.3s
Epoch 04 | 08800/13759 | loss 4.0672 | ppl 58.39 | lr 8.478755e-05 | 284.5s
Epoch 04 | 08900/13759 | loss 4.0672 | ppl 58.39 | lr 8.470302e-05 | 287.6s
Epoch 04 | 09000/13759 | loss 4.0669 | ppl 58.37 | lr 8.461874e-05 | 290.9s
Epoch 04 | 09100/13759 | loss 4.0665 | ppl 58.35 | lr 8.453472e-05 | 294.3s
Epoch 04 | 09200/13759 | loss 4.0661 | ppl 58.33 | lr 8.445094e-05 | 297.7s
Epoch 04 | 09300/13759 | loss 4.0657 | ppl 58.31 | lr 8.436741e-05 | 300.9s
Epoch 04 | 09400/13759 | loss 4.0654 | ppl 58.29 | lr 8.428413e-05 | 304.1s
Epoch 04 | 09500/13759 | loss 4.0646 | ppl 58.24 | lr 8.420109e-05 | 307.3s
Epoch 04 | 09600/13759 | loss 4.0645 | ppl 58.24 | lr 8.41183e-05 | 310.5s
Epoch 04 | 09700/13759 | loss 4.0642 | ppl 58.22 | lr 8.403576e-05 | 313.7s
Epoch 04 | 09800/13759 | loss 4.0642 | ppl 58.22 | lr 8.395345e-05 | 317.2s
Epoch 04 | 09900/13759 | loss 4.0639 | ppl 58.20 | lr 8.387139e-05 | 320.5s
Epoch 04 | 10000/13759 | loss 4.0634 | ppl 58.17 | lr 8.378957e-05 | 323.8s
Epoch 04 | 10100/13759 | loss 4.0630 | ppl 58.15 | lr 8.370798e-05 | 327.0s
Epoch 04 | 10200/13759 | loss 4.0627 | ppl 58.13 | lr 8.362664e-05 | 330.2s
Epoch 04 | 10300/13759 | loss 4.0625 | ppl 58.12 | lr 8.354553e-05 | 333.4s
Epoch 04 | 10400/13759 | loss 4.0620 | ppl 58.09 | lr 8.346466e-05 | 336.7s
Epoch 04 | 10500/13759 | loss 4.0616 | ppl 58.07 | lr 8.338402e-05 | 339.9s
Epoch 04 | 10600/13759 | loss 4.0615 | ppl 58.06 | lr 8.330361e-05 | 343.1s
Epoch 04 | 10700/13759 | loss 4.0614 | ppl 58.05 | lr 8.322344e-05 | 346.3s
Epoch 04 | 10800/13759 | loss 4.0610 | ppl 58.03 | lr 8.314349e-05 | 349.6s
Epoch 04 | 10900/13759 | loss 4.0607 | ppl 58.02 | lr 8.306378e-05 | 352.7s
Epoch 04 | 11000/13759 | loss 4.0602 | ppl 57.98 | lr 8.29843e-05 | 355.9s
Epoch 04 | 11100/13759 | loss 4.0596 | ppl 57.95 | lr 8.290504e-05 | 359.1s
Epoch 04 | 11200/13759 | loss 4.0593 | ppl 57.93 | lr 8.282601e-05 | 362.3s
Epoch 04 | 11300/13759 | loss 4.0590 | ppl 57.91 | lr 8.274721e-05 | 365.4s
Epoch 04 | 11400/13759 | loss 4.0587 | ppl 57.90 | lr 8.266863e-05 | 368.7s
Epoch 04 | 11500/13759 | loss 4.0587 | ppl 57.90 | lr 8.259027e-05 | 371.8s
Epoch 04 | 11600/13759 | loss 4.0584 | ppl 57.88 | lr 8.251214e-05 | 375.1s
Epoch 04 | 11700/13759 | loss 4.0581 | ppl 57.86 | lr 8.243423e-05 | 378.5s
Epoch 04 | 11800/13759 | loss 4.0578 | ppl 57.84 | lr 8.235654e-05 | 381.9s
Epoch 04 | 11900/13759 | loss 4.0575 | ppl 57.83 | lr 8.227906e-05 | 385.1s
Epoch 04 | 12000/13759 | loss 4.0572 | ppl 57.81 | lr 8.220181e-05 | 388.4s
Epoch 04 | 12100/13759 | loss 4.0572 | ppl 57.81 | lr 8.212477e-05 | 391.6s
Epoch 04 | 12200/13759 | loss 4.0570 | ppl 57.80 | lr 8.204795e-05 | 394.8s
Epoch 04 | 12300/13759 | loss 4.0568 | ppl 57.79 | lr 8.197134e-05 | 398.0s
Epoch 04 | 12400/13759 | loss 4.0564 | ppl 57.77 | lr 8.189495e-05 | 401.2s
Epoch 04 | 12500/13759 | loss 4.0560 | ppl 57.74 | lr 8.181877e-05 | 404.3s
Epoch 04 | 12600/13759 | loss 4.0558 | ppl 57.73 | lr 8.174281e-05 | 407.4s
Epoch 04 | 12700/13759 | loss 4.0556 | ppl 57.72 | lr 8.166705e-05 | 410.4s
Epoch 04 | 12800/13759 | loss 4.0551 | ppl 57.69 | lr 8.159151e-05 | 413.7s
Epoch 04 | 12900/13759 | loss 4.0547 | ppl 57.67 | lr 8.151617e-05 | 417.1s
Epoch 04 | 13000/13759 | loss 4.0545 | ppl 57.65 | lr 8.144104e-05 | 420.3s
Epoch 04 | 13100/13759 | loss 4.0539 | ppl 57.62 | lr 8.136612e-05 | 423.5s
Epoch 04 | 13200/13759 | loss 4.0535 | ppl 57.60 | lr 8.129141e-05 | 426.8s
Epoch 04 | 13300/13759 | loss 4.0531 | ppl 57.57 | lr 8.12169e-05 | 430.1s
Epoch 04 | 13400/13759 | loss 4.0527 | ppl 57.55 | lr 8.11426e-05 | 433.3s
Epoch 04 | 13500/13759 | loss 4.0523 | ppl 57.53 | lr 8.10685e-05 | 436.5s
Epoch 04 | 13600/13759 | loss 4.0519 | ppl 57.51 | lr 8.09946e-05 | 439.8s
Epoch 04 | 13700/13759 | loss 4.0514 | ppl 57.48 | lr 8.092091e-05 | 443.2s
Epoch 04 complete | train loss 4.0514 | dev loss 3.9641 | train BLEU 14.86 | dev BLEU 11.75 | 452.5s
Epoch 05 | 00100/13759 | loss 3.9122 | ppl 50.01 | lr 8.080414e-05 | 3.2s
Epoch 05 | 00200/13759 | loss 3.9393 | ppl 51.38 | lr 8.073096e-05 | 6.4s
Epoch 05 | 00300/13759 | loss 3.9468 | ppl 51.77 | lr 8.065799e-05 | 9.6s
Epoch 05 | 00400/13759 | loss 3.9393 | ppl 51.38 | lr 8.05852e-05 | 12.9s
Epoch 05 | 00500/13759 | loss 3.9371 | ppl 51.27 | lr 8.051262e-05 | 16.2s
Epoch 05 | 00600/13759 | loss 3.9359 | ppl 51.21 | lr 8.044023e-05 | 19.4s
Epoch 05 | 00700/13759 | loss 3.9384 | ppl 51.34 | lr 8.036804e-05 | 22.5s
Epoch 05 | 00800/13759 | loss 3.9402 | ppl 51.43 | lr 8.029604e-05 | 25.7s
Epoch 05 | 00900/13759 | loss 3.9379 | ppl 51.31 | lr 8.022423e-05 | 28.9s
Epoch 05 | 01000/13759 | loss 3.9400 | ppl 51.42 | lr 8.015261e-05 | 32.1s
Epoch 05 | 01100/13759 | loss 3.9396 | ppl 51.40 | lr 8.008119e-05 | 35.3s
Epoch 05 | 01200/13759 | loss 3.9394 | ppl 51.39 | lr 8.000996e-05 | 38.5s
Epoch 05 | 01300/13759 | loss 3.9408 | ppl 51.46 | lr 7.993891e-05 | 41.7s
Epoch 05 | 01400/13759 | loss 3.9394 | ppl 51.39 | lr 7.986806e-05 | 44.9s
Epoch 05 | 01500/13759 | loss 3.9402 | ppl 51.43 | lr 7.979739e-05 | 48.1s
Epoch 05 | 01600/13759 | loss 3.9398 | ppl 51.41 | lr 7.972692e-05 | 51.3s
Epoch 05 | 01700/13759 | loss 3.9375 | ppl 51.29 | lr 7.965662e-05 | 54.5s
Epoch 05 | 01800/13759 | loss 3.9411 | ppl 51.47 | lr 7.958652e-05 | 57.7s
Epoch 05 | 01900/13759 | loss 3.9408 | ppl 51.46 | lr 7.951659e-05 | 60.8s
Epoch 05 | 02000/13759 | loss 3.9408 | ppl 51.46 | lr 7.944686e-05 | 63.8s
Epoch 05 | 02100/13759 | loss 3.9409 | ppl 51.46 | lr 7.93773e-05 | 67.1s
Epoch 05 | 02200/13759 | loss 3.9425 | ppl 51.55 | lr 7.930793e-05 | 70.3s
Epoch 05 | 02300/13759 | loss 3.9426 | ppl 51.55 | lr 7.923874e-05 | 73.3s
Epoch 05 | 02400/13759 | loss 3.9433 | ppl 51.59 | lr 7.916973e-05 | 76.4s
Epoch 05 | 02500/13759 | loss 3.9430 | ppl 51.58 | lr 7.91009e-05 | 79.4s
Epoch 05 | 02600/13759 | loss 3.9433 | ppl 51.59 | lr 7.903225e-05 | 82.6s
Epoch 05 | 02700/13759 | loss 3.9424 | ppl 51.54 | lr 7.896378e-05 | 85.7s
Epoch 05 | 02800/13759 | loss 3.9421 | ppl 51.52 | lr 7.889548e-05 | 89.1s
Epoch 05 | 02900/13759 | loss 3.9420 | ppl 51.52 | lr 7.882736e-05 | 92.6s
Epoch 05 | 03000/13759 | loss 3.9412 | ppl 51.48 | lr 7.875942e-05 | 95.8s
Epoch 05 | 03100/13759 | loss 3.9411 | ppl 51.48 | lr 7.869165e-05 | 99.0s
Epoch 05 | 03200/13759 | loss 3.9407 | ppl 51.45 | lr 7.862406e-05 | 102.2s
Epoch 05 | 03300/13759 | loss 3.9407 | ppl 51.45 | lr 7.855664e-05 | 105.4s
Epoch 05 | 03400/13759 | loss 3.9408 | ppl 51.46 | lr 7.84894e-05 | 108.6s
Epoch 05 | 03500/13759 | loss 3.9402 | ppl 51.43 | lr 7.842233e-05 | 111.9s
Epoch 05 | 03600/13759 | loss 3.9399 | ppl 51.41 | lr 7.835543e-05 | 115.4s
Epoch 05 | 03700/13759 | loss 3.9397 | ppl 51.40 | lr 7.82887e-05 | 118.8s
Epoch 05 | 03800/13759 | loss 3.9393 | ppl 51.38 | lr 7.822214e-05 | 122.0s
Epoch 05 | 03900/13759 | loss 3.9395 | ppl 51.39 | lr 7.815575e-05 | 125.3s
Epoch 05 | 04000/13759 | loss 3.9395 | ppl 51.40 | lr 7.808953e-05 | 128.5s
Epoch 05 | 04100/13759 | loss 3.9390 | ppl 51.37 | lr 7.802347e-05 | 131.5s
Epoch 05 | 04200/13759 | loss 3.9386 | ppl 51.35 | lr 7.795759e-05 | 134.7s
Epoch 05 | 04300/13759 | loss 3.9389 | ppl 51.36 | lr 7.789187e-05 | 137.8s
Epoch 05 | 04400/13759 | loss 3.9389 | ppl 51.36 | lr 7.782631e-05 | 140.9s
Epoch 05 | 04500/13759 | loss 3.9386 | ppl 51.35 | lr 7.776093e-05 | 144.2s
Epoch 05 | 04600/13759 | loss 3.9381 | ppl 51.32 | lr 7.76957e-05 | 147.4s
Epoch 05 | 04700/13759 | loss 3.9368 | ppl 51.25 | lr 7.763064e-05 | 150.7s
Epoch 05 | 04800/13759 | loss 3.9366 | ppl 51.24 | lr 7.756575e-05 | 153.9s
Epoch 05 | 04900/13759 | loss 3.9373 | ppl 51.28 | lr 7.750101e-05 | 157.1s
Epoch 05 | 05000/13759 | loss 3.9372 | ppl 51.27 | lr 7.743644e-05 | 160.3s
Epoch 05 | 05100/13759 | loss 3.9367 | ppl 51.25 | lr 7.737203e-05 | 163.3s
Epoch 05 | 05200/13759 | loss 3.9373 | ppl 51.28 | lr 7.730778e-05 | 166.3s
Epoch 05 | 05300/13759 | loss 3.9372 | ppl 51.27 | lr 7.724369e-05 | 169.5s
Epoch 05 | 05400/13759 | loss 3.9369 | ppl 51.26 | lr 7.717975e-05 | 172.5s
Epoch 05 | 05500/13759 | loss 3.9369 | ppl 51.26 | lr 7.711598e-05 | 175.8s
Epoch 05 | 05600/13759 | loss 3.9373 | ppl 51.28 | lr 7.705237e-05 | 179.2s
Epoch 05 | 05700/13759 | loss 3.9373 | ppl 51.28 | lr 7.698891e-05 | 182.4s
Epoch 05 | 05800/13759 | loss 3.9368 | ppl 51.26 | lr 7.692561e-05 | 185.3s
Epoch 05 | 05900/13759 | loss 3.9368 | ppl 51.25 | lr 7.686246e-05 | 188.4s
Epoch 05 | 06000/13759 | loss 3.9367 | ppl 51.25 | lr 7.679947e-05 | 191.5s
Epoch 05 | 06100/13759 | loss 3.9363 | ppl 51.23 | lr 7.673663e-05 | 194.6s
Epoch 05 | 06200/13759 | loss 3.9360 | ppl 51.21 | lr 7.667395e-05 | 197.7s
Epoch 05 | 06300/13759 | loss 3.9359 | ppl 51.21 | lr 7.661142e-05 | 201.0s
Epoch 05 | 06400/13759 | loss 3.9363 | ppl 51.23 | lr 7.654905e-05 | 204.4s
Epoch 05 | 06500/13759 | loss 3.9360 | ppl 51.21 | lr 7.648682e-05 | 207.6s
Epoch 05 | 06600/13759 | loss 3.9355 | ppl 51.19 | lr 7.642475e-05 | 210.8s
Epoch 05 | 06700/13759 | loss 3.9357 | ppl 51.20 | lr 7.636283e-05 | 213.9s
Epoch 05 | 06800/13759 | loss 3.9357 | ppl 51.20 | lr 7.630106e-05 | 217.1s
Epoch 05 | 06900/13759 | loss 3.9355 | ppl 51.19 | lr 7.623944e-05 | 220.4s
Epoch 05 | 07000/13759 | loss 3.9350 | ppl 51.16 | lr 7.617796e-05 | 223.6s
Epoch 05 | 07100/13759 | loss 3.9349 | ppl 51.16 | lr 7.611664e-05 | 226.8s
Epoch 05 | 07200/13759 | loss 3.9345 | ppl 51.14 | lr 7.605546e-05 | 230.0s
Epoch 05 | 07300/13759 | loss 3.9345 | ppl 51.13 | lr 7.599443e-05 | 233.1s
Epoch 05 | 07400/13759 | loss 3.9344 | ppl 51.13 | lr 7.593355e-05 | 236.3s
Epoch 05 | 07500/13759 | loss 3.9347 | ppl 51.15 | lr 7.587282e-05 | 239.5s
Epoch 05 | 07600/13759 | loss 3.9345 | ppl 51.14 | lr 7.581222e-05 | 242.8s
Epoch 05 | 07700/13759 | loss 3.9342 | ppl 51.12 | lr 7.575178e-05 | 246.0s
Epoch 05 | 07800/13759 | loss 3.9338 | ppl 51.10 | lr 7.569148e-05 | 249.2s
Epoch 05 | 07900/13759 | loss 3.9337 | ppl 51.09 | lr 7.563132e-05 | 252.3s
Epoch 05 | 08000/13759 | loss 3.9338 | ppl 51.10 | lr 7.557131e-05 | 255.5s
Epoch 05 | 08100/13759 | loss 3.9339 | ppl 51.11 | lr 7.551143e-05 | 258.9s
Epoch 05 | 08200/13759 | loss 3.9338 | ppl 51.10 | lr 7.54517e-05 | 262.3s
Epoch 05 | 08300/13759 | loss 3.9334 | ppl 51.08 | lr 7.539212e-05 | 265.7s
Epoch 05 | 08400/13759 | loss 3.9331 | ppl 51.06 | lr 7.533267e-05 | 269.2s
Epoch 05 | 08500/13759 | loss 3.9330 | ppl 51.06 | lr 7.527336e-05 | 272.3s
Epoch 05 | 08600/13759 | loss 3.9332 | ppl 51.07 | lr 7.52142e-05 | 275.5s
Epoch 05 | 08700/13759 | loss 3.9327 | ppl 51.04 | lr 7.515517e-05 | 278.7s
Epoch 05 | 08800/13759 | loss 3.9325 | ppl 51.04 | lr 7.509628e-05 | 282.0s
Epoch 05 | 08900/13759 | loss 3.9323 | ppl 51.02 | lr 7.503753e-05 | 285.3s
Epoch 05 | 09000/13759 | loss 3.9322 | ppl 51.02 | lr 7.497892e-05 | 288.5s
Epoch 05 | 09100/13759 | loss 3.9322 | ppl 51.02 | lr 7.492044e-05 | 291.5s
Epoch 05 | 09200/13759 | loss 3.9321 | ppl 51.01 | lr 7.48621e-05 | 294.6s
Epoch 05 | 09300/13759 | loss 3.9320 | ppl 51.01 | lr 7.48039e-05 | 297.8s
Epoch 05 | 09400/13759 | loss 3.9317 | ppl 50.99 | lr 7.474583e-05 | 301.0s
Epoch 05 | 09500/13759 | loss 3.9317 | ppl 50.99 | lr 7.46879e-05 | 304.3s
Epoch 05 | 09600/13759 | loss 3.9313 | ppl 50.98 | lr 7.46301e-05 | 307.5s
Epoch 05 | 09700/13759 | loss 3.9312 | ppl 50.97 | lr 7.457243e-05 | 310.9s
Epoch 05 | 09800/13759 | loss 3.9310 | ppl 50.96 | lr 7.45149e-05 | 314.3s
Epoch 05 | 09900/13759 | loss 3.9309 | ppl 50.95 | lr 7.445751e-05 | 317.6s
Epoch 05 | 10000/13759 | loss 3.9306 | ppl 50.94 | lr 7.440024e-05 | 320.8s
Epoch 05 | 10100/13759 | loss 3.9305 | ppl 50.93 | lr 7.434311e-05 | 324.0s
Epoch 05 | 10200/13759 | loss 3.9301 | ppl 50.91 | lr 7.428611e-05 | 327.2s
Epoch 05 | 10300/13759 | loss 3.9295 | ppl 50.88 | lr 7.422923e-05 | 330.4s
Epoch 05 | 10400/13759 | loss 3.9292 | ppl 50.86 | lr 7.417249e-05 | 333.6s
Epoch 05 | 10500/13759 | loss 3.9289 | ppl 50.85 | lr 7.411588e-05 | 336.9s
Epoch 05 | 10600/13759 | loss 3.9287 | ppl 50.84 | lr 7.40594e-05 | 339.9s
Epoch 05 | 10700/13759 | loss 3.9287 | ppl 50.84 | lr 7.400305e-05 | 343.2s
Epoch 05 | 10800/13759 | loss 3.9288 | ppl 50.85 | lr 7.394683e-05 | 346.4s
Epoch 05 | 10900/13759 | loss 3.9283 | ppl 50.82 | lr 7.389073e-05 | 349.6s
Epoch 05 | 11000/13759 | loss 3.9281 | ppl 50.81 | lr 7.383476e-05 | 353.0s
Epoch 05 | 11100/13759 | loss 3.9278 | ppl 50.79 | lr 7.377892e-05 | 356.3s
Epoch 05 | 11200/13759 | loss 3.9276 | ppl 50.78 | lr 7.37232e-05 | 359.7s
Epoch 05 | 11300/13759 | loss 3.9278 | ppl 50.80 | lr 7.366762e-05 | 362.9s
Epoch 05 | 11400/13759 | loss 3.9279 | ppl 50.80 | lr 7.361215e-05 | 366.1s
Epoch 05 | 11500/13759 | loss 3.9280 | ppl 50.80 | lr 7.355681e-05 | 369.2s
Epoch 05 | 11600/13759 | loss 3.9279 | ppl 50.80 | lr 7.35016e-05 | 372.3s
Epoch 05 | 11700/13759 | loss 3.9278 | ppl 50.80 | lr 7.344651e-05 | 375.4s
Epoch 05 | 11800/13759 | loss 3.9278 | ppl 50.80 | lr 7.339154e-05 | 378.7s
Epoch 05 | 11900/13759 | loss 3.9274 | ppl 50.78 | lr 7.33367e-05 | 381.9s
Epoch 05 | 12000/13759 | loss 3.9272 | ppl 50.77 | lr 7.328198e-05 | 385.0s
Epoch 05 | 12100/13759 | loss 3.9272 | ppl 50.77 | lr 7.322738e-05 | 388.2s
Epoch 05 | 12200/13759 | loss 3.9271 | ppl 50.76 | lr 7.317291e-05 | 391.4s
Epoch 05 | 12300/13759 | loss 3.9269 | ppl 50.75 | lr 7.311855e-05 | 394.6s
Epoch 05 | 12400/13759 | loss 3.9266 | ppl 50.73 | lr 7.306432e-05 | 398.0s
Epoch 05 | 12500/13759 | loss 3.9263 | ppl 50.72 | lr 7.301021e-05 | 401.2s
Epoch 05 | 12600/13759 | loss 3.9260 | ppl 50.71 | lr 7.295621e-05 | 404.4s
Epoch 05 | 12700/13759 | loss 3.9259 | ppl 50.70 | lr 7.290234e-05 | 407.6s
Epoch 05 | 12800/13759 | loss 3.9257 | ppl 50.69 | lr 7.284859e-05 | 410.8s
Epoch 05 | 12900/13759 | loss 3.9256 | ppl 50.68 | lr 7.279495e-05 | 414.0s
Epoch 05 | 13000/13759 | loss 3.9254 | ppl 50.67 | lr 7.274143e-05 | 417.2s
Epoch 05 | 13100/13759 | loss 3.9250 | ppl 50.65 | lr 7.268804e-05 | 420.4s
Epoch 05 | 13200/13759 | loss 3.9249 | ppl 50.65 | lr 7.263475e-05 | 423.6s
Epoch 05 | 13300/13759 | loss 3.9248 | ppl 50.64 | lr 7.258159e-05 | 426.8s
Epoch 05 | 13400/13759 | loss 3.9246 | ppl 50.63 | lr 7.252854e-05 | 430.0s
Epoch 05 | 13500/13759 | loss 3.9243 | ppl 50.62 | lr 7.247561e-05 | 433.3s
Epoch 05 | 13600/13759 | loss 3.9242 | ppl 50.61 | lr 7.242279e-05 | 436.7s
Epoch 05 | 13700/13759 | loss 3.9240 | ppl 50.60 | lr 7.237009e-05 | 440.1s
Epoch 05 complete | train loss 3.9240 | dev loss 3.8727 | train BLEU 16.20 | dev BLEU 12.86 | 449.7s
Epoch 06 | 00100/13759 | loss 3.8647 | ppl 47.69 | lr 7.228653e-05 | 3.2s
Epoch 06 | 00200/13759 | loss 3.8622 | ppl 47.57 | lr 7.223413e-05 | 6.4s
Epoch 06 | 00300/13759 | loss 3.8549 | ppl 47.22 | lr 7.218184e-05 | 9.6s
Epoch 06 | 00400/13759 | loss 3.8476 | ppl 46.88 | lr 7.212966e-05 | 12.9s
Epoch 06 | 00500/13759 | loss 3.8526 | ppl 47.11 | lr 7.20776e-05 | 16.1s
Epoch 06 | 00600/13759 | loss 3.8526 | ppl 47.12 | lr 7.202565e-05 | 19.3s
Epoch 06 | 00700/13759 | loss 3.8526 | ppl 47.12 | lr 7.197381e-05 | 22.5s
Epoch 06 | 00800/13759 | loss 3.8484 | ppl 46.92 | lr 7.192208e-05 | 25.7s
Epoch 06 | 00900/13759 | loss 3.8479 | ppl 46.89 | lr 7.187046e-05 | 29.0s
Epoch 06 | 01000/13759 | loss 3.8457 | ppl 46.79 | lr 7.181896e-05 | 32.3s
Epoch 06 | 01100/13759 | loss 3.8442 | ppl 46.72 | lr 7.176756e-05 | 35.6s
Epoch 06 | 01200/13759 | loss 3.8455 | ppl 46.78 | lr 7.171628e-05 | 38.7s
Epoch 06 | 01300/13759 | loss 3.8450 | ppl 46.76 | lr 7.16651e-05 | 41.9s
Epoch 06 | 01400/13759 | loss 3.8435 | ppl 46.69 | lr 7.161404e-05 | 45.1s
Epoch 06 | 01500/13759 | loss 3.8440 | ppl 46.71 | lr 7.156308e-05 | 48.3s
Epoch 06 | 01600/13759 | loss 3.8439 | ppl 46.71 | lr 7.151223e-05 | 51.5s
Epoch 06 | 01700/13759 | loss 3.8434 | ppl 46.69 | lr 7.146149e-05 | 54.8s
Epoch 06 | 01800/13759 | loss 3.8446 | ppl 46.74 | lr 7.141086e-05 | 58.0s
Epoch 06 | 01900/13759 | loss 3.8441 | ppl 46.72 | lr 7.136034e-05 | 61.4s
Epoch 06 | 02000/13759 | loss 3.8431 | ppl 46.67 | lr 7.130992e-05 | 64.8s
Epoch 06 | 02100/13759 | loss 3.8434 | ppl 46.68 | lr 7.125961e-05 | 68.1s
Epoch 06 | 02200/13759 | loss 3.8429 | ppl 46.66 | lr 7.120941e-05 | 71.3s
Epoch 06 | 02300/13759 | loss 3.8437 | ppl 46.70 | lr 7.115931e-05 | 74.6s
Epoch 06 | 02400/13759 | loss 3.8439 | ppl 46.71 | lr 7.110932e-05 | 77.9s
Epoch 06 | 02500/13759 | loss 3.8441 | ppl 46.72 | lr 7.105943e-05 | 81.2s
Epoch 06 | 02600/13759 | loss 3.8447 | ppl 46.74 | lr 7.100965e-05 | 84.4s
Epoch 06 | 02700/13759 | loss 3.8450 | ppl 46.76 | lr 7.095997e-05 | 87.6s
Epoch 06 | 02800/13759 | loss 3.8449 | ppl 46.76 | lr 7.091039e-05 | 90.9s
Epoch 06 | 02900/13759 | loss 3.8448 | ppl 46.75 | lr 7.086092e-05 | 94.1s
Epoch 06 | 03000/13759 | loss 3.8445 | ppl 46.74 | lr 7.081156e-05 | 97.3s
Epoch 06 | 03100/13759 | loss 3.8440 | ppl 46.71 | lr 7.076229e-05 | 100.5s
Epoch 06 | 03200/13759 | loss 3.8436 | ppl 46.69 | lr 7.071313e-05 | 103.7s
Epoch 06 | 03300/13759 | loss 3.8432 | ppl 46.67 | lr 7.066407e-05 | 106.9s
Epoch 06 | 03400/13759 | loss 3.8438 | ppl 46.70 | lr 7.061512e-05 | 110.1s
Epoch 06 | 03500/13759 | loss 3.8438 | ppl 46.70 | lr 7.056626e-05 | 113.3s
Epoch 06 | 03600/13759 | loss 3.8436 | ppl 46.69 | lr 7.051751e-05 | 116.5s
Epoch 06 | 03700/13759 | loss 3.8437 | ppl 46.70 | lr 7.046886e-05 | 120.0s
Epoch 06 | 03800/13759 | loss 3.8435 | ppl 46.69 | lr 7.04203e-05 | 123.4s
Epoch 06 | 03900/13759 | loss 3.8441 | ppl 46.72 | lr 7.037185e-05 | 126.7s
Epoch 06 | 04000/13759 | loss 3.8439 | ppl 46.71 | lr 7.03235e-05 | 129.8s
Epoch 06 | 04100/13759 | loss 3.8438 | ppl 46.70 | lr 7.027525e-05 | 133.0s
Epoch 06 | 04200/13759 | loss 3.8440 | ppl 46.71 | lr 7.022709e-05 | 136.2s
Epoch 06 | 04300/13759 | loss 3.8438 | ppl 46.70 | lr 7.017904e-05 | 139.4s
Epoch 06 | 04400/13759 | loss 3.8429 | ppl 46.66 | lr 7.013108e-05 | 142.0s
Epoch 06 | 04500/13759 | loss 3.8433 | ppl 46.68 | lr 7.008322e-05 | 145.0s
Epoch 06 | 04600/13759 | loss 3.8428 | ppl 46.66 | lr 7.003546e-05 | 148.2s
Epoch 06 | 04700/13759 | loss 3.8424 | ppl 46.64 | lr 6.99878e-05 | 151.2s
Epoch 06 | 04800/13759 | loss 3.8425 | ppl 46.64 | lr 6.994024e-05 | 154.4s
Epoch 06 | 04900/13759 | loss 3.8424 | ppl 46.64 | lr 6.989277e-05 | 157.6s
Epoch 06 | 05000/13759 | loss 3.8424 | ppl 46.64 | lr 6.98454e-05 | 160.8s
Epoch 06 | 05100/13759 | loss 3.8421 | ppl 46.62 | lr 6.979812e-05 | 164.0s
Epoch 06 | 05200/13759 | loss 3.8425 | ppl 46.64 | lr 6.975094e-05 | 167.2s
Epoch 06 | 05300/13759 | loss 3.8425 | ppl 46.64 | lr 6.970386e-05 | 170.4s
Epoch 06 | 05400/13759 | loss 3.8426 | ppl 46.64 | lr 6.965687e-05 | 173.6s
Epoch 06 | 05500/13759 | loss 3.8427 | ppl 46.65 | lr 6.960997e-05 | 176.7s
Epoch 06 | 05600/13759 | loss 3.8422 | ppl 46.63 | lr 6.956317e-05 | 179.9s
Epoch 06 | 05700/13759 | loss 3.8417 | ppl 46.60 | lr 6.951647e-05 | 183.1s
Epoch 06 | 05800/13759 | loss 3.8418 | ppl 46.61 | lr 6.946985e-05 | 186.3s
Epoch 06 | 05900/13759 | loss 3.8415 | ppl 46.59 | lr 6.942334e-05 | 189.5s
Epoch 06 | 06000/13759 | loss 3.8417 | ppl 46.60 | lr 6.937691e-05 | 192.8s
Epoch 06 | 06100/13759 | loss 3.8412 | ppl 46.58 | lr 6.933058e-05 | 196.0s
Epoch 06 | 06200/13759 | loss 3.8410 | ppl 46.57 | lr 6.928434e-05 | 199.3s
Epoch 06 | 06300/13759 | loss 3.8407 | ppl 46.56 | lr 6.92382e-05 | 202.6s
Epoch 06 | 06400/13759 | loss 3.8406 | ppl 46.55 | lr 6.919214e-05 | 205.8s
Epoch 06 | 06500/13759 | loss 3.8409 | ppl 46.57 | lr 6.914618e-05 | 209.1s
Epoch 06 | 06600/13759 | loss 3.8406 | ppl 46.55 | lr 6.910031e-05 | 212.5s
Epoch 06 | 06700/13759 | loss 3.8407 | ppl 46.56 | lr 6.905453e-05 | 216.0s
Epoch 06 | 06800/13759 | loss 3.8403 | ppl 46.54 | lr 6.900884e-05 | 219.4s
Epoch 06 | 06900/13759 | loss 3.8404 | ppl 46.54 | lr 6.896324e-05 | 222.8s
Epoch 06 | 07000/13759 | loss 3.8402 | ppl 46.53 | lr 6.891773e-05 | 226.2s
Epoch 06 | 07100/13759 | loss 3.8398 | ppl 46.52 | lr 6.887231e-05 | 229.6s
Epoch 06 | 07200/13759 | loss 3.8396 | ppl 46.50 | lr 6.882698e-05 | 232.8s
Epoch 06 | 07300/13759 | loss 3.8396 | ppl 46.51 | lr 6.878174e-05 | 236.1s
Epoch 06 | 07400/13759 | loss 3.8397 | ppl 46.51 | lr 6.873659e-05 | 239.3s
Epoch 06 | 07500/13759 | loss 3.8395 | ppl 46.50 | lr 6.869153e-05 | 242.6s
Epoch 06 | 07600/13759 | loss 3.8393 | ppl 46.49 | lr 6.864656e-05 | 245.8s
Epoch 06 | 07700/13759 | loss 3.8390 | ppl 46.48 | lr 6.860168e-05 | 249.1s
Epoch 06 | 07800/13759 | loss 3.8390 | ppl 46.48 | lr 6.855688e-05 | 252.3s
Epoch 06 | 07900/13759 | loss 3.8390 | ppl 46.48 | lr 6.851217e-05 | 255.6s
Epoch 06 | 08000/13759 | loss 3.8389 | ppl 46.47 | lr 6.846755e-05 | 258.8s
Epoch 06 | 08100/13759 | loss 3.8386 | ppl 46.46 | lr 6.842301e-05 | 261.8s
Epoch 06 | 08200/13759 | loss 3.8383 | ppl 46.45 | lr 6.837857e-05 | 265.0s
Epoch 06 | 08300/13759 | loss 3.8378 | ppl 46.42 | lr 6.83342e-05 | 268.2s
Epoch 06 | 08400/13759 | loss 3.8379 | ppl 46.43 | lr 6.828993e-05 | 271.4s
Epoch 06 | 08500/13759 | loss 3.8378 | ppl 46.42 | lr 6.824574e-05 | 274.6s
Epoch 06 | 08600/13759 | loss 3.8378 | ppl 46.42 | lr 6.820164e-05 | 277.7s
Epoch 06 | 08700/13759 | loss 3.8381 | ppl 46.44 | lr 6.815762e-05 | 281.0s
Epoch 06 | 08800/13759 | loss 3.8381 | ppl 46.44 | lr 6.811369e-05 | 284.1s
Epoch 06 | 08900/13759 | loss 3.8378 | ppl 46.42 | lr 6.806984e-05 | 287.3s
Epoch 06 | 09000/13759 | loss 3.8379 | ppl 46.43 | lr 6.802607e-05 | 290.5s
Epoch 06 | 09100/13759 | loss 3.8378 | ppl 46.43 | lr 6.798239e-05 | 293.7s
Epoch 06 | 09200/13759 | loss 3.8376 | ppl 46.41 | lr 6.79388e-05 | 296.9s
Epoch 06 | 09300/13759 | loss 3.8373 | ppl 46.40 | lr 6.789529e-05 | 300.1s
Epoch 06 | 09400/13759 | loss 3.8373 | ppl 46.40 | lr 6.785186e-05 | 303.6s
Epoch 06 | 09500/13759 | loss 3.8375 | ppl 46.41 | lr 6.780852e-05 | 307.0s
Epoch 06 | 09600/13759 | loss 3.8374 | ppl 46.41 | lr 6.776525e-05 | 310.3s
Epoch 06 | 09700/13759 | loss 3.8374 | ppl 46.40 | lr 6.772207e-05 | 313.6s
Epoch 06 | 09800/13759 | loss 3.8372 | ppl 46.39 | lr 6.767898e-05 | 316.8s
Epoch 06 | 09900/13759 | loss 3.8371 | ppl 46.39 | lr 6.763596e-05 | 320.0s
Epoch 06 | 10000/13759 | loss 3.8369 | ppl 46.38 | lr 6.759303e-05 | 323.2s
Epoch 06 | 10100/13759 | loss 3.8365 | ppl 46.36 | lr 6.755018e-05 | 326.3s
Epoch 06 | 10200/13759 | loss 3.8364 | ppl 46.36 | lr 6.750741e-05 | 329.5s
Epoch 06 | 10300/13759 | loss 3.8366 | ppl 46.37 | lr 6.746472e-05 | 332.8s
Epoch 06 | 10400/13759 | loss 3.8368 | ppl 46.38 | lr 6.742211e-05 | 336.0s
Epoch 06 | 10500/13759 | loss 3.8365 | ppl 46.36 | lr 6.737959e-05 | 339.2s
Epoch 06 | 10600/13759 | loss 3.8364 | ppl 46.36 | lr 6.733714e-05 | 342.5s
Epoch 06 | 10700/13759 | loss 3.8365 | ppl 46.36 | lr 6.729477e-05 | 345.7s
Epoch 06 | 10800/13759 | loss 3.8363 | ppl 46.35 | lr 6.725249e-05 | 348.9s
Epoch 06 | 10900/13759 | loss 3.8363 | ppl 46.36 | lr 6.721028e-05 | 352.1s
Epoch 06 | 11000/13759 | loss 3.8360 | ppl 46.34 | lr 6.716815e-05 | 355.3s
Epoch 06 | 11100/13759 | loss 3.8361 | ppl 46.35 | lr 6.712611e-05 | 358.5s
Epoch 06 | 11200/13759 | loss 3.8359 | ppl 46.34 | lr 6.708414e-05 | 361.8s
Epoch 06 | 11300/13759 | loss 3.8361 | ppl 46.34 | lr 6.704224e-05 | 364.6s
Epoch 06 | 11400/13759 | loss 3.8361 | ppl 46.34 | lr 6.700043e-05 | 367.6s
Epoch 06 | 11500/13759 | loss 3.8360 | ppl 46.34 | lr 6.69587e-05 | 370.9s
Epoch 06 | 11600/13759 | loss 3.8359 | ppl 46.34 | lr 6.691704e-05 | 374.1s
Epoch 06 | 11700/13759 | loss 3.8356 | ppl 46.32 | lr 6.687546e-05 | 377.4s
Epoch 06 | 11800/13759 | loss 3.8353 | ppl 46.31 | lr 6.683396e-05 | 380.7s
Epoch 06 | 11900/13759 | loss 3.8350 | ppl 46.29 | lr 6.679254e-05 | 383.9s
Epoch 06 | 12000/13759 | loss 3.8349 | ppl 46.29 | lr 6.675119e-05 | 387.2s
Epoch 06 | 12100/13759 | loss 3.8345 | ppl 46.27 | lr 6.670992e-05 | 390.4s
Epoch 06 | 12200/13759 | loss 3.8346 | ppl 46.27 | lr 6.666872e-05 | 393.6s
Epoch 06 | 12300/13759 | loss 3.8343 | ppl 46.26 | lr 6.662761e-05 | 396.8s
Epoch 06 | 12400/13759 | loss 3.8340 | ppl 46.25 | lr 6.658656e-05 | 399.9s
Epoch 06 | 12500/13759 | loss 3.8340 | ppl 46.25 | lr 6.65456e-05 | 403.2s
Epoch 06 | 12600/13759 | loss 3.8341 | ppl 46.25 | lr 6.650471e-05 | 406.6s
Epoch 06 | 12700/13759 | loss 3.8341 | ppl 46.25 | lr 6.646389e-05 | 409.8s
Epoch 06 | 12800/13759 | loss 3.8341 | ppl 46.25 | lr 6.642315e-05 | 413.0s
Epoch 06 | 12900/13759 | loss 3.8341 | ppl 46.25 | lr 6.638249e-05 | 416.3s
Epoch 06 | 13000/13759 | loss 3.8341 | ppl 46.25 | lr 6.634189e-05 | 419.5s
Epoch 06 | 13100/13759 | loss 3.8338 | ppl 46.24 | lr 6.630138e-05 | 422.8s
Epoch 06 | 13200/13759 | loss 3.8336 | ppl 46.23 | lr 6.626094e-05 | 425.9s
Epoch 06 | 13300/13759 | loss 3.8333 | ppl 46.22 | lr 6.622057e-05 | 429.1s
Epoch 06 | 13400/13759 | loss 3.8330 | ppl 46.20 | lr 6.618027e-05 | 432.3s
Epoch 06 | 13500/13759 | loss 3.8327 | ppl 46.18 | lr 6.614005e-05 | 435.6s
Epoch 06 | 13600/13759 | loss 3.8324 | ppl 46.17 | lr 6.60999e-05 | 438.6s
Epoch 06 | 13700/13759 | loss 3.8323 | ppl 46.17 | lr 6.605983e-05 | 441.8s
Epoch 06 complete | train loss 3.8321 | dev loss 3.8048 | train BLEU 16.92 | dev BLEU 13.83 | 450.9s
Epoch 07 | 00100/13759 | loss 3.7836 | ppl 43.97 | lr 6.599626e-05 | 3.2s
Epoch 07 | 00200/13759 | loss 3.7626 | ppl 43.06 | lr 6.595637e-05 | 6.5s
Epoch 07 | 00300/13759 | loss 3.7615 | ppl 43.01 | lr 6.591656e-05 | 9.6s
Epoch 07 | 00400/13759 | loss 3.7536 | ppl 42.67 | lr 6.587681e-05 | 12.8s
Epoch 07 | 00500/13759 | loss 3.7544 | ppl 42.71 | lr 6.583714e-05 | 16.0s
Epoch 07 | 00600/13759 | loss 3.7567 | ppl 42.81 | lr 6.579754e-05 | 19.2s
Epoch 07 | 00700/13759 | loss 3.7576 | ppl 42.84 | lr 6.575802e-05 | 22.4s
Epoch 07 | 00800/13759 | loss 3.7584 | ppl 42.88 | lr 6.571856e-05 | 25.6s
Epoch 07 | 00900/13759 | loss 3.7588 | ppl 42.90 | lr 6.567917e-05 | 28.9s
Epoch 07 | 01000/13759 | loss 3.7602 | ppl 42.96 | lr 6.563986e-05 | 32.1s
Epoch 07 | 01100/13759 | loss 3.7624 | ppl 43.05 | lr 6.560061e-05 | 35.3s
Epoch 07 | 01200/13759 | loss 3.7631 | ppl 43.08 | lr 6.556144e-05 | 38.6s
Epoch 07 | 01300/13759 | loss 3.7631 | ppl 43.08 | lr 6.552233e-05 | 41.9s
Epoch 07 | 01400/13759 | loss 3.7624 | ppl 43.05 | lr 6.54833e-05 | 45.1s
Epoch 07 | 01500/13759 | loss 3.7618 | ppl 43.03 | lr 6.544433e-05 | 48.2s
Epoch 07 | 01600/13759 | loss 3.7612 | ppl 43.00 | lr 6.540544e-05 | 51.4s
Epoch 07 | 01700/13759 | loss 3.7623 | ppl 43.05 | lr 6.536661e-05 | 54.6s
Epoch 07 | 01800/13759 | loss 3.7623 | ppl 43.05 | lr 6.532786e-05 | 57.7s
Epoch 07 | 01900/13759 | loss 3.7622 | ppl 43.04 | lr 6.528917e-05 | 61.0s
Epoch 07 | 02000/13759 | loss 3.7628 | ppl 43.07 | lr 6.525055e-05 | 64.2s
Epoch 07 | 02100/13759 | loss 3.7621 | ppl 43.04 | lr 6.5212e-05 | 67.4s
Epoch 07 | 02200/13759 | loss 3.7616 | ppl 43.02 | lr 6.517352e-05 | 70.6s
Epoch 07 | 02300/13759 | loss 3.7620 | ppl 43.03 | lr 6.51351e-05 | 73.9s
Epoch 07 | 02400/13759 | loss 3.7616 | ppl 43.02 | lr 6.509675e-05 | 77.1s
Epoch 07 | 02500/13759 | loss 3.7620 | ppl 43.04 | lr 6.505847e-05 | 80.4s
Epoch 07 | 02600/13759 | loss 3.7619 | ppl 43.03 | lr 6.502026e-05 | 83.6s
Epoch 07 | 02700/13759 | loss 3.7631 | ppl 43.08 | lr 6.498212e-05 | 87.1s
Epoch 07 | 02800/13759 | loss 3.7634 | ppl 43.09 | lr 6.494404e-05 | 90.5s
Epoch 07 | 02900/13759 | loss 3.7637 | ppl 43.11 | lr 6.490603e-05 | 93.8s
Epoch 07 | 03000/13759 | loss 3.7635 | ppl 43.10 | lr 6.486809e-05 | 97.0s
Epoch 07 | 03100/13759 | loss 3.7634 | ppl 43.09 | lr 6.483021e-05 | 100.2s
Epoch 07 | 03200/13759 | loss 3.7635 | ppl 43.10 | lr 6.47924e-05 | 103.7s
Epoch 07 | 03300/13759 | loss 3.7639 | ppl 43.12 | lr 6.475465e-05 | 107.1s
Epoch 07 | 03400/13759 | loss 3.7629 | ppl 43.07 | lr 6.471697e-05 | 110.5s
Epoch 07 | 03500/13759 | loss 3.7634 | ppl 43.09 | lr 6.467936e-05 | 113.9s
Epoch 07 | 03600/13759 | loss 3.7631 | ppl 43.08 | lr 6.464181e-05 | 117.0s
Epoch 07 | 03700/13759 | loss 3.7637 | ppl 43.11 | lr 6.460433e-05 | 120.3s
Epoch 07 | 03800/13759 | loss 3.7639 | ppl 43.12 | lr 6.456691e-05 | 123.6s
Epoch 07 | 03900/13759 | loss 3.7647 | ppl 43.15 | lr 6.452956e-05 | 126.8s
Epoch 07 | 04000/13759 | loss 3.7652 | ppl 43.17 | lr 6.449227e-05 | 130.2s
Epoch 07 | 04100/13759 | loss 3.7653 | ppl 43.18 | lr 6.445505e-05 | 133.6s
Epoch 07 | 04200/13759 | loss 3.7651 | ppl 43.17 | lr 6.441789e-05 | 136.9s
Epoch 07 | 04300/13759 | loss 3.7647 | ppl 43.15 | lr 6.43808e-05 | 140.1s
Epoch 07 | 04400/13759 | loss 3.7644 | ppl 43.14 | lr 6.434376e-05 | 143.3s
Epoch 07 | 04500/13759 | loss 3.7642 | ppl 43.13 | lr 6.43068e-05 | 146.4s
Epoch 07 | 04600/13759 | loss 3.7643 | ppl 43.14 | lr 6.426989e-05 | 149.6s
Epoch 07 | 04700/13759 | loss 3.7644 | ppl 43.14 | lr 6.423305e-05 | 152.8s
Epoch 07 | 04800/13759 | loss 3.7645 | ppl 43.14 | lr 6.419628e-05 | 156.0s
Epoch 07 | 04900/13759 | loss 3.7647 | ppl 43.15 | lr 6.415957e-05 | 159.3s
Epoch 07 | 05000/13759 | loss 3.7648 | ppl 43.15 | lr 6.412291e-05 | 162.5s
Epoch 07 | 05100/13759 | loss 3.7652 | ppl 43.17 | lr 6.408633e-05 | 165.7s
Epoch 07 | 05200/13759 | loss 3.7661 | ppl 43.21 | lr 6.40498e-05 | 168.9s
Epoch 07 | 05300/13759 | loss 3.7662 | ppl 43.21 | lr 6.401334e-05 | 172.3s
Epoch 07 | 05400/13759 | loss 3.7668 | ppl 43.24 | lr 6.397694e-05 | 175.5s
Epoch 07 | 05500/13759 | loss 3.7673 | ppl 43.26 | lr 6.39406e-05 | 178.7s
Epoch 07 | 05600/13759 | loss 3.7674 | ppl 43.27 | lr 6.390432e-05 | 181.9s
Epoch 07 | 05700/13759 | loss 3.7673 | ppl 43.26 | lr 6.386811e-05 | 185.2s
Epoch 07 | 05800/13759 | loss 3.7671 | ppl 43.25 | lr 6.383195e-05 | 188.4s
Epoch 07 | 05900/13759 | loss 3.7672 | ppl 43.26 | lr 6.379586e-05 | 191.6s
Epoch 07 | 06000/13759 | loss 3.7673 | ppl 43.27 | lr 6.375983e-05 | 194.8s
Epoch 07 | 06100/13759 | loss 3.7674 | ppl 43.27 | lr 6.372386e-05 | 198.0s
Epoch 07 | 06200/13759 | loss 3.7671 | ppl 43.25 | lr 6.368795e-05 | 201.1s
Epoch 07 | 06300/13759 | loss 3.7671 | ppl 43.25 | lr 6.36521e-05 | 204.4s
Epoch 07 | 06400/13759 | loss 3.7677 | ppl 43.28 | lr 6.361632e-05 | 207.6s
Epoch 07 | 06500/13759 | loss 3.7673 | ppl 43.26 | lr 6.358059e-05 | 210.9s
Epoch 07 | 06600/13759 | loss 3.7672 | ppl 43.26 | lr 6.354492e-05 | 214.1s
Epoch 07 | 06700/13759 | loss 3.7679 | ppl 43.29 | lr 6.350931e-05 | 217.2s
Epoch 07 | 06800/13759 | loss 3.7677 | ppl 43.28 | lr 6.347376e-05 | 220.4s
Epoch 07 | 06900/13759 | loss 3.7676 | ppl 43.28 | lr 6.343828e-05 | 223.6s
Epoch 07 | 07000/13759 | loss 3.7674 | ppl 43.27 | lr 6.340285e-05 | 226.9s
Epoch 07 | 07100/13759 | loss 3.7676 | ppl 43.28 | lr 6.336748e-05 | 230.3s
Epoch 07 | 07200/13759 | loss 3.7674 | ppl 43.27 | lr 6.333217e-05 | 233.5s
Epoch 07 | 07300/13759 | loss 3.7671 | ppl 43.26 | lr 6.329691e-05 | 236.7s
Epoch 07 | 07400/13759 | loss 3.7672 | ppl 43.26 | lr 6.326172e-05 | 240.0s
Epoch 07 | 07500/13759 | loss 3.7670 | ppl 43.25 | lr 6.322659e-05 | 243.2s
Epoch 07 | 07600/13759 | loss 3.7670 | ppl 43.25 | lr 6.319151e-05 | 246.4s
Epoch 07 | 07700/13759 | loss 3.7669 | ppl 43.24 | lr 6.31565e-05 | 249.7s
Epoch 07 | 07800/13759 | loss 3.7670 | ppl 43.25 | lr 6.312154e-05 | 252.9s
Epoch 07 | 07900/13759 | loss 3.7668 | ppl 43.24 | lr 6.308663e-05 | 256.1s
Epoch 07 | 08000/13759 | loss 3.7668 | ppl 43.24 | lr 6.305179e-05 | 259.3s
Epoch 07 | 08100/13759 | loss 3.7668 | ppl 43.24 | lr 6.301701e-05 | 262.5s
Epoch 07 | 08200/13759 | loss 3.7666 | ppl 43.23 | lr 6.298228e-05 | 265.7s
Epoch 07 | 08300/13759 | loss 3.7666 | ppl 43.23 | lr 6.294761e-05 | 269.0s
Epoch 07 | 08400/13759 | loss 3.7668 | ppl 43.24 | lr 6.291299e-05 | 272.3s
Epoch 07 | 08500/13759 | loss 3.7668 | ppl 43.24 | lr 6.287844e-05 | 275.5s
Epoch 07 | 08600/13759 | loss 3.7663 | ppl 43.22 | lr 6.284394e-05 | 278.7s
Epoch 07 | 08700/13759 | loss 3.7663 | ppl 43.22 | lr 6.280949e-05 | 282.1s
Epoch 07 | 08800/13759 | loss 3.7662 | ppl 43.22 | lr 6.277511e-05 | 285.2s
Epoch 07 | 08900/13759 | loss 3.7661 | ppl 43.21 | lr 6.274078e-05 | 288.4s
Epoch 07 | 09000/13759 | loss 3.7663 | ppl 43.22 | lr 6.27065e-05 | 291.6s
Epoch 07 | 09100/13759 | loss 3.7663 | ppl 43.22 | lr 6.267229e-05 | 294.9s
Epoch 07 | 09200/13759 | loss 3.7662 | ppl 43.22 | lr 6.263812e-05 | 298.1s
Epoch 07 | 09300/13759 | loss 3.7663 | ppl 43.22 | lr 6.260402e-05 | 301.6s
Epoch 07 | 09400/13759 | loss 3.7662 | ppl 43.22 | lr 6.256997e-05 | 305.0s
Epoch 07 | 09500/13759 | loss 3.7661 | ppl 43.21 | lr 6.253597e-05 | 308.2s
Epoch 07 | 09600/13759 | loss 3.7660 | ppl 43.21 | lr 6.250203e-05 | 311.6s
Epoch 07 | 09700/13759 | loss 3.7658 | ppl 43.20 | lr 6.246815e-05 | 315.1s
Epoch 07 | 09800/13759 | loss 3.7659 | ppl 43.20 | lr 6.243432e-05 | 318.4s
Epoch 07 | 09900/13759 | loss 3.7654 | ppl 43.18 | lr 6.240055e-05 | 321.6s
Epoch 07 | 10000/13759 | loss 3.7652 | ppl 43.17 | lr 6.236683e-05 | 324.8s
Epoch 07 | 10100/13759 | loss 3.7651 | ppl 43.17 | lr 6.233316e-05 | 328.1s
Epoch 07 | 10200/13759 | loss 3.7651 | ppl 43.17 | lr 6.229955e-05 | 331.2s
Epoch 07 | 10300/13759 | loss 3.7650 | ppl 43.16 | lr 6.2266e-05 | 334.4s
Epoch 07 | 10400/13759 | loss 3.7648 | ppl 43.16 | lr 6.223249e-05 | 337.7s
Epoch 07 | 10500/13759 | loss 3.7648 | ppl 43.15 | lr 6.219905e-05 | 341.2s
Epoch 07 | 10600/13759 | loss 3.7647 | ppl 43.15 | lr 6.216565e-05 | 344.5s
Epoch 07 | 10700/13759 | loss 3.7648 | ppl 43.16 | lr 6.213231e-05 | 347.8s
Epoch 07 | 10800/13759 | loss 3.7648 | ppl 43.15 | lr 6.209903e-05 | 351.1s
Epoch 07 | 10900/13759 | loss 3.7646 | ppl 43.15 | lr 6.206579e-05 | 354.2s
Epoch 07 | 11000/13759 | loss 3.7646 | ppl 43.15 | lr 6.203261e-05 | 357.5s
Epoch 07 | 11100/13759 | loss 3.7643 | ppl 43.14 | lr 6.199949e-05 | 361.0s
Epoch 07 | 11200/13759 | loss 3.7643 | ppl 43.13 | lr 6.196641e-05 | 364.2s
Epoch 07 | 11300/13759 | loss 3.7644 | ppl 43.14 | lr 6.193339e-05 | 367.4s
Epoch 07 | 11400/13759 | loss 3.7642 | ppl 43.13 | lr 6.190042e-05 | 370.4s
Epoch 07 | 11500/13759 | loss 3.7641 | ppl 43.12 | lr 6.186751e-05 | 373.7s
Epoch 07 | 11600/13759 | loss 3.7640 | ppl 43.12 | lr 6.183464e-05 | 376.9s
Epoch 07 | 11700/13759 | loss 3.7640 | ppl 43.12 | lr 6.180183e-05 | 380.2s
Epoch 07 | 11800/13759 | loss 3.7639 | ppl 43.12 | lr 6.176907e-05 | 383.4s
Epoch 07 | 11900/13759 | loss 3.7638 | ppl 43.11 | lr 6.173637e-05 | 386.6s
Epoch 07 | 12000/13759 | loss 3.7636 | ppl 43.10 | lr 6.170371e-05 | 389.8s
Epoch 07 | 12100/13759 | loss 3.7632 | ppl 43.09 | lr 6.167111e-05 | 393.2s
Epoch 07 | 12200/13759 | loss 3.7631 | ppl 43.08 | lr 6.163856e-05 | 396.3s
Epoch 07 | 12300/13759 | loss 3.7628 | ppl 43.07 | lr 6.160606e-05 | 399.5s
Epoch 07 | 12400/13759 | loss 3.7627 | ppl 43.06 | lr 6.157361e-05 | 402.6s
Epoch 07 | 12500/13759 | loss 3.7627 | ppl 43.06 | lr 6.154121e-05 | 405.8s
Epoch 07 | 12600/13759 | loss 3.7627 | ppl 43.06 | lr 6.150887e-05 | 409.1s
Epoch 07 | 12700/13759 | loss 3.7625 | ppl 43.06 | lr 6.147657e-05 | 412.2s
Epoch 07 | 12800/13759 | loss 3.7623 | ppl 43.05 | lr 6.144433e-05 | 415.5s
Epoch 07 | 12900/13759 | loss 3.7623 | ppl 43.05 | lr 6.141213e-05 | 418.7s
Epoch 07 | 13000/13759 | loss 3.7620 | ppl 43.03 | lr 6.137999e-05 | 421.9s
Epoch 07 | 13100/13759 | loss 3.7619 | ppl 43.03 | lr 6.13479e-05 | 425.2s
Epoch 07 | 13200/13759 | loss 3.7618 | ppl 43.03 | lr 6.131585e-05 | 428.2s
Epoch 07 | 13300/13759 | loss 3.7618 | ppl 43.03 | lr 6.128386e-05 | 431.4s
Epoch 07 | 13400/13759 | loss 3.7617 | ppl 43.02 | lr 6.125192e-05 | 434.5s
Epoch 07 | 13500/13759 | loss 3.7615 | ppl 43.01 | lr 6.122003e-05 | 437.7s
Epoch 07 | 13600/13759 | loss 3.7613 | ppl 43.01 | lr 6.118819e-05 | 440.9s
Epoch 07 | 13700/13759 | loss 3.7612 | ppl 43.00 | lr 6.115639e-05 | 444.1s
Epoch 07 complete | train loss 3.7612 | dev loss 3.7536 | train BLEU 17.92 | dev BLEU 13.51 | 453.0s
Epoch 08 | 00100/13759 | loss 3.6650 | ppl 39.06 | lr 6.110594e-05 | 3.4s
Epoch 08 | 00200/13759 | loss 3.6709 | ppl 39.29 | lr 6.107428e-05 | 6.9s
Epoch 08 | 00300/13759 | loss 3.6687 | ppl 39.20 | lr 6.104266e-05 | 10.3s
Epoch 08 | 00400/13759 | loss 3.6856 | ppl 39.87 | lr 6.10111e-05 | 13.5s
Epoch 08 | 00500/13759 | loss 3.6872 | ppl 39.93 | lr 6.097958e-05 | 16.7s
Epoch 08 | 00600/13759 | loss 3.6850 | ppl 39.85 | lr 6.094811e-05 | 19.9s
Epoch 08 | 00700/13759 | loss 3.6828 | ppl 39.76 | lr 6.091669e-05 | 23.1s
Epoch 08 | 00800/13759 | loss 3.6840 | ppl 39.80 | lr 6.088532e-05 | 26.3s
Epoch 08 | 00900/13759 | loss 3.6863 | ppl 39.90 | lr 6.085399e-05 | 29.5s
Epoch 08 | 01000/13759 | loss 3.6850 | ppl 39.85 | lr 6.082272e-05 | 32.7s
Epoch 08 | 01100/13759 | loss 3.6863 | ppl 39.90 | lr 6.079149e-05 | 35.8s
Epoch 08 | 01200/13759 | loss 3.6871 | ppl 39.93 | lr 6.076031e-05 | 39.1s
Epoch 08 | 01300/13759 | loss 3.6875 | ppl 39.94 | lr 6.072918e-05 | 42.3s
Epoch 08 | 01400/13759 | loss 3.6901 | ppl 40.05 | lr 6.06981e-05 | 45.6s
Epoch 08 | 01500/13759 | loss 3.6901 | ppl 40.05 | lr 6.066706e-05 | 48.7s
Epoch 08 | 01600/13759 | loss 3.6900 | ppl 40.05 | lr 6.063607e-05 | 51.6s
Epoch 08 | 01700/13759 | loss 3.6883 | ppl 39.97 | lr 6.060513e-05 | 54.9s
Epoch 08 | 01800/13759 | loss 3.6891 | ppl 40.01 | lr 6.057424e-05 | 58.0s
Epoch 08 | 01900/13759 | loss 3.6905 | ppl 40.06 | lr 6.054339e-05 | 61.2s
Epoch 08 | 02000/13759 | loss 3.6920 | ppl 40.12 | lr 6.051259e-05 | 64.5s
Epoch 08 | 02100/13759 | loss 3.6921 | ppl 40.13 | lr 6.048184e-05 | 67.7s
Epoch 08 | 02200/13759 | loss 3.6930 | ppl 40.17 | lr 6.045114e-05 | 70.9s
Epoch 08 | 02300/13759 | loss 3.6939 | ppl 40.20 | lr 6.042048e-05 | 74.2s
Epoch 08 | 02400/13759 | loss 3.6942 | ppl 40.21 | lr 6.038987e-05 | 77.5s
Epoch 08 | 02500/13759 | loss 3.6958 | ppl 40.28 | lr 6.03593e-05 | 80.7s
Epoch 08 | 02600/13759 | loss 3.6958 | ppl 40.28 | lr 6.032878e-05 | 83.9s
Epoch 08 | 02700/13759 | loss 3.6961 | ppl 40.29 | lr 6.029831e-05 | 87.1s
Epoch 08 | 02800/13759 | loss 3.6963 | ppl 40.30 | lr 6.026788e-05 | 90.6s
Epoch 08 | 02900/13759 | loss 3.6968 | ppl 40.32 | lr 6.02375e-05 | 93.8s
Epoch 08 | 03000/13759 | loss 3.6964 | ppl 40.30 | lr 6.020717e-05 | 97.1s
Epoch 08 | 03100/13759 | loss 3.6964 | ppl 40.30 | lr 6.017688e-05 | 100.3s
Epoch 08 | 03200/13759 | loss 3.6976 | ppl 40.35 | lr 6.014664e-05 | 103.4s
Epoch 08 | 03300/13759 | loss 3.6975 | ppl 40.35 | lr 6.011644e-05 | 106.6s
Epoch 08 | 03400/13759 | loss 3.6983 | ppl 40.38 | lr 6.008629e-05 | 109.8s
Epoch 08 | 03500/13759 | loss 3.6990 | ppl 40.41 | lr 6.005618e-05 | 113.0s
Epoch 08 | 03600/13759 | loss 3.6984 | ppl 40.38 | lr 6.002612e-05 | 116.2s
Epoch 08 | 03700/13759 | loss 3.6985 | ppl 40.39 | lr 5.99961e-05 | 119.4s
Epoch 08 | 03800/13759 | loss 3.6993 | ppl 40.42 | lr 5.996613e-05 | 122.7s
Epoch 08 | 03900/13759 | loss 3.6995 | ppl 40.43 | lr 5.99362e-05 | 125.9s
Epoch 08 | 04000/13759 | loss 3.7001 | ppl 40.45 | lr 5.990632e-05 | 129.1s
Epoch 08 | 04100/13759 | loss 3.7008 | ppl 40.48 | lr 5.987648e-05 | 132.4s
Epoch 08 | 04200/13759 | loss 3.7007 | ppl 40.47 | lr 5.984669e-05 | 135.8s
Epoch 08 | 04300/13759 | loss 3.7007 | ppl 40.48 | lr 5.981694e-05 | 139.1s
Epoch 08 | 04400/13759 | loss 3.7014 | ppl 40.50 | lr 5.978724e-05 | 142.3s
Epoch 08 | 04500/13759 | loss 3.7010 | ppl 40.49 | lr 5.975758e-05 | 145.6s
Epoch 08 | 04600/13759 | loss 3.7013 | ppl 40.50 | lr 5.972796e-05 | 148.4s
Epoch 08 | 04700/13759 | loss 3.7021 | ppl 40.53 | lr 5.969839e-05 | 151.6s
Epoch 08 | 04800/13759 | loss 3.7024 | ppl 40.54 | lr 5.966886e-05 | 154.8s
Epoch 08 | 04900/13759 | loss 3.7025 | ppl 40.55 | lr 5.963938e-05 | 158.1s
Epoch 08 | 05000/13759 | loss 3.7026 | ppl 40.55 | lr 5.960994e-05 | 161.3s
Epoch 08 | 05100/13759 | loss 3.7024 | ppl 40.54 | lr 5.958054e-05 | 164.6s
Epoch 08 | 05200/13759 | loss 3.7026 | ppl 40.55 | lr 5.955119e-05 | 167.6s
Epoch 08 | 05300/13759 | loss 3.7033 | ppl 40.58 | lr 5.952188e-05 | 170.9s
Epoch 08 | 05400/13759 | loss 3.7039 | ppl 40.61 | lr 5.949261e-05 | 174.3s
Epoch 08 | 05500/13759 | loss 3.7042 | ppl 40.62 | lr 5.946339e-05 | 177.5s
Epoch 08 | 05600/13759 | loss 3.7042 | ppl 40.62 | lr 5.94342e-05 | 180.8s
Epoch 08 | 05700/13759 | loss 3.7043 | ppl 40.62 | lr 5.940507e-05 | 184.0s
Epoch 08 | 05800/13759 | loss 3.7040 | ppl 40.61 | lr 5.937597e-05 | 187.2s
Epoch 08 | 05900/13759 | loss 3.7036 | ppl 40.59 | lr 5.934692e-05 | 190.2s
Epoch 08 | 06000/13759 | loss 3.7038 | ppl 40.60 | lr 5.931791e-05 | 193.4s
Epoch 08 | 06100/13759 | loss 3.7033 | ppl 40.58 | lr 5.928894e-05 | 196.6s
Epoch 08 | 06200/13759 | loss 3.7033 | ppl 40.58 | lr 5.926002e-05 | 199.8s
Epoch 08 | 06300/13759 | loss 3.7032 | ppl 40.58 | lr 5.923114e-05 | 203.2s
Epoch 08 | 06400/13759 | loss 3.7035 | ppl 40.59 | lr 5.92023e-05 | 206.5s
Epoch 08 | 06500/13759 | loss 3.7034 | ppl 40.59 | lr 5.91735e-05 | 209.7s
Epoch 08 | 06600/13759 | loss 3.7035 | ppl 40.59 | lr 5.914474e-05 | 212.9s
Epoch 08 | 06700/13759 | loss 3.7036 | ppl 40.59 | lr 5.911603e-05 | 216.0s
Epoch 08 | 06800/13759 | loss 3.7035 | ppl 40.59 | lr 5.908735e-05 | 219.2s
Epoch 08 | 06900/13759 | loss 3.7038 | ppl 40.60 | lr 5.905872e-05 | 222.4s
Epoch 08 | 07000/13759 | loss 3.7039 | ppl 40.61 | lr 5.903013e-05 | 225.7s
Epoch 08 | 07100/13759 | loss 3.7041 | ppl 40.61 | lr 5.900159e-05 | 228.9s
Epoch 08 | 07200/13759 | loss 3.7040 | ppl 40.61 | lr 5.897308e-05 | 232.1s
Epoch 08 | 07300/13759 | loss 3.7038 | ppl 40.60 | lr 5.894461e-05 | 235.3s
Epoch 08 | 07400/13759 | loss 3.7040 | ppl 40.61 | lr 5.891619e-05 | 238.7s
Epoch 08 | 07500/13759 | loss 3.7039 | ppl 40.60 | lr 5.888781e-05 | 242.2s
Epoch 08 | 07600/13759 | loss 3.7040 | ppl 40.61 | lr 5.885946e-05 | 245.6s
Epoch 08 | 07700/13759 | loss 3.7041 | ppl 40.61 | lr 5.883116e-05 | 248.8s
Epoch 08 | 07800/13759 | loss 3.7042 | ppl 40.62 | lr 5.88029e-05 | 252.0s
Epoch 08 | 07900/13759 | loss 3.7045 | ppl 40.63 | lr 5.877468e-05 | 255.3s
Epoch 08 | 08000/13759 | loss 3.7045 | ppl 40.63 | lr 5.87465e-05 | 258.6s
Epoch 08 | 08100/13759 | loss 3.7044 | ppl 40.63 | lr 5.871837e-05 | 261.8s
Epoch 08 | 08200/13759 | loss 3.7043 | ppl 40.62 | lr 5.869027e-05 | 265.0s
Epoch 08 | 08300/13759 | loss 3.7045 | ppl 40.63 | lr 5.866221e-05 | 268.3s
Epoch 08 | 08400/13759 | loss 3.7046 | ppl 40.63 | lr 5.863419e-05 | 271.5s
Epoch 08 | 08500/13759 | loss 3.7049 | ppl 40.65 | lr 5.860622e-05 | 274.7s
Epoch 08 | 08600/13759 | loss 3.7049 | ppl 40.65 | lr 5.857828e-05 | 277.9s
Epoch 08 | 08700/13759 | loss 3.7046 | ppl 40.63 | lr 5.855038e-05 | 281.1s
Epoch 08 | 08800/13759 | loss 3.7044 | ppl 40.63 | lr 5.852252e-05 | 284.3s
Epoch 08 | 08900/13759 | loss 3.7045 | ppl 40.63 | lr 5.84947e-05 | 287.4s
Epoch 08 | 09000/13759 | loss 3.7044 | ppl 40.62 | lr 5.846693e-05 | 290.7s
Epoch 08 | 09100/13759 | loss 3.7043 | ppl 40.62 | lr 5.843919e-05 | 294.0s
Epoch 08 | 09200/13759 | loss 3.7044 | ppl 40.63 | lr 5.841149e-05 | 297.1s
Epoch 08 | 09300/13759 | loss 3.7044 | ppl 40.63 | lr 5.838383e-05 | 300.3s
Epoch 08 | 09400/13759 | loss 3.7044 | ppl 40.63 | lr 5.835621e-05 | 303.5s
Epoch 08 | 09500/13759 | loss 3.7042 | ppl 40.62 | lr 5.832862e-05 | 306.6s
Epoch 08 | 09600/13759 | loss 3.7043 | ppl 40.62 | lr 5.830108e-05 | 309.8s
Epoch 08 | 09700/13759 | loss 3.7042 | ppl 40.62 | lr 5.827358e-05 | 313.0s
Epoch 08 | 09800/13759 | loss 3.7041 | ppl 40.61 | lr 5.824611e-05 | 316.2s
Epoch 08 | 09900/13759 | loss 3.7045 | ppl 40.63 | lr 5.821869e-05 | 319.5s
Epoch 08 | 10000/13759 | loss 3.7047 | ppl 40.64 | lr 5.81913e-05 | 322.7s
Epoch 08 | 10100/13759 | loss 3.7046 | ppl 40.63 | lr 5.816395e-05 | 325.8s
Epoch 08 | 10200/13759 | loss 3.7042 | ppl 40.62 | lr 5.813664e-05 | 329.0s
Epoch 08 | 10300/13759 | loss 3.7044 | ppl 40.62 | lr 5.810937e-05 | 332.3s
Epoch 08 | 10400/13759 | loss 3.7042 | ppl 40.62 | lr 5.808214e-05 | 335.5s
Epoch 08 | 10500/13759 | loss 3.7042 | ppl 40.62 | lr 5.805494e-05 | 338.7s
Epoch 08 | 10600/13759 | loss 3.7043 | ppl 40.62 | lr 5.802778e-05 | 341.9s
Epoch 08 | 10700/13759 | loss 3.7043 | ppl 40.62 | lr 5.800067e-05 | 345.1s
Epoch 08 | 10800/13759 | loss 3.7045 | ppl 40.63 | lr 5.797359e-05 | 348.3s
Epoch 08 | 10900/13759 | loss 3.7046 | ppl 40.64 | lr 5.794654e-05 | 351.5s
Epoch 08 | 11000/13759 | loss 3.7046 | ppl 40.64 | lr 5.791954e-05 | 354.7s
Epoch 08 | 11100/13759 | loss 3.7046 | ppl 40.63 | lr 5.789257e-05 | 358.0s
Epoch 08 | 11200/13759 | loss 3.7048 | ppl 40.64 | lr 5.786564e-05 | 360.9s
Epoch 08 | 11300/13759 | loss 3.7051 | ppl 40.65 | lr 5.783875e-05 | 364.1s
Epoch 08 | 11400/13759 | loss 3.7053 | ppl 40.66 | lr 5.781189e-05 | 367.0s
Epoch 08 | 11500/13759 | loss 3.7052 | ppl 40.66 | lr 5.778508e-05 | 370.2s
Epoch 08 | 11600/13759 | loss 3.7052 | ppl 40.66 | lr 5.77583e-05 | 373.5s
Epoch 08 | 11700/13759 | loss 3.7051 | ppl 40.65 | lr 5.773155e-05 | 376.6s
Epoch 08 | 11800/13759 | loss 3.7050 | ppl 40.65 | lr 5.770485e-05 | 379.9s
Epoch 08 | 11900/13759 | loss 3.7048 | ppl 40.64 | lr 5.767818e-05 | 383.4s
Epoch 08 | 12000/13759 | loss 3.7050 | ppl 40.65 | lr 5.765155e-05 | 386.6s
Epoch 08 | 12100/13759 | loss 3.7052 | ppl 40.66 | lr 5.762495e-05 | 389.8s
Epoch 08 | 12200/13759 | loss 3.7053 | ppl 40.66 | lr 5.759839e-05 | 393.0s
Epoch 08 | 12300/13759 | loss 3.7053 | ppl 40.66 | lr 5.757187e-05 | 396.3s
Epoch 08 | 12400/13759 | loss 3.7053 | ppl 40.66 | lr 5.754539e-05 | 399.5s
Epoch 08 | 12500/13759 | loss 3.7053 | ppl 40.66 | lr 5.751894e-05 | 402.8s
Epoch 08 | 12600/13759 | loss 3.7054 | ppl 40.66 | lr 5.749253e-05 | 406.1s
Epoch 08 | 12700/13759 | loss 3.7053 | ppl 40.66 | lr 5.746615e-05 | 409.5s
Epoch 08 | 12800/13759 | loss 3.7054 | ppl 40.67 | lr 5.743981e-05 | 412.6s
Epoch 08 | 12900/13759 | loss 3.7055 | ppl 40.67 | lr 5.741351e-05 | 415.9s
Epoch 08 | 13000/13759 | loss 3.7054 | ppl 40.67 | lr 5.738724e-05 | 419.1s
Epoch 08 | 13100/13759 | loss 3.7055 | ppl 40.67 | lr 5.736101e-05 | 422.4s
Epoch 08 | 13200/13759 | loss 3.7055 | ppl 40.67 | lr 5.733481e-05 | 425.7s
Epoch 08 | 13300/13759 | loss 3.7057 | ppl 40.68 | lr 5.730866e-05 | 428.9s
Epoch 08 | 13400/13759 | loss 3.7057 | ppl 40.68 | lr 5.728253e-05 | 432.1s
Epoch 08 | 13500/13759 | loss 3.7056 | ppl 40.68 | lr 5.725644e-05 | 435.3s
Epoch 08 | 13600/13759 | loss 3.7056 | ppl 40.67 | lr 5.723039e-05 | 438.5s
Epoch 08 | 13700/13759 | loss 3.7055 | ppl 40.67 | lr 5.720438e-05 | 441.7s
Epoch 08 complete | train loss 3.7054 | dev loss 3.7141 | train BLEU 18.50 | dev BLEU 14.38 | 450.8s
{
  "best_epoch": 8,
  "best_dev_bleu": 14.384284879567781,
  "best_dev_loss": 3.7140531283376155,
  "best_model": "/data/student/i2311021/projects/100-swing-drill/chapter_10_2020/models/97_tuning/bs32_lr3em04_adamw/best_model.pt",
  "batch_size": 32,
  "learning_rate": 0.0003,
  "optimizer": "adamw"
}

========================================================================
Trial: bs128_lr3em04_adamw
========================================================================
GPU: NVIDIA RTX PRO 6000 Blackwell Max-Q Workstation Edition
Train: 440,286, Dev: 1,166
Epoch 01 | 00100/03440 | loss 9.6092 | ppl 14901.08 | lr 7.5e-06 | 4.7s
Epoch 01 | 00200/03440 | loss 9.4819 | ppl 13119.81 | lr 1.5e-05 | 8.2s
Epoch 01 | 00300/03440 | loss 9.3380 | ppl 11361.78 | lr 2.25e-05 | 11.6s
Epoch 01 | 00400/03440 | loss 9.1628 | ppl 9535.95 | lr 3e-05 | 14.9s
Epoch 01 | 00500/03440 | loss 8.9687 | ppl 7853.39 | lr 3.75e-05 | 18.2s
Epoch 01 | 00600/03440 | loss 8.7746 | ppl 6467.94 | lr 4.5e-05 | 21.6s
Epoch 01 | 00700/03440 | loss 8.5989 | ppl 5425.85 | lr 5.25e-05 | 24.9s
Epoch 01 | 00800/03440 | loss 8.4448 | ppl 4650.63 | lr 6e-05 | 28.2s
Epoch 01 | 00900/03440 | loss 8.3062 | ppl 4048.71 | lr 6.75e-05 | 31.6s
Epoch 01 | 01000/03440 | loss 8.1768 | ppl 3557.52 | lr 7.5e-05 | 34.9s
Epoch 01 | 01100/03440 | loss 8.0587 | ppl 3161.24 | lr 8.25e-05 | 38.4s
Epoch 01 | 01200/03440 | loss 7.9481 | ppl 2830.09 | lr 9e-05 | 42.0s
Epoch 01 | 01300/03440 | loss 7.8458 | ppl 2554.91 | lr 9.75e-05 | 45.3s
Epoch 01 | 01400/03440 | loss 7.7509 | ppl 2323.61 | lr 0.000105 | 48.7s
Epoch 01 | 01500/03440 | loss 7.6628 | ppl 2127.75 | lr 0.0001125 | 52.1s
Epoch 01 | 01600/03440 | loss 7.5804 | ppl 1959.42 | lr 0.00012 | 55.4s
Epoch 01 | 01700/03440 | loss 7.5042 | ppl 1815.68 | lr 0.0001275 | 58.7s
Epoch 01 | 01800/03440 | loss 7.4312 | ppl 1687.76 | lr 0.000135 | 62.1s
Epoch 01 | 01900/03440 | loss 7.3629 | ppl 1576.32 | lr 0.0001425 | 65.5s
Epoch 01 | 02000/03440 | loss 7.2979 | ppl 1477.16 | lr 0.00015 | 68.9s
Epoch 01 | 02100/03440 | loss 7.2366 | ppl 1389.41 | lr 0.0001575 | 72.2s
Epoch 01 | 02200/03440 | loss 7.1783 | ppl 1310.72 | lr 0.000165 | 75.6s
Epoch 01 | 02300/03440 | loss 7.1228 | ppl 1239.97 | lr 0.0001725 | 79.0s
Epoch 01 | 02400/03440 | loss 7.0696 | ppl 1175.66 | lr 0.00018 | 82.4s
Epoch 01 | 02500/03440 | loss 7.0184 | ppl 1116.95 | lr 0.0001875 | 85.7s
Epoch 01 | 02600/03440 | loss 6.9698 | ppl 1064.05 | lr 0.000195 | 89.1s
Epoch 01 | 02700/03440 | loss 6.9229 | ppl 1015.24 | lr 0.0002025 | 92.5s
Epoch 01 | 02800/03440 | loss 6.8778 | ppl 970.52 | lr 0.00021 | 95.9s
Epoch 01 | 02900/03440 | loss 6.8341 | ppl 929.03 | lr 0.0002175 | 99.3s
Epoch 01 | 03000/03440 | loss 6.7925 | ppl 891.11 | lr 0.000225 | 102.7s
Epoch 01 | 03100/03440 | loss 6.7522 | ppl 855.95 | lr 0.0002325 | 106.2s
Epoch 01 | 03200/03440 | loss 6.7130 | ppl 823.07 | lr 0.00024 | 109.6s
Epoch 01 | 03300/03440 | loss 6.6751 | ppl 792.44 | lr 0.0002475 | 113.0s
Epoch 01 | 03400/03440 | loss 6.6384 | ppl 763.90 | lr 0.000255 | 116.3s
/data/student/i2311021/conda_envs/100-swing-drill-gpu/lib/python3.10/site-packages/torch/nn/modules/transformer.py:531: UserWarning: The PyTorch API of nested tensors is in prototype stage and will change in the near future. We recommend specifying layout=torch.jagged when constructing a nested tensor, as this layout receives active development, has better operator coverage, and works with torch.compile. (Triggered internally at /pytorch/aten/src/ATen/NestedTensorImpl.cpp:178.)
  output = torch._nested_tensor_from_mask(
Epoch 01 complete | train loss 6.6244 | dev loss 5.4497 | train BLEU 2.53 | dev BLEU 1.74 | 126.2s
Epoch 02 | 00100/03440 | loss 5.3518 | ppl 210.98 | lr 0.0002655 | 3.4s
Epoch 02 | 00200/03440 | loss 5.3303 | ppl 206.50 | lr 0.000273 | 7.0s
Epoch 02 | 00300/03440 | loss 5.3212 | ppl 204.64 | lr 0.0002805 | 10.4s
Epoch 02 | 00400/03440 | loss 5.3057 | ppl 201.48 | lr 0.000288 | 13.8s
Epoch 02 | 00500/03440 | loss 5.2890 | ppl 198.15 | lr 0.0002955 | 17.2s
Epoch 02 | 00600/03440 | loss 5.2732 | ppl 195.04 | lr 0.0002985112 | 20.6s
Epoch 02 | 00700/03440 | loss 5.2579 | ppl 192.09 | lr 0.0002948839 | 24.0s
Epoch 02 | 00800/03440 | loss 5.2418 | ppl 189.00 | lr 0.0002913858 | 27.4s
Epoch 02 | 00900/03440 | loss 5.2259 | ppl 186.03 | lr 0.0002880092 | 30.8s
Epoch 02 | 01000/03440 | loss 5.2092 | ppl 182.94 | lr 0.0002847474 | 34.2s
Epoch 02 | 01100/03440 | loss 5.1930 | ppl 180.01 | lr 0.000281594 | 37.5s
Epoch 02 | 01200/03440 | loss 5.1765 | ppl 177.07 | lr 0.000278543 | 40.9s
Epoch 02 | 01300/03440 | loss 5.1598 | ppl 174.14 | lr 0.0002755891 | 44.3s
Epoch 02 | 01400/03440 | loss 5.1447 | ppl 171.51 | lr 0.0002727273 | 47.7s
Epoch 02 | 01500/03440 | loss 5.1290 | ppl 168.85 | lr 0.0002699528 | 51.1s
Epoch 02 | 01600/03440 | loss 5.1145 | ppl 166.41 | lr 0.0002672612 | 54.4s
Epoch 02 | 01700/03440 | loss 5.1007 | ppl 164.14 | lr 0.0002646487 | 57.8s
Epoch 02 | 01800/03440 | loss 5.0869 | ppl 161.88 | lr 0.0002621112 | 61.2s
Epoch 02 | 01900/03440 | loss 5.0732 | ppl 159.68 | lr 0.0002596454 | 64.6s
Epoch 02 | 02000/03440 | loss 5.0598 | ppl 157.56 | lr 0.0002572479 | 67.9s
Epoch 02 | 02100/03440 | loss 5.0469 | ppl 155.53 | lr 0.0002549156 | 71.3s
Epoch 02 | 02200/03440 | loss 5.0335 | ppl 153.47 | lr 0.0002526456 | 74.6s
Epoch 02 | 02300/03440 | loss 5.0213 | ppl 151.61 | lr 0.0002504352 | 78.0s
Epoch 02 | 02400/03440 | loss 5.0093 | ppl 149.79 | lr 0.0002482818 | 81.3s
Epoch 02 | 02500/03440 | loss 4.9967 | ppl 147.93 | lr 0.000246183 | 84.7s
Epoch 02 | 02600/03440 | loss 4.9849 | ppl 146.19 | lr 0.0002441365 | 88.1s
Epoch 02 | 02700/03440 | loss 4.9733 | ppl 144.50 | lr 0.0002421403 | 91.5s
Epoch 02 | 02800/03440 | loss 4.9617 | ppl 142.84 | lr 0.0002401922 | 94.8s
Epoch 02 | 02900/03440 | loss 4.9501 | ppl 141.19 | lr 0.0002382904 | 98.2s
Epoch 02 | 03000/03440 | loss 4.9392 | ppl 139.66 | lr 0.0002364331 | 101.6s
Epoch 02 | 03100/03440 | loss 4.9283 | ppl 138.14 | lr 0.0002346186 | 104.9s
Epoch 02 | 03200/03440 | loss 4.9176 | ppl 136.68 | lr 0.0002328452 | 108.3s
Epoch 02 | 03300/03440 | loss 4.9074 | ppl 135.29 | lr 0.0002311114 | 111.6s
Epoch 02 | 03400/03440 | loss 4.8973 | ppl 133.93 | lr 0.0002294157 | 115.0s
Epoch 02 complete | train loss 4.8935 | dev loss 4.5485 | train BLEU 8.47 | dev BLEU 6.09 | 124.4s
Epoch 03 | 00100/03440 | loss 4.4900 | ppl 89.12 | lr 0.0002271033 | 3.4s
Epoch 03 | 00200/03440 | loss 4.4814 | ppl 88.36 | lr 0.0002254938 | 6.8s
Epoch 03 | 00300/03440 | loss 4.4772 | ppl 87.99 | lr 0.000223918 | 10.1s
Epoch 03 | 00400/03440 | loss 4.4721 | ppl 87.54 | lr 0.0002223748 | 13.5s
Epoch 03 | 00500/03440 | loss 4.4663 | ppl 87.04 | lr 0.0002208631 | 16.8s
Epoch 03 | 00600/03440 | loss 4.4618 | ppl 86.64 | lr 0.0002193817 | 20.2s
Epoch 03 | 00700/03440 | loss 4.4561 | ppl 86.15 | lr 0.0002179298 | 23.6s
Epoch 03 | 00800/03440 | loss 4.4515 | ppl 85.76 | lr 0.0002165064 | 27.0s
Epoch 03 | 00900/03440 | loss 4.4467 | ppl 85.34 | lr 0.0002151104 | 30.3s
Epoch 03 | 01000/03440 | loss 4.4414 | ppl 84.90 | lr 0.0002137411 | 33.8s
Epoch 03 | 01100/03440 | loss 4.4364 | ppl 84.47 | lr 0.0002123977 | 37.2s
Epoch 03 | 01200/03440 | loss 4.4321 | ppl 84.11 | lr 0.0002110793 | 40.6s
Epoch 03 | 01300/03440 | loss 4.4273 | ppl 83.70 | lr 0.0002097851 | 43.9s
Epoch 03 | 01400/03440 | loss 4.4225 | ppl 83.31 | lr 0.0002085144 | 47.3s
Epoch 03 | 01500/03440 | loss 4.4164 | ppl 82.80 | lr 0.0002072666 | 50.7s
Epoch 03 | 01600/03440 | loss 4.4117 | ppl 82.41 | lr 0.0002060408 | 54.1s
Epoch 03 | 01700/03440 | loss 4.4068 | ppl 82.00 | lr 0.0002048366 | 57.5s
Epoch 03 | 01800/03440 | loss 4.4022 | ppl 81.63 | lr 0.0002036533 | 60.9s
Epoch 03 | 01900/03440 | loss 4.3970 | ppl 81.21 | lr 0.0002024902 | 64.2s
Epoch 03 | 02000/03440 | loss 4.3924 | ppl 80.84 | lr 0.0002013468 | 67.6s
Epoch 03 | 02100/03440 | loss 4.3875 | ppl 80.44 | lr 0.0002002226 | 71.0s
Epoch 03 | 02200/03440 | loss 4.3833 | ppl 80.10 | lr 0.000199117 | 74.3s
Epoch 03 | 02300/03440 | loss 4.3785 | ppl 79.72 | lr 0.0001980295 | 77.7s
Epoch 03 | 02400/03440 | loss 4.3737 | ppl 79.34 | lr 0.0001969596 | 81.1s
Epoch 03 | 02500/03440 | loss 4.3692 | ppl 78.98 | lr 0.0001959069 | 84.4s
Epoch 03 | 02600/03440 | loss 4.3640 | ppl 78.57 | lr 0.0001948709 | 87.8s
Epoch 03 | 02700/03440 | loss 4.3593 | ppl 78.20 | lr 0.0001938512 | 91.2s
Epoch 03 | 02800/03440 | loss 4.3547 | ppl 77.84 | lr 0.0001928473 | 94.8s
Epoch 03 | 02900/03440 | loss 4.3504 | ppl 77.51 | lr 0.0001918588 | 98.2s
Epoch 03 | 03000/03440 | loss 4.3462 | ppl 77.18 | lr 0.0001908854 | 101.6s
Epoch 03 | 03100/03440 | loss 4.3422 | ppl 76.88 | lr 0.0001899267 | 105.0s
Epoch 03 | 03200/03440 | loss 4.3384 | ppl 76.58 | lr 0.0001889822 | 108.3s
Epoch 03 | 03300/03440 | loss 4.3340 | ppl 76.25 | lr 0.0001880517 | 111.7s
Epoch 03 | 03400/03440 | loss 4.3303 | ppl 75.96 | lr 0.0001871349 | 115.0s
Epoch 03 complete | train loss 4.3285 | dev loss 4.1555 | train BLEU 12.34 | dev BLEU 9.51 | 124.4s
Epoch 04 | 00100/03440 | loss 4.1166 | ppl 61.35 | lr 0.0001858735 | 3.4s
Epoch 04 | 00200/03440 | loss 4.1111 | ppl 61.01 | lr 0.0001849879 | 6.9s
Epoch 04 | 00300/03440 | loss 4.1104 | ppl 60.97 | lr 0.0001841149 | 10.3s
Epoch 04 | 00400/03440 | loss 4.1102 | ppl 60.96 | lr 0.0001832542 | 13.7s
Epoch 04 | 00500/03440 | loss 4.1057 | ppl 60.69 | lr 0.0001824054 | 17.1s
Epoch 04 | 00600/03440 | loss 4.1033 | ppl 60.54 | lr 0.0001815683 | 20.4s
Epoch 04 | 00700/03440 | loss 4.1008 | ppl 60.39 | lr 0.0001807426 | 23.7s
Epoch 04 | 00800/03440 | loss 4.0989 | ppl 60.28 | lr 0.000179928 | 27.1s
Epoch 04 | 00900/03440 | loss 4.0962 | ppl 60.11 | lr 0.0001791244 | 30.6s
Epoch 04 | 01000/03440 | loss 4.0920 | ppl 59.86 | lr 0.0001783315 | 34.0s
Epoch 04 | 01100/03440 | loss 4.0904 | ppl 59.76 | lr 0.000177549 | 37.4s
Epoch 04 | 01200/03440 | loss 4.0883 | ppl 59.64 | lr 0.0001767767 | 40.7s
Epoch 04 | 01300/03440 | loss 4.0859 | ppl 59.50 | lr 0.0001760144 | 44.0s
Epoch 04 | 01400/03440 | loss 4.0835 | ppl 59.35 | lr 0.0001752619 | 47.3s
Epoch 04 | 01500/03440 | loss 4.0817 | ppl 59.25 | lr 0.0001745189 | 50.7s
Epoch 04 | 01600/03440 | loss 4.0801 | ppl 59.15 | lr 0.0001737853 | 54.0s
Epoch 04 | 01700/03440 | loss 4.0778 | ppl 59.01 | lr 0.0001730609 | 57.3s
Epoch 04 | 01800/03440 | loss 4.0759 | ppl 58.90 | lr 0.0001723455 | 60.5s
Epoch 04 | 01900/03440 | loss 4.0746 | ppl 58.83 | lr 0.0001716389 | 63.8s
Epoch 04 | 02000/03440 | loss 4.0718 | ppl 58.66 | lr 0.0001709409 | 67.1s
Epoch 04 | 02100/03440 | loss 4.0702 | ppl 58.57 | lr 0.0001702513 | 70.5s
Epoch 04 | 02200/03440 | loss 4.0676 | ppl 58.42 | lr 0.00016957 | 73.9s
Epoch 04 | 02300/03440 | loss 4.0656 | ppl 58.30 | lr 0.0001688969 | 77.2s
Epoch 04 | 02400/03440 | loss 4.0631 | ppl 58.16 | lr 0.0001682316 | 80.5s
Epoch 04 | 02500/03440 | loss 4.0610 | ppl 58.03 | lr 0.0001675742 | 83.8s
Epoch 04 | 02600/03440 | loss 4.0589 | ppl 57.91 | lr 0.0001669245 | 87.3s
Epoch 04 | 02700/03440 | loss 4.0568 | ppl 57.79 | lr 0.0001662822 | 90.7s
Epoch 04 | 02800/03440 | loss 4.0543 | ppl 57.64 | lr 0.0001656473 | 94.0s
Epoch 04 | 02900/03440 | loss 4.0525 | ppl 57.54 | lr 0.0001650196 | 97.4s
Epoch 04 | 03000/03440 | loss 4.0505 | ppl 57.43 | lr 0.000164399 | 100.7s
Epoch 04 | 03100/03440 | loss 4.0489 | ppl 57.33 | lr 0.0001637853 | 104.3s
Epoch 04 | 03200/03440 | loss 4.0468 | ppl 57.22 | lr 0.0001631785 | 107.7s
Epoch 04 | 03300/03440 | loss 4.0445 | ppl 57.08 | lr 0.0001625783 | 111.1s
Epoch 04 | 03400/03440 | loss 4.0421 | ppl 56.94 | lr 0.0001619848 | 114.5s
Epoch 04 complete | train loss 4.0413 | dev loss 3.9422 | train BLEU 14.45 | dev BLEU 11.55 | 123.4s
Epoch 05 | 00100/03440 | loss 3.8895 | ppl 48.88 | lr 0.0001611646 | 3.4s
Epoch 05 | 00200/03440 | loss 3.8930 | ppl 49.06 | lr 0.0001605863 | 6.7s
Epoch 05 | 00300/03440 | loss 3.8913 | ppl 48.97 | lr 0.0001600142 | 10.1s
Epoch 05 | 00400/03440 | loss 3.8910 | ppl 48.96 | lr 0.0001594482 | 13.4s
Epoch 05 | 00500/03440 | loss 3.8914 | ppl 48.98 | lr 0.0001588881 | 16.8s
Epoch 05 | 00600/03440 | loss 3.8939 | ppl 49.10 | lr 0.0001583339 | 20.2s
Epoch 05 | 00700/03440 | loss 3.8927 | ppl 49.05 | lr 0.0001577855 | 23.6s
Epoch 05 | 00800/03440 | loss 3.8910 | ppl 48.96 | lr 0.0001572427 | 26.9s
Epoch 05 | 00900/03440 | loss 3.8899 | ppl 48.91 | lr 0.0001567055 | 30.4s
Epoch 05 | 01000/03440 | loss 3.8892 | ppl 48.87 | lr 0.0001561738 | 33.8s
Epoch 05 | 01100/03440 | loss 3.8881 | ppl 48.82 | lr 0.0001556474 | 37.3s
Epoch 05 | 01200/03440 | loss 3.8857 | ppl 48.70 | lr 0.0001551263 | 40.7s
Epoch 05 | 01300/03440 | loss 3.8857 | ppl 48.70 | lr 0.0001546104 | 44.1s
Epoch 05 | 01400/03440 | loss 3.8851 | ppl 48.67 | lr 0.0001540996 | 47.8s
Epoch 05 | 01500/03440 | loss 3.8842 | ppl 48.63 | lr 0.0001535939 | 51.2s
Epoch 05 | 01600/03440 | loss 3.8834 | ppl 48.59 | lr 0.0001530931 | 54.5s
Epoch 05 | 01700/03440 | loss 3.8824 | ppl 48.54 | lr 0.0001525972 | 57.9s
Epoch 05 | 01800/03440 | loss 3.8808 | ppl 48.46 | lr 0.000152106 | 61.2s
Epoch 05 | 01900/03440 | loss 3.8802 | ppl 48.43 | lr 0.0001516196 | 64.6s
Epoch 05 | 02000/03440 | loss 3.8789 | ppl 48.37 | lr 0.0001511378 | 67.9s
Epoch 05 | 02100/03440 | loss 3.8778 | ppl 48.32 | lr 0.0001506606 | 71.0s
Epoch 05 | 02200/03440 | loss 3.8770 | ppl 48.28 | lr 0.0001501879 | 74.2s
Epoch 05 | 02300/03440 | loss 3.8761 | ppl 48.24 | lr 0.0001497195 | 77.5s
Epoch 05 | 02400/03440 | loss 3.8749 | ppl 48.18 | lr 0.0001492556 | 80.9s
Epoch 05 | 02500/03440 | loss 3.8737 | ppl 48.12 | lr 0.0001487959 | 84.2s
Epoch 05 | 02600/03440 | loss 3.8718 | ppl 48.03 | lr 0.0001483405 | 87.5s
Epoch 05 | 02700/03440 | loss 3.8709 | ppl 47.99 | lr 0.0001478892 | 90.9s
Epoch 05 | 02800/03440 | loss 3.8692 | ppl 47.90 | lr 0.000147442 | 94.3s
Epoch 05 | 02900/03440 | loss 3.8690 | ppl 47.90 | lr 0.0001469988 | 97.8s
Epoch 05 | 03000/03440 | loss 3.8679 | ppl 47.84 | lr 0.0001465596 | 101.1s
Epoch 05 | 03100/03440 | loss 3.8669 | ppl 47.79 | lr 0.0001461243 | 104.5s
Epoch 05 | 03200/03440 | loss 3.8655 | ppl 47.73 | lr 0.0001456929 | 107.8s
Epoch 05 | 03300/03440 | loss 3.8644 | ppl 47.67 | lr 0.0001452653 | 111.2s
Epoch 05 | 03400/03440 | loss 3.8632 | ppl 47.62 | lr 0.0001448414 | 114.6s
Epoch 05 complete | train loss 3.8628 | dev loss 3.8233 | train BLEU 16.98 | dev BLEU 13.24 | 123.2s
Epoch 06 | 00100/03440 | loss 3.7607 | ppl 42.98 | lr 0.0001442541 | 3.5s
Epoch 06 | 00200/03440 | loss 3.7627 | ppl 43.06 | lr 0.000143839 | 6.9s
Epoch 06 | 00300/03440 | loss 3.7597 | ppl 42.94 | lr 0.0001434274 | 10.3s
Epoch 06 | 00400/03440 | loss 3.7587 | ppl 42.89 | lr 0.0001430194 | 13.4s
Epoch 06 | 00500/03440 | loss 3.7582 | ppl 42.87 | lr 0.0001426148 | 16.8s
Epoch 06 | 00600/03440 | loss 3.7584 | ppl 42.88 | lr 0.0001422136 | 20.1s
Epoch 06 | 00700/03440 | loss 3.7592 | ppl 42.92 | lr 0.0001418158 | 23.2s
Epoch 06 | 00800/03440 | loss 3.7581 | ppl 42.87 | lr 0.0001414214 | 26.5s
Epoch 06 | 00900/03440 | loss 3.7575 | ppl 42.84 | lr 0.0001410301 | 29.9s
Epoch 06 | 01000/03440 | loss 3.7576 | ppl 42.85 | lr 0.0001406422 | 33.2s
Epoch 06 | 01100/03440 | loss 3.7563 | ppl 42.79 | lr 0.0001402574 | 36.7s
Epoch 06 | 01200/03440 | loss 3.7559 | ppl 42.77 | lr 0.0001398757 | 40.1s
Epoch 06 | 01300/03440 | loss 3.7557 | ppl 42.76 | lr 0.0001394972 | 43.4s
Epoch 06 | 01400/03440 | loss 3.7550 | ppl 42.73 | lr 0.0001391217 | 46.7s
Epoch 06 | 01500/03440 | loss 3.7541 | ppl 42.70 | lr 0.0001387492 | 50.0s
Epoch 06 | 01600/03440 | loss 3.7527 | ppl 42.64 | lr 0.0001383797 | 53.4s
Epoch 06 | 01700/03440 | loss 3.7524 | ppl 42.62 | lr 0.0001380131 | 56.8s
Epoch 06 | 01800/03440 | loss 3.7514 | ppl 42.58 | lr 0.0001376494 | 60.1s
Epoch 06 | 01900/03440 | loss 3.7509 | ppl 42.56 | lr 0.0001372886 | 63.4s
Epoch 06 | 02000/03440 | loss 3.7502 | ppl 42.53 | lr 0.0001369306 | 66.8s
Epoch 06 | 02100/03440 | loss 3.7491 | ppl 42.48 | lr 0.0001365754 | 70.1s
Epoch 06 | 02200/03440 | loss 3.7490 | ppl 42.48 | lr 0.000136223 | 73.5s
Epoch 06 | 02300/03440 | loss 3.7482 | ppl 42.44 | lr 0.0001358732 | 76.8s
Epoch 06 | 02400/03440 | loss 3.7477 | ppl 42.43 | lr 0.0001355262 | 80.3s
Epoch 06 | 02500/03440 | loss 3.7469 | ppl 42.39 | lr 0.0001351818 | 83.7s
Epoch 06 | 02600/03440 | loss 3.7465 | ppl 42.37 | lr 0.00013484 | 87.1s
Epoch 06 | 02700/03440 | loss 3.7457 | ppl 42.34 | lr 0.0001345008 | 90.6s
Epoch 06 | 02800/03440 | loss 3.7451 | ppl 42.31 | lr 0.0001341641 | 94.1s
Epoch 06 | 02900/03440 | loss 3.7448 | ppl 42.30 | lr 0.0001338299 | 97.6s
Epoch 06 | 03000/03440 | loss 3.7437 | ppl 42.26 | lr 0.0001334982 | 101.0s
Epoch 06 | 03100/03440 | loss 3.7427 | ppl 42.21 | lr 0.000133169 | 104.4s
Epoch 06 | 03200/03440 | loss 3.7426 | ppl 42.21 | lr 0.0001328422 | 107.8s
Epoch 06 | 03300/03440 | loss 3.7420 | ppl 42.18 | lr 0.0001325178 | 111.2s
Epoch 06 | 03400/03440 | loss 3.7407 | ppl 42.13 | lr 0.0001321958 | 114.6s
Epoch 06 complete | train loss 3.7404 | dev loss 3.7373 | train BLEU 18.33 | dev BLEU 13.92 | 123.5s
Epoch 07 | 00100/03440 | loss 3.6458 | ppl 38.31 | lr 0.0001317489 | 3.4s
Epoch 07 | 00200/03440 | loss 3.6511 | ppl 38.52 | lr 0.0001314324 | 6.7s
Epoch 07 | 00300/03440 | loss 3.6562 | ppl 38.71 | lr 0.0001311182 | 10.1s
Epoch 07 | 00400/03440 | loss 3.6541 | ppl 38.63 | lr 0.0001308062 | 13.5s
Epoch 07 | 00500/03440 | loss 3.6550 | ppl 38.67 | lr 0.0001304965 | 16.8s
Epoch 07 | 00600/03440 | loss 3.6538 | ppl 38.62 | lr 0.0001301889 | 20.0s
Epoch 07 | 00700/03440 | loss 3.6551 | ppl 38.67 | lr 0.0001298835 | 23.3s
Epoch 07 | 00800/03440 | loss 3.6547 | ppl 38.66 | lr 0.0001295803 | 26.7s
Epoch 07 | 00900/03440 | loss 3.6542 | ppl 38.64 | lr 0.0001292791 | 30.1s
Epoch 07 | 01000/03440 | loss 3.6561 | ppl 38.71 | lr 0.0001289801 | 33.4s
Epoch 07 | 01100/03440 | loss 3.6553 | ppl 38.68 | lr 0.0001286831 | 36.8s
Epoch 07 | 01200/03440 | loss 3.6551 | ppl 38.67 | lr 0.0001283881 | 40.2s
Epoch 07 | 01300/03440 | loss 3.6564 | ppl 38.72 | lr 0.0001280952 | 43.5s
Epoch 07 | 01400/03440 | loss 3.6576 | ppl 38.77 | lr 0.0001278043 | 46.9s
Epoch 07 | 01500/03440 | loss 3.6574 | ppl 38.76 | lr 0.0001275153 | 50.3s
Epoch 07 | 01600/03440 | loss 3.6575 | ppl 38.77 | lr 0.0001272283 | 53.7s
Epoch 07 | 01700/03440 | loss 3.6574 | ppl 38.76 | lr 0.0001269433 | 57.0s
Epoch 07 | 01800/03440 | loss 3.6571 | ppl 38.75 | lr 0.0001266601 | 60.3s
Epoch 07 | 01900/03440 | loss 3.6569 | ppl 38.74 | lr 0.0001263788 | 63.7s
Epoch 07 | 02000/03440 | loss 3.6563 | ppl 38.72 | lr 0.0001260994 | 67.1s
Epoch 07 | 02100/03440 | loss 3.6560 | ppl 38.71 | lr 0.0001258218 | 70.5s
Epoch 07 | 02200/03440 | loss 3.6553 | ppl 38.68 | lr 0.0001255461 | 73.9s
Epoch 07 | 02300/03440 | loss 3.6552 | ppl 38.68 | lr 0.0001252722 | 77.3s
Epoch 07 | 02400/03440 | loss 3.6551 | ppl 38.67 | lr 0.000125 | 80.6s
Epoch 07 | 02500/03440 | loss 3.6542 | ppl 38.64 | lr 0.0001247296 | 83.9s
Epoch 07 | 02600/03440 | loss 3.6536 | ppl 38.61 | lr 0.000124461 | 87.2s
Epoch 07 | 02700/03440 | loss 3.6535 | ppl 38.61 | lr 0.0001241941 | 90.6s
Epoch 07 | 02800/03440 | loss 3.6528 | ppl 38.58 | lr 0.0001239289 | 93.9s
Epoch 07 | 02900/03440 | loss 3.6525 | ppl 38.57 | lr 0.0001236653 | 97.3s
Epoch 07 | 03000/03440 | loss 3.6519 | ppl 38.55 | lr 0.0001234035 | 100.7s
Epoch 07 | 03100/03440 | loss 3.6510 | ppl 38.51 | lr 0.0001231433 | 104.0s
Epoch 07 | 03200/03440 | loss 3.6505 | ppl 38.49 | lr 0.0001228848 | 107.4s
Epoch 07 | 03300/03440 | loss 3.6501 | ppl 38.48 | lr 0.0001226279 | 110.7s
Epoch 07 | 03400/03440 | loss 3.6495 | ppl 38.46 | lr 0.0001223726 | 114.0s
Epoch 07 complete | train loss 3.6494 | dev loss 3.6775 | train BLEU 18.74 | dev BLEU 14.86 | 122.8s
Epoch 08 | 00100/03440 | loss 3.5618 | ppl 35.23 | lr 0.0001220178 | 3.5s
Epoch 08 | 00200/03440 | loss 3.5608 | ppl 35.19 | lr 0.0001217662 | 6.8s
Epoch 08 | 00300/03440 | loss 3.5623 | ppl 35.24 | lr 0.0001215163 | 10.2s
Epoch 08 | 00400/03440 | loss 3.5642 | ppl 35.31 | lr 0.0001212678 | 13.7s
Epoch 08 | 00500/03440 | loss 3.5663 | ppl 35.39 | lr 0.0001210209 | 17.1s
Epoch 08 | 00600/03440 | loss 3.5687 | ppl 35.47 | lr 0.0001207755 | 20.4s
Epoch 08 | 00700/03440 | loss 3.5705 | ppl 35.53 | lr 0.0001205315 | 23.8s
Epoch 08 | 00800/03440 | loss 3.5715 | ppl 35.57 | lr 0.000120289 | 27.2s
Epoch 08 | 00900/03440 | loss 3.5724 | ppl 35.60 | lr 0.000120048 | 30.5s
Epoch 08 | 01000/03440 | loss 3.5740 | ppl 35.66 | lr 0.0001198085 | 33.9s
Epoch 08 | 01100/03440 | loss 3.5754 | ppl 35.71 | lr 0.0001195703 | 37.3s
Epoch 08 | 01200/03440 | loss 3.5767 | ppl 35.75 | lr 0.0001193336 | 40.6s
Epoch 08 | 01300/03440 | loss 3.5769 | ppl 35.76 | lr 0.0001190983 | 44.0s
Epoch 08 | 01400/03440 | loss 3.5785 | ppl 35.82 | lr 0.0001188643 | 47.5s
Epoch 08 | 01500/03440 | loss 3.5780 | ppl 35.80 | lr 0.0001186318 | 51.0s
Epoch 08 | 01600/03440 | loss 3.5777 | ppl 35.79 | lr 0.0001184006 | 54.4s
Epoch 08 | 01700/03440 | loss 3.5779 | ppl 35.80 | lr 0.0001181707 | 57.8s
Epoch 08 | 01800/03440 | loss 3.5782 | ppl 35.81 | lr 0.0001179422 | 61.2s
Epoch 08 | 01900/03440 | loss 3.5780 | ppl 35.80 | lr 0.000117715 | 64.6s
Epoch 08 | 02000/03440 | loss 3.5784 | ppl 35.82 | lr 0.0001174891 | 68.0s
Epoch 08 | 02100/03440 | loss 3.5785 | ppl 35.82 | lr 0.0001172645 | 71.3s
Epoch 08 | 02200/03440 | loss 3.5783 | ppl 35.81 | lr 0.0001170411 | 74.7s
Epoch 08 | 02300/03440 | loss 3.5781 | ppl 35.81 | lr 0.0001168191 | 78.1s
Epoch 08 | 02400/03440 | loss 3.5779 | ppl 35.80 | lr 0.0001165983 | 81.5s
Epoch 08 | 02500/03440 | loss 3.5782 | ppl 35.81 | lr 0.0001163788 | 85.0s
Epoch 08 | 02600/03440 | loss 3.5778 | ppl 35.79 | lr 0.0001161605 | 88.4s
Epoch 08 | 02700/03440 | loss 3.5780 | ppl 35.80 | lr 0.0001159434 | 91.7s
Epoch 08 | 02800/03440 | loss 3.5782 | ppl 35.81 | lr 0.0001157275 | 95.1s
Epoch 08 | 02900/03440 | loss 3.5786 | ppl 35.82 | lr 0.0001155128 | 98.4s
Epoch 08 | 03000/03440 | loss 3.5785 | ppl 35.82 | lr 0.0001152994 | 101.8s
Epoch 08 | 03100/03440 | loss 3.5787 | ppl 35.83 | lr 0.0001150871 | 105.1s
Epoch 08 | 03200/03440 | loss 3.5788 | ppl 35.83 | lr 0.0001148759 | 108.5s
Epoch 08 | 03300/03440 | loss 3.5787 | ppl 35.83 | lr 0.000114666 | 111.8s
Epoch 08 | 03400/03440 | loss 3.5789 | ppl 35.83 | lr 0.0001144571 | 115.2s
Epoch 08 complete | train loss 3.5787 | dev loss 3.6358 | train BLEU 19.11 | dev BLEU 15.40 | 123.5s
{
  "best_epoch": 8,
  "best_dev_bleu": 15.401018949916248,
  "best_dev_loss": 3.635789272837183,
  "best_model": "/data/student/i2311021/projects/100-swing-drill/chapter_10_2020/models/97_tuning/bs128_lr3em04_adamw/best_model.pt",
  "batch_size": 128,
  "learning_rate": 0.0003,
  "optimizer": "adamw"
}

========================================================================
Trial: bs64_lr1em03_adamw
========================================================================
GPU: NVIDIA RTX PRO 6000 Blackwell Max-Q Workstation Edition
Train: 440,286, Dev: 1,166
Epoch 01 | 00100/06880 | loss 9.5152 | ppl 13564.82 | lr 2.5e-05 | 4.0s
Epoch 01 | 00200/06880 | loss 9.2505 | ppl 10409.42 | lr 5e-05 | 7.2s
Epoch 01 | 00300/06880 | loss 8.9092 | ppl 7399.48 | lr 7.5e-05 | 10.5s
Epoch 01 | 00400/06880 | loss 8.5894 | ppl 5374.24 | lr 0.0001 | 13.9s
Epoch 01 | 00500/06880 | loss 8.3501 | ppl 4230.52 | lr 0.000125 | 17.2s
Epoch 01 | 00600/06880 | loss 8.1472 | ppl 3453.83 | lr 0.00015 | 20.5s
Epoch 01 | 00700/06880 | loss 7.9668 | ppl 2883.67 | lr 0.000175 | 23.8s
Epoch 01 | 00800/06880 | loss 7.8093 | ppl 2463.44 | lr 0.0002 | 27.0s
Epoch 01 | 00900/06880 | loss 7.6680 | ppl 2138.80 | lr 0.000225 | 30.2s
Epoch 01 | 01000/06880 | loss 7.5457 | ppl 1892.58 | lr 0.00025 | 33.5s
Epoch 01 | 01100/06880 | loss 7.4348 | ppl 1693.96 | lr 0.000275 | 36.8s
Epoch 01 | 01200/06880 | loss 7.3319 | ppl 1528.32 | lr 0.0003 | 40.1s
Epoch 01 | 01300/06880 | loss 7.2385 | ppl 1391.94 | lr 0.000325 | 43.4s
Epoch 01 | 01400/06880 | loss 7.1541 | ppl 1279.36 | lr 0.00035 | 46.7s
Epoch 01 | 01500/06880 | loss 7.0760 | ppl 1183.20 | lr 0.000375 | 49.8s
Epoch 01 | 01600/06880 | loss 7.0030 | ppl 1099.93 | lr 0.0004 | 53.1s
Epoch 01 | 01700/06880 | loss 6.9362 | ppl 1028.81 | lr 0.000425 | 56.4s
Epoch 01 | 01800/06880 | loss 6.8738 | ppl 966.63 | lr 0.00045 | 59.6s
Epoch 01 | 01900/06880 | loss 6.8153 | ppl 911.69 | lr 0.000475 | 62.7s
Epoch 01 | 02000/06880 | loss 6.7598 | ppl 862.49 | lr 0.0005 | 66.0s
Epoch 01 | 02100/06880 | loss 6.7085 | ppl 819.31 | lr 0.000525 | 69.3s
Epoch 01 | 02200/06880 | loss 6.6600 | ppl 780.57 | lr 0.00055 | 72.4s
Epoch 01 | 02300/06880 | loss 6.6135 | ppl 745.07 | lr 0.000575 | 75.5s
Epoch 01 | 02400/06880 | loss 6.5688 | ppl 712.54 | lr 0.0006 | 78.7s
Epoch 01 | 02500/06880 | loss 6.5261 | ppl 682.76 | lr 0.000625 | 81.8s
Epoch 01 | 02600/06880 | loss 6.4855 | ppl 655.57 | lr 0.00065 | 85.0s
Epoch 01 | 02700/06880 | loss 6.4458 | ppl 630.04 | lr 0.000675 | 88.3s
Epoch 01 | 02800/06880 | loss 6.4084 | ppl 606.92 | lr 0.0007 | 91.6s
Epoch 01 | 02900/06880 | loss 6.3724 | ppl 585.46 | lr 0.000725 | 94.7s
Epoch 01 | 03000/06880 | loss 6.3372 | ppl 565.19 | lr 0.00075 | 97.9s
Epoch 01 | 03100/06880 | loss 6.3029 | ppl 546.16 | lr 0.000775 | 100.9s
Epoch 01 | 03200/06880 | loss 6.2707 | ppl 528.85 | lr 0.0008 | 103.9s
Epoch 01 | 03300/06880 | loss 6.2401 | ppl 512.89 | lr 0.000825 | 107.3s
Epoch 01 | 03400/06880 | loss 6.2097 | ppl 497.55 | lr 0.00085 | 110.7s
Epoch 01 | 03500/06880 | loss 6.1800 | ppl 483.00 | lr 0.000875 | 114.1s
Epoch 01 | 03600/06880 | loss 6.1516 | ppl 469.48 | lr 0.0009 | 117.3s
Epoch 01 | 03700/06880 | loss 6.1244 | ppl 456.88 | lr 0.000925 | 120.5s
Epoch 01 | 03800/06880 | loss 6.0980 | ppl 444.97 | lr 0.00095 | 123.7s
Epoch 01 | 03900/06880 | loss 6.0723 | ppl 433.69 | lr 0.000975 | 127.0s
Epoch 01 | 04000/06880 | loss 6.0475 | ppl 423.04 | lr 0.001 | 130.2s
Epoch 01 | 04100/06880 | loss 6.0235 | ppl 413.01 | lr 0.0009877296 | 133.5s
Epoch 01 | 04200/06880 | loss 6.0000 | ppl 403.44 | lr 0.0009759001 | 136.7s
Epoch 01 | 04300/06880 | loss 5.9774 | ppl 394.40 | lr 0.0009644856 | 140.0s
Epoch 01 | 04400/06880 | loss 5.9544 | ppl 385.46 | lr 0.0009534626 | 143.3s
Epoch 01 | 04500/06880 | loss 5.9328 | ppl 377.21 | lr 0.000942809 | 146.6s
Epoch 01 | 04600/06880 | loss 5.9110 | ppl 369.08 | lr 0.0009325048 | 149.8s
Epoch 01 | 04700/06880 | loss 5.8903 | ppl 361.51 | lr 0.0009225312 | 153.1s
Epoch 01 | 04800/06880 | loss 5.8692 | ppl 353.97 | lr 0.0009128709 | 156.4s
Epoch 01 | 04900/06880 | loss 5.8487 | ppl 346.77 | lr 0.0009035079 | 159.7s
Epoch 01 | 05000/06880 | loss 5.8288 | ppl 339.96 | lr 0.0008944272 | 163.0s
Epoch 01 | 05100/06880 | loss 5.8095 | ppl 333.46 | lr 0.0008856149 | 166.1s
Epoch 01 | 05200/06880 | loss 5.7903 | ppl 327.12 | lr 0.000877058 | 169.4s
Epoch 01 | 05300/06880 | loss 5.7715 | ppl 321.03 | lr 0.0008687445 | 172.6s
Epoch 01 | 05400/06880 | loss 5.7531 | ppl 315.16 | lr 0.000860663 | 175.8s
Epoch 01 | 05500/06880 | loss 5.7350 | ppl 309.53 | lr 0.0008528029 | 179.1s
Epoch 01 | 05600/06880 | loss 5.7174 | ppl 304.11 | lr 0.0008451543 | 182.4s
Epoch 01 | 05700/06880 | loss 5.7002 | ppl 298.92 | lr 0.0008377078 | 185.6s
Epoch 01 | 05800/06880 | loss 5.6828 | ppl 293.76 | lr 0.0008304548 | 188.9s
Epoch 01 | 05900/06880 | loss 5.6663 | ppl 288.95 | lr 0.000823387 | 192.1s
Epoch 01 | 06000/06880 | loss 5.6500 | ppl 284.30 | lr 0.0008164966 | 195.3s
Epoch 01 | 06100/06880 | loss 5.6341 | ppl 279.81 | lr 0.0008097763 | 198.3s
Epoch 01 | 06200/06880 | loss 5.6183 | ppl 275.43 | lr 0.0008032193 | 201.5s
Epoch 01 | 06300/06880 | loss 5.6029 | ppl 271.21 | lr 0.0007968191 | 204.8s
Epoch 01 | 06400/06880 | loss 5.5876 | ppl 267.09 | lr 0.0007905694 | 208.0s
Epoch 01 | 06500/06880 | loss 5.5725 | ppl 263.08 | lr 0.0007844645 | 211.2s
Epoch 01 | 06600/06880 | loss 5.5579 | ppl 259.27 | lr 0.0007784989 | 214.5s
Epoch 01 | 06700/06880 | loss 5.5437 | ppl 255.62 | lr 0.0007726674 | 217.7s
Epoch 01 | 06800/06880 | loss 5.5294 | ppl 252.00 | lr 0.000766965 | 221.0s
/data/student/i2311021/conda_envs/100-swing-drill-gpu/lib/python3.10/site-packages/torch/nn/modules/transformer.py:531: UserWarning: The PyTorch API of nested tensors is in prototype stage and will change in the near future. We recommend specifying layout=torch.jagged when constructing a nested tensor, as this layout receives active development, has better operator coverage, and works with torch.compile. (Triggered internally at /pytorch/aten/src/ATen/NestedTensorImpl.cpp:178.)
  output = torch._nested_tensor_from_mask(
Epoch 01 complete | train loss 5.5187 | dev loss 4.5813 | train BLEU 7.69 | dev BLEU 5.49 | 232.0s
Epoch 02 | 00100/06880 | loss 4.4944 | ppl 89.52 | lr 0.0007570112 | 3.5s
Epoch 02 | 00200/06880 | loss 4.4933 | ppl 89.42 | lr 0.000751646 | 6.7s
Epoch 02 | 00300/06880 | loss 4.4844 | ppl 88.63 | lr 0.0007463934 | 10.0s
Epoch 02 | 00400/06880 | loss 4.4811 | ppl 88.33 | lr 0.0007412493 | 13.3s
Epoch 02 | 00500/06880 | loss 4.4839 | ppl 88.58 | lr 0.0007362102 | 16.6s
Epoch 02 | 00600/06880 | loss 4.4840 | ppl 88.58 | lr 0.0007312724 | 19.8s
Epoch 02 | 00700/06880 | loss 4.4786 | ppl 88.11 | lr 0.0007264327 | 23.0s
Epoch 02 | 00800/06880 | loss 4.4772 | ppl 87.99 | lr 0.0007216878 | 26.3s
Epoch 02 | 00900/06880 | loss 4.4728 | ppl 87.60 | lr 0.0007170347 | 29.5s
Epoch 02 | 01000/06880 | loss 4.4695 | ppl 87.31 | lr 0.0007124705 | 32.7s
Epoch 02 | 01100/06880 | loss 4.4657 | ppl 86.98 | lr 0.0007079923 | 36.0s
Epoch 02 | 01200/06880 | loss 4.4629 | ppl 86.73 | lr 0.0007035975 | 39.3s
Epoch 02 | 01300/06880 | loss 4.4607 | ppl 86.55 | lr 0.0006992836 | 42.6s
Epoch 02 | 01400/06880 | loss 4.4578 | ppl 86.30 | lr 0.000695048 | 45.9s
Epoch 02 | 01500/06880 | loss 4.4554 | ppl 86.09 | lr 0.0006908885 | 49.1s
Epoch 02 | 01600/06880 | loss 4.4503 | ppl 85.65 | lr 0.0006868028 | 52.4s
Epoch 02 | 01700/06880 | loss 4.4465 | ppl 85.33 | lr 0.0006827887 | 55.6s
Epoch 02 | 01800/06880 | loss 4.4427 | ppl 85.00 | lr 0.0006788442 | 58.9s
Epoch 02 | 01900/06880 | loss 4.4380 | ppl 84.61 | lr 0.0006749673 | 62.1s
Epoch 02 | 02000/06880 | loss 4.4346 | ppl 84.32 | lr 0.0006711561 | 65.4s
Epoch 02 | 02100/06880 | loss 4.4301 | ppl 83.94 | lr 0.0006674086 | 68.8s
Epoch 02 | 02200/06880 | loss 4.4267 | ppl 83.65 | lr 0.0006637233 | 72.1s
Epoch 02 | 02300/06880 | loss 4.4222 | ppl 83.28 | lr 0.0006600984 | 75.5s
Epoch 02 | 02400/06880 | loss 4.4184 | ppl 82.96 | lr 0.0006565322 | 78.7s
Epoch 02 | 02500/06880 | loss 4.4147 | ppl 82.65 | lr 0.0006530231 | 82.0s
Epoch 02 | 02600/06880 | loss 4.4102 | ppl 82.29 | lr 0.0006495698 | 85.2s
Epoch 02 | 02700/06880 | loss 4.4070 | ppl 82.02 | lr 0.0006461707 | 88.5s
Epoch 02 | 02800/06880 | loss 4.4035 | ppl 81.74 | lr 0.0006428243 | 91.7s
Epoch 02 | 02900/06880 | loss 4.3995 | ppl 81.41 | lr 0.0006395295 | 94.9s
Epoch 02 | 03000/06880 | loss 4.3957 | ppl 81.10 | lr 0.0006362848 | 98.1s
Epoch 02 | 03100/06880 | loss 4.3922 | ppl 80.82 | lr 0.0006330889 | 101.2s
Epoch 02 | 03200/06880 | loss 4.3887 | ppl 80.54 | lr 0.0006299408 | 104.2s
Epoch 02 | 03300/06880 | loss 4.3857 | ppl 80.30 | lr 0.0006268391 | 107.4s
Epoch 02 | 03400/06880 | loss 4.3825 | ppl 80.04 | lr 0.0006237829 | 110.8s
Epoch 02 | 03500/06880 | loss 4.3789 | ppl 79.75 | lr 0.0006207709 | 114.2s
Epoch 02 | 03600/06880 | loss 4.3760 | ppl 79.52 | lr 0.0006178021 | 117.5s
Epoch 02 | 03700/06880 | loss 4.3725 | ppl 79.24 | lr 0.0006148755 | 120.8s
Epoch 02 | 03800/06880 | loss 4.3692 | ppl 78.98 | lr 0.0006119901 | 124.1s
Epoch 02 | 03900/06880 | loss 4.3655 | ppl 78.69 | lr 0.0006091449 | 127.3s
Epoch 02 | 04000/06880 | loss 4.3626 | ppl 78.46 | lr 0.0006063391 | 130.5s
Epoch 02 | 04100/06880 | loss 4.3597 | ppl 78.23 | lr 0.0006035716 | 133.7s
Epoch 02 | 04200/06880 | loss 4.3562 | ppl 77.96 | lr 0.0006008418 | 137.0s
Epoch 02 | 04300/06880 | loss 4.3524 | ppl 77.67 | lr 0.0005981486 | 140.1s
Epoch 02 | 04400/06880 | loss 4.3493 | ppl 77.43 | lr 0.0005954913 | 143.3s
Epoch 02 | 04500/06880 | loss 4.3460 | ppl 77.17 | lr 0.0005928692 | 146.6s
Epoch 02 | 04600/06880 | loss 4.3433 | ppl 76.96 | lr 0.0005902813 | 149.8s
Epoch 02 | 04700/06880 | loss 4.3401 | ppl 76.72 | lr 0.0005877271 | 153.1s
Epoch 02 | 04800/06880 | loss 4.3372 | ppl 76.49 | lr 0.0005852057 | 156.3s
Epoch 02 | 04900/06880 | loss 4.3340 | ppl 76.25 | lr 0.0005827165 | 159.8s
Epoch 02 | 05000/06880 | loss 4.3306 | ppl 75.99 | lr 0.0005802589 | 163.0s
Epoch 02 | 05100/06880 | loss 4.3275 | ppl 75.75 | lr 0.000577832 | 166.2s
Epoch 02 | 05200/06880 | loss 4.3246 | ppl 75.53 | lr 0.0005754353 | 169.4s
Epoch 02 | 05300/06880 | loss 4.3216 | ppl 75.31 | lr 0.0005730683 | 172.6s
Epoch 02 | 05400/06880 | loss 4.3185 | ppl 75.07 | lr 0.0005707301 | 175.8s
Epoch 02 | 05500/06880 | loss 4.3152 | ppl 74.83 | lr 0.0005684204 | 179.0s
Epoch 02 | 05600/06880 | loss 4.3122 | ppl 74.60 | lr 0.0005661385 | 182.3s
Epoch 02 | 05700/06880 | loss 4.3091 | ppl 74.37 | lr 0.0005638839 | 185.5s
Epoch 02 | 05800/06880 | loss 4.3059 | ppl 74.14 | lr 0.000561656 | 188.8s
Epoch 02 | 05900/06880 | loss 4.3032 | ppl 73.93 | lr 0.0005594542 | 192.1s
Epoch 02 | 06000/06880 | loss 4.3002 | ppl 73.71 | lr 0.0005572782 | 195.4s
Epoch 02 | 06100/06880 | loss 4.2973 | ppl 73.50 | lr 0.0005551274 | 198.6s
Epoch 02 | 06200/06880 | loss 4.2943 | ppl 73.28 | lr 0.0005530013 | 201.7s
Epoch 02 | 06300/06880 | loss 4.2913 | ppl 73.06 | lr 0.0005508994 | 204.9s
Epoch 02 | 06400/06880 | loss 4.2885 | ppl 72.85 | lr 0.0005488213 | 208.2s
Epoch 02 | 06500/06880 | loss 4.2858 | ppl 72.66 | lr 0.0005467666 | 211.5s
Epoch 02 | 06600/06880 | loss 4.2829 | ppl 72.45 | lr 0.0005447347 | 214.7s
Epoch 02 | 06700/06880 | loss 4.2802 | ppl 72.25 | lr 0.0005427254 | 217.9s
Epoch 02 | 06800/06880 | loss 4.2775 | ppl 72.06 | lr 0.0005407381 | 221.2s
Epoch 02 complete | train loss 4.2754 | dev loss 4.0653 | train BLEU 13.03 | dev BLEU 9.88 | 231.4s
Epoch 03 | 00100/06880 | loss 4.0011 | ppl 54.66 | lr 0.0005372153 | 3.5s
Epoch 03 | 00200/06880 | loss 3.9947 | ppl 54.31 | lr 0.0005352877 | 6.9s
Epoch 03 | 00300/06880 | loss 3.9907 | ppl 54.10 | lr 0.0005333807 | 10.2s
Epoch 03 | 00400/06880 | loss 3.9922 | ppl 54.18 | lr 0.000531494 | 13.3s
Epoch 03 | 00500/06880 | loss 3.9891 | ppl 54.00 | lr 0.0005296271 | 16.5s
Epoch 03 | 00600/06880 | loss 3.9929 | ppl 54.21 | lr 0.0005277798 | 19.8s
Epoch 03 | 00700/06880 | loss 3.9933 | ppl 54.23 | lr 0.0005259517 | 23.0s
Epoch 03 | 00800/06880 | loss 3.9932 | ppl 54.23 | lr 0.0005241424 | 26.2s
Epoch 03 | 00900/06880 | loss 3.9925 | ppl 54.19 | lr 0.0005223517 | 29.7s
Epoch 03 | 01000/06880 | loss 3.9917 | ppl 54.15 | lr 0.0005205792 | 33.1s
Epoch 03 | 01100/06880 | loss 3.9919 | ppl 54.16 | lr 0.0005188246 | 36.5s
Epoch 03 | 01200/06880 | loss 3.9913 | ppl 54.12 | lr 0.0005170877 | 39.7s
Epoch 03 | 01300/06880 | loss 3.9908 | ppl 54.10 | lr 0.0005153681 | 43.0s
Epoch 03 | 01400/06880 | loss 3.9892 | ppl 54.01 | lr 0.0005136655 | 46.2s
Epoch 03 | 01500/06880 | loss 3.9885 | ppl 53.97 | lr 0.0005119797 | 49.4s
Epoch 03 | 01600/06880 | loss 3.9879 | ppl 53.94 | lr 0.0005103104 | 52.6s
Epoch 03 | 01700/06880 | loss 3.9875 | ppl 53.92 | lr 0.0005086573 | 55.8s
Epoch 03 | 01800/06880 | loss 3.9869 | ppl 53.89 | lr 0.0005070201 | 59.0s
Epoch 03 | 01900/06880 | loss 3.9859 | ppl 53.83 | lr 0.0005053987 | 62.2s
Epoch 03 | 02000/06880 | loss 3.9850 | ppl 53.78 | lr 0.0005037927 | 65.4s
Epoch 03 | 02100/06880 | loss 3.9847 | ppl 53.77 | lr 0.000502202 | 68.7s
Epoch 03 | 02200/06880 | loss 3.9838 | ppl 53.72 | lr 0.0005006262 | 71.9s
Epoch 03 | 02300/06880 | loss 3.9831 | ppl 53.68 | lr 0.0004990651 | 75.1s
Epoch 03 | 02400/06880 | loss 3.9823 | ppl 53.64 | lr 0.0004975186 | 78.3s
Epoch 03 | 02500/06880 | loss 3.9817 | ppl 53.61 | lr 0.0004959864 | 81.6s
Epoch 03 | 02600/06880 | loss 3.9804 | ppl 53.54 | lr 0.0004944682 | 84.9s
Epoch 03 | 02700/06880 | loss 3.9791 | ppl 53.47 | lr 0.0004929639 | 88.1s
Epoch 03 | 02800/06880 | loss 3.9786 | ppl 53.44 | lr 0.0004914732 | 91.4s
Epoch 03 | 02900/06880 | loss 3.9771 | ppl 53.36 | lr 0.000489996 | 94.6s
Epoch 03 | 03000/06880 | loss 3.9754 | ppl 53.27 | lr 0.000488532 | 97.8s
Epoch 03 | 03100/06880 | loss 3.9744 | ppl 53.22 | lr 0.000487081 | 101.1s
Epoch 03 | 03200/06880 | loss 3.9735 | ppl 53.17 | lr 0.0004856429 | 104.3s
Epoch 03 | 03300/06880 | loss 3.9723 | ppl 53.10 | lr 0.0004842175 | 107.6s
Epoch 03 | 03400/06880 | loss 3.9715 | ppl 53.06 | lr 0.0004828045 | 110.9s
Epoch 03 | 03500/06880 | loss 3.9702 | ppl 53.00 | lr 0.0004814039 | 114.0s
Epoch 03 | 03600/06880 | loss 3.9696 | ppl 52.96 | lr 0.0004800154 | 117.3s
Epoch 03 | 03700/06880 | loss 3.9681 | ppl 52.88 | lr 0.0004786388 | 120.5s
Epoch 03 | 03800/06880 | loss 3.9671 | ppl 52.83 | lr 0.000477274 | 123.8s
Epoch 03 | 03900/06880 | loss 3.9658 | ppl 52.76 | lr 0.0004759208 | 127.1s
Epoch 03 | 04000/06880 | loss 3.9651 | ppl 52.73 | lr 0.000474579 | 130.3s
Epoch 03 | 04100/06880 | loss 3.9636 | ppl 52.65 | lr 0.0004732485 | 133.4s
Epoch 03 | 04200/06880 | loss 3.9625 | ppl 52.59 | lr 0.0004719292 | 136.6s
Epoch 03 | 04300/06880 | loss 3.9617 | ppl 52.55 | lr 0.0004706208 | 140.0s
Epoch 03 | 04400/06880 | loss 3.9608 | ppl 52.50 | lr 0.0004693233 | 143.3s
Epoch 03 | 04500/06880 | loss 3.9596 | ppl 52.44 | lr 0.0004680364 | 146.6s
Epoch 03 | 04600/06880 | loss 3.9584 | ppl 52.37 | lr 0.00046676 | 149.9s
Epoch 03 | 04700/06880 | loss 3.9570 | ppl 52.30 | lr 0.0004654941 | 153.1s
Epoch 03 | 04800/06880 | loss 3.9560 | ppl 52.25 | lr 0.0004642383 | 156.3s
Epoch 03 | 04900/06880 | loss 3.9553 | ppl 52.21 | lr 0.0004629927 | 159.6s
Epoch 03 | 05000/06880 | loss 3.9538 | ppl 52.13 | lr 0.0004617571 | 162.6s
Epoch 03 | 05100/06880 | loss 3.9524 | ppl 52.06 | lr 0.0004605313 | 165.7s
Epoch 03 | 05200/06880 | loss 3.9510 | ppl 51.99 | lr 0.0004593152 | 168.9s
Epoch 03 | 05300/06880 | loss 3.9499 | ppl 51.93 | lr 0.0004581087 | 172.2s
Epoch 03 | 05400/06880 | loss 3.9485 | ppl 51.86 | lr 0.0004569117 | 175.4s
Epoch 03 | 05500/06880 | loss 3.9474 | ppl 51.80 | lr 0.000455724 | 178.6s
Epoch 03 | 05600/06880 | loss 3.9463 | ppl 51.74 | lr 0.0004545455 | 181.8s
Epoch 03 | 05700/06880 | loss 3.9454 | ppl 51.70 | lr 0.0004533761 | 185.1s
Epoch 03 | 05800/06880 | loss 3.9442 | ppl 51.63 | lr 0.0004522156 | 188.4s
Epoch 03 | 05900/06880 | loss 3.9429 | ppl 51.57 | lr 0.0004510641 | 191.6s
Epoch 03 | 06000/06880 | loss 3.9421 | ppl 51.53 | lr 0.0004499213 | 194.9s
Epoch 03 | 06100/06880 | loss 3.9412 | ppl 51.48 | lr 0.0004487871 | 198.1s
Epoch 03 | 06200/06880 | loss 3.9404 | ppl 51.44 | lr 0.0004476615 | 201.6s
Epoch 03 | 06300/06880 | loss 3.9396 | ppl 51.40 | lr 0.0004465443 | 205.0s
Epoch 03 | 06400/06880 | loss 3.9387 | ppl 51.35 | lr 0.0004454354 | 208.2s
Epoch 03 | 06500/06880 | loss 3.9374 | ppl 51.28 | lr 0.0004443347 | 211.5s
Epoch 03 | 06600/06880 | loss 3.9365 | ppl 51.24 | lr 0.0004432422 | 214.9s
Epoch 03 | 06700/06880 | loss 3.9356 | ppl 51.19 | lr 0.0004421577 | 218.2s
Epoch 03 | 06800/06880 | loss 3.9347 | ppl 51.15 | lr 0.0004410811 | 221.5s
Epoch 03 complete | train loss 3.9338 | dev loss 3.8421 | train BLEU 16.24 | dev BLEU 12.80 | 231.7s
Epoch 04 | 00100/06880 | loss 3.7768 | ppl 43.68 | lr 0.0004391629 | 3.3s
Epoch 04 | 00200/06880 | loss 3.7656 | ppl 43.19 | lr 0.000438108 | 6.6s
Epoch 04 | 00300/06880 | loss 3.7637 | ppl 43.11 | lr 0.0004370606 | 9.8s
Epoch 04 | 00400/06880 | loss 3.7640 | ppl 43.12 | lr 0.0004360207 | 13.0s
Epoch 04 | 00500/06880 | loss 3.7660 | ppl 43.21 | lr 0.0004349882 | 16.3s
Epoch 04 | 00600/06880 | loss 3.7673 | ppl 43.26 | lr 0.000433963 | 19.6s
Epoch 04 | 00700/06880 | loss 3.7661 | ppl 43.21 | lr 0.0004329451 | 23.0s
Epoch 04 | 00800/06880 | loss 3.7702 | ppl 43.39 | lr 0.0004319342 | 26.3s
Epoch 04 | 00900/06880 | loss 3.7703 | ppl 43.39 | lr 0.0004309304 | 29.6s
Epoch 04 | 01000/06880 | loss 3.7691 | ppl 43.34 | lr 0.0004299336 | 33.0s
Epoch 04 | 01100/06880 | loss 3.7693 | ppl 43.35 | lr 0.0004289436 | 36.3s
Epoch 04 | 01200/06880 | loss 3.7685 | ppl 43.31 | lr 0.0004279605 | 39.5s
Epoch 04 | 01300/06880 | loss 3.7689 | ppl 43.33 | lr 0.0004269841 | 42.7s
Epoch 04 | 01400/06880 | loss 3.7685 | ppl 43.31 | lr 0.0004260143 | 46.0s
Epoch 04 | 01500/06880 | loss 3.7698 | ppl 43.37 | lr 0.0004250511 | 49.3s
Epoch 04 | 01600/06880 | loss 3.7691 | ppl 43.34 | lr 0.0004240945 | 52.4s
Epoch 04 | 01700/06880 | loss 3.7686 | ppl 43.32 | lr 0.0004231442 | 55.6s
Epoch 04 | 01800/06880 | loss 3.7684 | ppl 43.31 | lr 0.0004222003 | 58.9s
Epoch 04 | 01900/06880 | loss 3.7676 | ppl 43.27 | lr 0.0004212627 | 62.2s
Epoch 04 | 02000/06880 | loss 3.7664 | ppl 43.22 | lr 0.0004203314 | 65.5s
Epoch 04 | 02100/06880 | loss 3.7665 | ppl 43.23 | lr 0.0004194061 | 68.8s
Epoch 04 | 02200/06880 | loss 3.7671 | ppl 43.25 | lr 0.000418487 | 72.2s
Epoch 04 | 02300/06880 | loss 3.7666 | ppl 43.23 | lr 0.0004175738 | 75.4s
Epoch 04 | 02400/06880 | loss 3.7667 | ppl 43.24 | lr 0.0004166667 | 78.6s
Epoch 04 | 02500/06880 | loss 3.7662 | ppl 43.21 | lr 0.0004157654 | 81.9s
Epoch 04 | 02600/06880 | loss 3.7660 | ppl 43.21 | lr 0.0004148699 | 85.0s
Epoch 04 | 02700/06880 | loss 3.7657 | ppl 43.20 | lr 0.0004139802 | 88.3s
Epoch 04 | 02800/06880 | loss 3.7654 | ppl 43.18 | lr 0.0004130962 | 91.6s
Epoch 04 | 02900/06880 | loss 3.7656 | ppl 43.19 | lr 0.0004122178 | 94.9s
Epoch 04 | 03000/06880 | loss 3.7656 | ppl 43.19 | lr 0.000411345 | 98.1s
Epoch 04 | 03100/06880 | loss 3.7655 | ppl 43.19 | lr 0.0004104778 | 101.3s
Epoch 04 | 03200/06880 | loss 3.7657 | ppl 43.19 | lr 0.000409616 | 104.6s
Epoch 04 | 03300/06880 | loss 3.7652 | ppl 43.17 | lr 0.0004087596 | 107.7s
Epoch 04 | 03400/06880 | loss 3.7650 | ppl 43.16 | lr 0.0004079085 | 110.8s
Epoch 04 | 03500/06880 | loss 3.7649 | ppl 43.16 | lr 0.0004070628 | 114.1s
Epoch 04 | 03600/06880 | loss 3.7647 | ppl 43.15 | lr 0.0004062222 | 117.3s
Epoch 04 | 03700/06880 | loss 3.7647 | ppl 43.15 | lr 0.0004053869 | 120.5s
Epoch 04 | 03800/06880 | loss 3.7649 | ppl 43.16 | lr 0.0004045567 | 123.7s
Epoch 04 | 03900/06880 | loss 3.7642 | ppl 43.13 | lr 0.0004037316 | 127.0s
Epoch 04 | 04000/06880 | loss 3.7634 | ppl 43.09 | lr 0.0004029115 | 130.3s
Epoch 04 | 04100/06880 | loss 3.7638 | ppl 43.11 | lr 0.0004020964 | 133.5s
Epoch 04 | 04200/06880 | loss 3.7634 | ppl 43.09 | lr 0.0004012862 | 136.8s
Epoch 04 | 04300/06880 | loss 3.7631 | ppl 43.08 | lr 0.0004004809 | 140.0s
Epoch 04 | 04400/06880 | loss 3.7623 | ppl 43.05 | lr 0.0003996804 | 143.2s
Epoch 04 | 04500/06880 | loss 3.7622 | ppl 43.04 | lr 0.0003988847 | 146.4s
Epoch 04 | 04600/06880 | loss 3.7617 | ppl 43.02 | lr 0.0003980937 | 149.7s
Epoch 04 | 04700/06880 | loss 3.7613 | ppl 43.00 | lr 0.0003973074 | 152.9s
Epoch 04 | 04800/06880 | loss 3.7608 | ppl 42.98 | lr 0.0003965258 | 156.2s
Epoch 04 | 04900/06880 | loss 3.7606 | ppl 42.98 | lr 0.0003957487 | 159.4s
Epoch 04 | 05000/06880 | loss 3.7601 | ppl 42.95 | lr 0.0003949763 | 162.6s
Epoch 04 | 05100/06880 | loss 3.7597 | ppl 42.94 | lr 0.0003942083 | 165.9s
Epoch 04 | 05200/06880 | loss 3.7593 | ppl 42.92 | lr 0.0003934447 | 169.1s
Epoch 04 | 05300/06880 | loss 3.7591 | ppl 42.91 | lr 0.0003926856 | 172.4s
Epoch 04 | 05400/06880 | loss 3.7588 | ppl 42.89 | lr 0.0003919309 | 175.5s
Epoch 04 | 05500/06880 | loss 3.7582 | ppl 42.87 | lr 0.0003911805 | 178.7s
Epoch 04 | 05600/06880 | loss 3.7577 | ppl 42.85 | lr 0.0003904344 | 182.0s
Epoch 04 | 05700/06880 | loss 3.7573 | ppl 42.83 | lr 0.0003896926 | 185.2s
Epoch 04 | 05800/06880 | loss 3.7572 | ppl 42.83 | lr 0.0003889549 | 188.5s
Epoch 04 | 05900/06880 | loss 3.7569 | ppl 42.82 | lr 0.0003882215 | 191.7s
Epoch 04 | 06000/06880 | loss 3.7566 | ppl 42.80 | lr 0.0003874921 | 195.0s
Epoch 04 | 06100/06880 | loss 3.7565 | ppl 42.80 | lr 0.0003867669 | 198.2s
Epoch 04 | 06200/06880 | loss 3.7561 | ppl 42.78 | lr 0.0003860457 | 201.5s
Epoch 04 | 06300/06880 | loss 3.7556 | ppl 42.76 | lr 0.0003853286 | 204.6s
Epoch 04 | 06400/06880 | loss 3.7551 | ppl 42.74 | lr 0.0003846154 | 207.7s
Epoch 04 | 06500/06880 | loss 3.7546 | ppl 42.72 | lr 0.0003839062 | 211.0s
Epoch 04 | 06600/06880 | loss 3.7538 | ppl 42.68 | lr 0.0003832008 | 214.2s
Epoch 04 | 06700/06880 | loss 3.7532 | ppl 42.66 | lr 0.0003824994 | 217.4s
Epoch 04 | 06800/06880 | loss 3.7526 | ppl 42.63 | lr 0.0003818018 | 220.6s
Epoch 04 complete | train loss 3.7523 | dev loss 3.7067 | train BLEU 17.18 | dev BLEU 13.54 | 231.1s
Epoch 05 | 00100/06880 | loss 3.6186 | ppl 37.29 | lr 0.0003805556 | 3.3s
Epoch 05 | 00200/06880 | loss 3.6202 | ppl 37.34 | lr 0.0003798686 | 6.5s
Epoch 05 | 00300/06880 | loss 3.6198 | ppl 37.33 | lr 0.0003791852 | 9.8s
Epoch 05 | 00400/06880 | loss 3.6262 | ppl 37.57 | lr 0.0003785056 | 13.0s
Epoch 05 | 00500/06880 | loss 3.6268 | ppl 37.59 | lr 0.0003778296 | 16.3s
Epoch 05 | 00600/06880 | loss 3.6269 | ppl 37.60 | lr 0.0003771571 | 19.5s
Epoch 05 | 00700/06880 | loss 3.6273 | ppl 37.61 | lr 0.0003764883 | 22.8s
Epoch 05 | 00800/06880 | loss 3.6286 | ppl 37.66 | lr 0.000375823 | 26.0s
Epoch 05 | 00900/06880 | loss 3.6302 | ppl 37.72 | lr 0.0003751612 | 29.1s
Epoch 05 | 01000/06880 | loss 3.6311 | ppl 37.75 | lr 0.0003745029 | 32.3s
Epoch 05 | 01100/06880 | loss 3.6337 | ppl 37.85 | lr 0.0003738481 | 35.6s
Epoch 05 | 01200/06880 | loss 3.6352 | ppl 37.91 | lr 0.0003731967 | 38.8s
Epoch 05 | 01300/06880 | loss 3.6360 | ppl 37.94 | lr 0.0003725487 | 42.1s
Epoch 05 | 01400/06880 | loss 3.6356 | ppl 37.93 | lr 0.000371904 | 45.4s
Epoch 05 | 01500/06880 | loss 3.6356 | ppl 37.92 | lr 0.0003712627 | 48.7s
Epoch 05 | 01600/06880 | loss 3.6356 | ppl 37.93 | lr 0.0003706247 | 52.1s
Epoch 05 | 01700/06880 | loss 3.6365 | ppl 37.96 | lr 0.0003699899 | 55.5s
Epoch 05 | 01800/06880 | loss 3.6362 | ppl 37.95 | lr 0.0003693584 | 58.9s
Epoch 05 | 01900/06880 | loss 3.6361 | ppl 37.94 | lr 0.0003687302 | 62.3s
Epoch 05 | 02000/06880 | loss 3.6369 | ppl 37.97 | lr 0.0003681051 | 65.6s
Epoch 05 | 02100/06880 | loss 3.6364 | ppl 37.96 | lr 0.0003674832 | 68.8s
Epoch 05 | 02200/06880 | loss 3.6371 | ppl 37.98 | lr 0.0003668644 | 72.1s
Epoch 05 | 02300/06880 | loss 3.6370 | ppl 37.98 | lr 0.0003662488 | 75.4s
Epoch 05 | 02400/06880 | loss 3.6362 | ppl 37.95 | lr 0.0003656362 | 78.7s
Epoch 05 | 02500/06880 | loss 3.6372 | ppl 37.99 | lr 0.0003650267 | 81.9s
Epoch 05 | 02600/06880 | loss 3.6378 | ppl 38.01 | lr 0.0003644203 | 85.2s
Epoch 05 | 02700/06880 | loss 3.6378 | ppl 38.01 | lr 0.0003638168 | 88.5s
Epoch 05 | 02800/06880 | loss 3.6381 | ppl 38.02 | lr 0.0003632164 | 91.7s
Epoch 05 | 02900/06880 | loss 3.6382 | ppl 38.02 | lr 0.0003626189 | 94.9s
Epoch 05 | 03000/06880 | loss 3.6385 | ppl 38.04 | lr 0.0003620243 | 98.2s
Epoch 05 | 03100/06880 | loss 3.6384 | ppl 38.03 | lr 0.0003614327 | 101.3s
Epoch 05 | 03200/06880 | loss 3.6390 | ppl 38.05 | lr 0.0003608439 | 104.5s
Epoch 05 | 03300/06880 | loss 3.6388 | ppl 38.04 | lr 0.000360258 | 107.7s
Epoch 05 | 03400/06880 | loss 3.6393 | ppl 38.07 | lr 0.000359675 | 111.0s
Epoch 05 | 03500/06880 | loss 3.6390 | ppl 38.06 | lr 0.0003590948 | 114.2s
Epoch 05 | 03600/06880 | loss 3.6390 | ppl 38.05 | lr 0.0003585174 | 117.5s
Epoch 05 | 03700/06880 | loss 3.6391 | ppl 38.06 | lr 0.0003579427 | 120.7s
Epoch 05 | 03800/06880 | loss 3.6395 | ppl 38.07 | lr 0.0003573708 | 124.0s
Epoch 05 | 03900/06880 | loss 3.6390 | ppl 38.05 | lr 0.0003568017 | 127.2s
Epoch 05 | 04000/06880 | loss 3.6392 | ppl 38.06 | lr 0.0003562352 | 130.5s
Epoch 05 | 04100/06880 | loss 3.6395 | ppl 38.07 | lr 0.0003556715 | 133.7s
Epoch 05 | 04200/06880 | loss 3.6391 | ppl 38.06 | lr 0.0003551104 | 137.0s
Epoch 05 | 04300/06880 | loss 3.6395 | ppl 38.07 | lr 0.000354552 | 140.3s
Epoch 05 | 04400/06880 | loss 3.6392 | ppl 38.06 | lr 0.0003539962 | 143.6s
Epoch 05 | 04500/06880 | loss 3.6391 | ppl 38.06 | lr 0.000353443 | 146.9s
Epoch 05 | 04600/06880 | loss 3.6392 | ppl 38.06 | lr 0.0003528923 | 150.3s
Epoch 05 | 04700/06880 | loss 3.6390 | ppl 38.06 | lr 0.0003523443 | 153.5s
Epoch 05 | 04800/06880 | loss 3.6389 | ppl 38.05 | lr 0.0003517988 | 156.7s
Epoch 05 | 04900/06880 | loss 3.6389 | ppl 38.05 | lr 0.0003512558 | 160.0s
Epoch 05 | 05000/06880 | loss 3.6388 | ppl 38.04 | lr 0.0003507153 | 163.3s
Epoch 05 | 05100/06880 | loss 3.6385 | ppl 38.04 | lr 0.0003501773 | 166.5s
Epoch 05 | 05200/06880 | loss 3.6379 | ppl 38.01 | lr 0.0003496418 | 169.8s
Epoch 05 | 05300/06880 | loss 3.6378 | ppl 38.01 | lr 0.0003491087 | 173.1s
Epoch 05 | 05400/06880 | loss 3.6381 | ppl 38.02 | lr 0.0003485781 | 176.4s
Epoch 05 | 05500/06880 | loss 3.6375 | ppl 38.00 | lr 0.0003480499 | 179.6s
Epoch 05 | 05600/06880 | loss 3.6372 | ppl 37.99 | lr 0.000347524 | 182.8s
Epoch 05 | 05700/06880 | loss 3.6377 | ppl 38.01 | lr 0.0003470006 | 186.1s
Epoch 05 | 05800/06880 | loss 3.6380 | ppl 38.02 | lr 0.0003464795 | 189.4s
Epoch 05 | 05900/06880 | loss 3.6381 | ppl 38.02 | lr 0.0003459607 | 192.5s
Epoch 05 | 06000/06880 | loss 3.6378 | ppl 38.01 | lr 0.0003454443 | 195.7s
Epoch 05 | 06100/06880 | loss 3.6377 | ppl 38.00 | lr 0.0003449301 | 199.0s
Epoch 05 | 06200/06880 | loss 3.6374 | ppl 37.99 | lr 0.0003444183 | 202.1s
Epoch 05 | 06300/06880 | loss 3.6370 | ppl 37.98 | lr 0.0003439087 | 205.4s
Epoch 05 | 06400/06880 | loss 3.6369 | ppl 37.97 | lr 0.0003434014 | 208.6s
Epoch 05 | 06500/06880 | loss 3.6368 | ppl 37.97 | lr 0.0003428963 | 211.8s
Epoch 05 | 06600/06880 | loss 3.6365 | ppl 37.96 | lr 0.0003423935 | 215.2s
Epoch 05 | 06700/06880 | loss 3.6364 | ppl 37.96 | lr 0.0003418928 | 218.6s
Epoch 05 | 06800/06880 | loss 3.6362 | ppl 37.95 | lr 0.0003413944 | 221.9s
Epoch 05 complete | train loss 3.6361 | dev loss 3.6338 | train BLEU 19.04 | dev BLEU 14.46 | 232.0s
Epoch 06 | 00100/06880 | loss 3.5505 | ppl 34.83 | lr 0.0003405026 | 3.4s
Epoch 06 | 00200/06880 | loss 3.5409 | ppl 34.50 | lr 0.0003400102 | 6.7s
Epoch 06 | 00300/06880 | loss 3.5456 | ppl 34.66 | lr 0.0003395199 | 9.9s
Epoch 06 | 00400/06880 | loss 3.5429 | ppl 34.57 | lr 0.0003390318 | 13.2s
Epoch 06 | 00500/06880 | loss 3.5414 | ppl 34.52 | lr 0.0003385457 | 16.4s
Epoch 06 | 00600/06880 | loss 3.5422 | ppl 34.54 | lr 0.0003380617 | 19.7s
Epoch 06 | 00700/06880 | loss 3.5414 | ppl 34.52 | lr 0.0003375798 | 23.0s
Epoch 06 | 00800/06880 | loss 3.5436 | ppl 34.59 | lr 0.0003370999 | 26.3s
Epoch 06 | 00900/06880 | loss 3.5445 | ppl 34.62 | lr 0.0003366221 | 29.5s
Epoch 06 | 01000/06880 | loss 3.5440 | ppl 34.61 | lr 0.0003361463 | 32.7s
Epoch 06 | 01100/06880 | loss 3.5446 | ppl 34.62 | lr 0.0003356725 | 35.9s
Epoch 06 | 01200/06880 | loss 3.5461 | ppl 34.68 | lr 0.0003352008 | 39.3s
Epoch 06 | 01300/06880 | loss 3.5475 | ppl 34.72 | lr 0.000334731 | 42.7s
Epoch 06 | 01400/06880 | loss 3.5483 | ppl 34.75 | lr 0.0003342631 | 45.9s
Epoch 06 | 01500/06880 | loss 3.5486 | ppl 34.77 | lr 0.0003337973 | 49.2s
Epoch 06 | 01600/06880 | loss 3.5486 | ppl 34.76 | lr 0.0003333333 | 52.5s
Epoch 06 | 01700/06880 | loss 3.5490 | ppl 34.78 | lr 0.0003328713 | 55.7s
Epoch 06 | 01800/06880 | loss 3.5491 | ppl 34.78 | lr 0.0003324112 | 58.9s
Epoch 06 | 01900/06880 | loss 3.5496 | ppl 34.80 | lr 0.0003319531 | 62.1s
Epoch 06 | 02000/06880 | loss 3.5506 | ppl 34.83 | lr 0.0003314968 | 65.3s
Epoch 06 | 02100/06880 | loss 3.5511 | ppl 34.85 | lr 0.0003310424 | 68.6s
Epoch 06 | 02200/06880 | loss 3.5507 | ppl 34.84 | lr 0.0003305898 | 71.8s
Epoch 06 | 02300/06880 | loss 3.5511 | ppl 34.85 | lr 0.0003301391 | 75.0s
Epoch 06 | 02400/06880 | loss 3.5514 | ppl 34.86 | lr 0.0003296902 | 78.2s
Epoch 06 | 02500/06880 | loss 3.5514 | ppl 34.86 | lr 0.0003292432 | 81.4s
Epoch 06 | 02600/06880 | loss 3.5521 | ppl 34.89 | lr 0.000328798 | 84.7s
Epoch 06 | 02700/06880 | loss 3.5525 | ppl 34.90 | lr 0.0003283546 | 87.9s
Epoch 06 | 02800/06880 | loss 3.5526 | ppl 34.90 | lr 0.0003279129 | 91.0s
Epoch 06 | 02900/06880 | loss 3.5526 | ppl 34.90 | lr 0.0003274731 | 94.3s
Epoch 06 | 03000/06880 | loss 3.5529 | ppl 34.91 | lr 0.000327035 | 97.5s
Epoch 06 | 03100/06880 | loss 3.5526 | ppl 34.90 | lr 0.0003265986 | 100.8s
Epoch 06 | 03200/06880 | loss 3.5525 | ppl 34.90 | lr 0.000326164 | 104.1s
Epoch 06 | 03300/06880 | loss 3.5529 | ppl 34.92 | lr 0.0003257312 | 107.3s
Epoch 06 | 03400/06880 | loss 3.5532 | ppl 34.92 | lr 0.0003253 | 110.6s
Epoch 06 | 03500/06880 | loss 3.5533 | ppl 34.93 | lr 0.0003248706 | 114.0s
Epoch 06 | 03600/06880 | loss 3.5531 | ppl 34.92 | lr 0.0003244428 | 117.5s
Epoch 06 | 03700/06880 | loss 3.5535 | ppl 34.94 | lr 0.0003240168 | 120.9s
Epoch 06 | 03800/06880 | loss 3.5535 | ppl 34.93 | lr 0.0003235924 | 124.2s
Epoch 06 | 03900/06880 | loss 3.5534 | ppl 34.93 | lr 0.0003231697 | 127.5s
Epoch 06 | 04000/06880 | loss 3.5536 | ppl 34.94 | lr 0.0003227486 | 130.8s
Epoch 06 | 04100/06880 | loss 3.5534 | ppl 34.93 | lr 0.0003223292 | 134.0s
Epoch 06 | 04200/06880 | loss 3.5534 | ppl 34.93 | lr 0.0003219114 | 137.3s
Epoch 06 | 04300/06880 | loss 3.5536 | ppl 34.94 | lr 0.0003214952 | 140.5s
Epoch 06 | 04400/06880 | loss 3.5541 | ppl 34.96 | lr 0.0003210806 | 143.7s
Epoch 06 | 04500/06880 | loss 3.5542 | ppl 34.96 | lr 0.0003206677 | 147.0s
Epoch 06 | 04600/06880 | loss 3.5541 | ppl 34.96 | lr 0.0003202563 | 150.3s
Epoch 06 | 04700/06880 | loss 3.5542 | ppl 34.96 | lr 0.0003198465 | 153.6s
Epoch 06 | 04800/06880 | loss 3.5545 | ppl 34.97 | lr 0.0003194383 | 156.8s
Epoch 06 | 04900/06880 | loss 3.5546 | ppl 34.98 | lr 0.0003190316 | 160.3s
Epoch 06 | 05000/06880 | loss 3.5546 | ppl 34.97 | lr 0.0003186265 | 163.6s
Epoch 06 | 05100/06880 | loss 3.5544 | ppl 34.97 | lr 0.0003182229 | 166.9s
Epoch 06 | 05200/06880 | loss 3.5550 | ppl 34.99 | lr 0.0003178209 | 170.1s
Epoch 06 | 05300/06880 | loss 3.5548 | ppl 34.98 | lr 0.0003174203 | 173.3s
Epoch 06 | 05400/06880 | loss 3.5549 | ppl 34.99 | lr 0.0003170213 | 176.6s
Epoch 06 | 05500/06880 | loss 3.5549 | ppl 34.98 | lr 0.0003166238 | 179.6s
Epoch 06 | 05600/06880 | loss 3.5550 | ppl 34.99 | lr 0.0003162278 | 182.9s
Epoch 06 | 05700/06880 | loss 3.5555 | ppl 35.00 | lr 0.0003158332 | 186.3s
Epoch 06 | 05800/06880 | loss 3.5555 | ppl 35.00 | lr 0.0003154401 | 189.6s
Epoch 06 | 05900/06880 | loss 3.5552 | ppl 34.99 | lr 0.0003150485 | 192.9s
Epoch 06 | 06000/06880 | loss 3.5551 | ppl 34.99 | lr 0.0003146584 | 196.3s
Epoch 06 | 06100/06880 | loss 3.5550 | ppl 34.99 | lr 0.0003142697 | 199.5s
Epoch 06 | 06200/06880 | loss 3.5547 | ppl 34.98 | lr 0.0003138824 | 202.7s
Epoch 06 | 06300/06880 | loss 3.5550 | ppl 34.99 | lr 0.0003134966 | 205.9s
Epoch 06 | 06400/06880 | loss 3.5552 | ppl 35.00 | lr 0.0003131121 | 209.2s
Epoch 06 | 06500/06880 | loss 3.5554 | ppl 35.00 | lr 0.0003127291 | 212.4s
Epoch 06 | 06600/06880 | loss 3.5552 | ppl 34.99 | lr 0.0003123475 | 215.7s
Epoch 06 | 06700/06880 | loss 3.5548 | ppl 34.98 | lr 0.0003119673 | 219.0s
Epoch 06 | 06800/06880 | loss 3.5544 | ppl 34.97 | lr 0.0003115885 | 222.2s
Epoch 06 complete | train loss 3.5543 | dev loss 3.5884 | train BLEU 19.14 | dev BLEU 15.68 | 231.9s
Epoch 07 | 00100/06880 | loss 3.4660 | ppl 32.01 | lr 0.00031091 | 3.3s
Epoch 07 | 00200/06880 | loss 3.4608 | ppl 31.84 | lr 0.000310535 | 6.6s
Epoch 07 | 00300/06880 | loss 3.4650 | ppl 31.98 | lr 0.0003101614 | 9.9s
Epoch 07 | 00400/06880 | loss 3.4674 | ppl 32.05 | lr 0.0003097891 | 13.0s
Epoch 07 | 00500/06880 | loss 3.4702 | ppl 32.14 | lr 0.0003094181 | 16.1s
Epoch 07 | 00600/06880 | loss 3.4736 | ppl 32.25 | lr 0.0003090485 | 19.4s
Epoch 07 | 00700/06880 | loss 3.4745 | ppl 32.28 | lr 0.0003086802 | 22.6s
Epoch 07 | 00800/06880 | loss 3.4744 | ppl 32.28 | lr 0.0003083132 | 26.1s
Epoch 07 | 00900/06880 | loss 3.4756 | ppl 32.32 | lr 0.0003079475 | 29.5s
Epoch 07 | 01000/06880 | loss 3.4766 | ppl 32.35 | lr 0.0003075831 | 32.7s
Epoch 07 | 01100/06880 | loss 3.4763 | ppl 32.34 | lr 0.00030722 | 36.0s
Epoch 07 | 01200/06880 | loss 3.4772 | ppl 32.37 | lr 0.0003068582 | 39.3s
Epoch 07 | 01300/06880 | loss 3.4775 | ppl 32.38 | lr 0.0003064977 | 42.5s
Epoch 07 | 01400/06880 | loss 3.4796 | ppl 32.45 | lr 0.0003061384 | 45.8s
Epoch 07 | 01500/06880 | loss 3.4802 | ppl 32.47 | lr 0.0003057804 | 49.1s
Epoch 07 | 01600/06880 | loss 3.4805 | ppl 32.48 | lr 0.0003054236 | 52.4s
Epoch 07 | 01700/06880 | loss 3.4801 | ppl 32.46 | lr 0.0003050681 | 55.6s
Epoch 07 | 01800/06880 | loss 3.4808 | ppl 32.49 | lr 0.0003047138 | 58.9s
Epoch 07 | 01900/06880 | loss 3.4822 | ppl 32.53 | lr 0.0003043608 | 62.4s
Epoch 07 | 02000/06880 | loss 3.4838 | ppl 32.58 | lr 0.000304009 | 65.6s
Epoch 07 | 02100/06880 | loss 3.4844 | ppl 32.60 | lr 0.0003036583 | 68.9s
Epoch 07 | 02200/06880 | loss 3.4842 | ppl 32.60 | lr 0.000303309 | 72.1s
Epoch 07 | 02300/06880 | loss 3.4843 | ppl 32.60 | lr 0.0003029608 | 75.4s
Epoch 07 | 02400/06880 | loss 3.4848 | ppl 32.61 | lr 0.0003026138 | 78.7s
Epoch 07 | 02500/06880 | loss 3.4854 | ppl 32.63 | lr 0.000302268 | 82.0s
Epoch 07 | 02600/06880 | loss 3.4870 | ppl 32.69 | lr 0.0003019233 | 85.2s
Epoch 07 | 02700/06880 | loss 3.4880 | ppl 32.72 | lr 0.0003015799 | 88.5s
Epoch 07 | 02800/06880 | loss 3.4891 | ppl 32.76 | lr 0.0003012376 | 91.7s
Epoch 07 | 02900/06880 | loss 3.4890 | ppl 32.75 | lr 0.0003008965 | 95.0s
Epoch 07 | 03000/06880 | loss 3.4897 | ppl 32.78 | lr 0.0003005565 | 98.2s
Epoch 07 | 03100/06880 | loss 3.4899 | ppl 32.78 | lr 0.0003002177 | 101.4s
Epoch 07 | 03200/06880 | loss 3.4906 | ppl 32.81 | lr 0.0002998801 | 104.6s
Epoch 07 | 03300/06880 | loss 3.4906 | ppl 32.80 | lr 0.0002995435 | 107.9s
Epoch 07 | 03400/06880 | loss 3.4914 | ppl 32.83 | lr 0.0002992081 | 111.1s
Epoch 07 | 03500/06880 | loss 3.4915 | ppl 32.84 | lr 0.0002988739 | 114.4s
Epoch 07 | 03600/06880 | loss 3.4918 | ppl 32.85 | lr 0.0002985407 | 117.9s
Epoch 07 | 03700/06880 | loss 3.4919 | ppl 32.85 | lr 0.0002982087 | 121.1s
Epoch 07 | 03800/06880 | loss 3.4920 | ppl 32.85 | lr 0.0002978777 | 124.3s
Epoch 07 | 03900/06880 | loss 3.4921 | ppl 32.86 | lr 0.0002975479 | 127.6s
Epoch 07 | 04000/06880 | loss 3.4923 | ppl 32.86 | lr 0.0002972191 | 130.8s
Epoch 07 | 04100/06880 | loss 3.4923 | ppl 32.86 | lr 0.0002968915 | 133.9s
Epoch 07 | 04200/06880 | loss 3.4928 | ppl 32.88 | lr 0.0002965649 | 137.1s
Epoch 07 | 04300/06880 | loss 3.4925 | ppl 32.87 | lr 0.0002962394 | 140.3s
Epoch 07 | 04400/06880 | loss 3.4927 | ppl 32.87 | lr 0.000295915 | 143.6s
Epoch 07 | 04500/06880 | loss 3.4931 | ppl 32.89 | lr 0.0002955916 | 146.9s
Epoch 07 | 04600/06880 | loss 3.4932 | ppl 32.89 | lr 0.0002952693 | 150.2s
Epoch 07 | 04700/06880 | loss 3.4936 | ppl 32.90 | lr 0.000294948 | 153.4s
Epoch 07 | 04800/06880 | loss 3.4936 | ppl 32.90 | lr 0.0002946278 | 156.6s
Epoch 07 | 04900/06880 | loss 3.4937 | ppl 32.91 | lr 0.0002943087 | 159.8s
Epoch 07 | 05000/06880 | loss 3.4934 | ppl 32.90 | lr 0.0002939905 | 163.1s
Epoch 07 | 05100/06880 | loss 3.4935 | ppl 32.90 | lr 0.0002936734 | 166.3s
Epoch 07 | 05200/06880 | loss 3.4936 | ppl 32.90 | lr 0.0002933573 | 169.5s
Epoch 07 | 05300/06880 | loss 3.4937 | ppl 32.91 | lr 0.0002930423 | 172.8s
Epoch 07 | 05400/06880 | loss 3.4940 | ppl 32.92 | lr 0.0002927282 | 176.0s
Epoch 07 | 05500/06880 | loss 3.4941 | ppl 32.92 | lr 0.0002924152 | 179.3s
Epoch 07 | 05600/06880 | loss 3.4940 | ppl 32.92 | lr 0.0002921031 | 182.6s
Epoch 07 | 05700/06880 | loss 3.4941 | ppl 32.92 | lr 0.0002917921 | 185.8s
Epoch 07 | 05800/06880 | loss 3.4941 | ppl 32.92 | lr 0.000291482 | 189.1s
Epoch 07 | 05900/06880 | loss 3.4941 | ppl 32.92 | lr 0.000291173 | 192.3s
Epoch 07 | 06000/06880 | loss 3.4940 | ppl 32.92 | lr 0.0002908649 | 195.5s
Epoch 07 | 06100/06880 | loss 3.4938 | ppl 32.91 | lr 0.0002905578 | 198.8s
Epoch 07 | 06200/06880 | loss 3.4936 | ppl 32.90 | lr 0.0002902516 | 202.3s
Epoch 07 | 06300/06880 | loss 3.4937 | ppl 32.91 | lr 0.0002899464 | 205.3s
Epoch 07 | 06400/06880 | loss 3.4935 | ppl 32.90 | lr 0.0002896422 | 208.4s
Epoch 07 | 06500/06880 | loss 3.4934 | ppl 32.90 | lr 0.000289339 | 211.5s
Epoch 07 | 06600/06880 | loss 3.4935 | ppl 32.90 | lr 0.0002890367 | 214.8s
Epoch 07 | 06700/06880 | loss 3.4936 | ppl 32.90 | lr 0.0002887353 | 218.1s
Epoch 07 | 06800/06880 | loss 3.4934 | ppl 32.90 | lr 0.0002884349 | 221.4s
Epoch 07 complete | train loss 3.4935 | dev loss 3.5372 | train BLEU 20.17 | dev BLEU 16.27 | 230.9s
Epoch 08 | 00100/06880 | loss 3.3801 | ppl 29.37 | lr 0.0002878965 | 3.3s
Epoch 08 | 00200/06880 | loss 3.3983 | ppl 29.91 | lr 0.0002875987 | 6.6s
Epoch 08 | 00300/06880 | loss 3.3998 | ppl 29.96 | lr 0.0002873018 | 9.9s
Epoch 08 | 00400/06880 | loss 3.4006 | ppl 29.98 | lr 0.0002870058 | 13.2s
Epoch 08 | 00500/06880 | loss 3.4024 | ppl 30.04 | lr 0.0002867107 | 16.5s
Epoch 08 | 00600/06880 | loss 3.4052 | ppl 30.12 | lr 0.0002864166 | 19.6s
Epoch 08 | 00700/06880 | loss 3.4088 | ppl 30.23 | lr 0.0002861233 | 22.9s
Epoch 08 | 00800/06880 | loss 3.4092 | ppl 30.24 | lr 0.000285831 | 26.1s
Epoch 08 | 00900/06880 | loss 3.4101 | ppl 30.27 | lr 0.0002855395 | 29.5s
Epoch 08 | 01000/06880 | loss 3.4130 | ppl 30.35 | lr 0.000285249 | 32.8s
Epoch 08 | 01100/06880 | loss 3.4151 | ppl 30.42 | lr 0.0002849593 | 36.0s
Epoch 08 | 01200/06880 | loss 3.4168 | ppl 30.47 | lr 0.0002846705 | 39.3s
Epoch 08 | 01300/06880 | loss 3.4187 | ppl 30.53 | lr 0.0002843825 | 42.5s
Epoch 08 | 01400/06880 | loss 3.4198 | ppl 30.56 | lr 0.0002840955 | 45.6s
Epoch 08 | 01500/06880 | loss 3.4205 | ppl 30.58 | lr 0.0002838093 | 48.9s
Epoch 08 | 01600/06880 | loss 3.4222 | ppl 30.64 | lr 0.000283524 | 52.1s
Epoch 08 | 01700/06880 | loss 3.4236 | ppl 30.68 | lr 0.0002832395 | 55.4s
Epoch 08 | 01800/06880 | loss 3.4240 | ppl 30.69 | lr 0.0002829559 | 58.7s
Epoch 08 | 01900/06880 | loss 3.4255 | ppl 30.74 | lr 0.0002826732 | 61.8s
Epoch 08 | 02000/06880 | loss 3.4267 | ppl 30.78 | lr 0.0002823912 | 65.1s
Epoch 08 | 02100/06880 | loss 3.4277 | ppl 30.81 | lr 0.0002821102 | 68.3s
Epoch 08 | 02200/06880 | loss 3.4290 | ppl 30.84 | lr 0.0002818299 | 71.6s
Epoch 08 | 02300/06880 | loss 3.4297 | ppl 30.87 | lr 0.0002815505 | 75.0s
Epoch 08 | 02400/06880 | loss 3.4312 | ppl 30.91 | lr 0.000281272 | 78.1s
Epoch 08 | 02500/06880 | loss 3.4320 | ppl 30.94 | lr 0.0002809942 | 81.4s
Epoch 08 | 02600/06880 | loss 3.4324 | ppl 30.95 | lr 0.0002807173 | 84.7s
Epoch 08 | 02700/06880 | loss 3.4339 | ppl 31.00 | lr 0.0002804412 | 87.9s
Epoch 08 | 02800/06880 | loss 3.4348 | ppl 31.02 | lr 0.0002801659 | 91.1s
Epoch 08 | 02900/06880 | loss 3.4349 | ppl 31.03 | lr 0.0002798914 | 94.3s
Epoch 08 | 03000/06880 | loss 3.4351 | ppl 31.03 | lr 0.0002796177 | 97.6s
Epoch 08 | 03100/06880 | loss 3.4349 | ppl 31.03 | lr 0.0002793449 | 100.8s
Epoch 08 | 03200/06880 | loss 3.4354 | ppl 31.04 | lr 0.0002790728 | 104.0s
Epoch 08 | 03300/06880 | loss 3.4358 | ppl 31.06 | lr 0.0002788015 | 107.2s
Epoch 08 | 03400/06880 | loss 3.4362 | ppl 31.07 | lr 0.000278531 | 110.5s
Epoch 08 | 03500/06880 | loss 3.4369 | ppl 31.09 | lr 0.0002782613 | 113.7s
Epoch 08 | 03600/06880 | loss 3.4373 | ppl 31.10 | lr 0.0002779924 | 116.9s
Epoch 08 | 03700/06880 | loss 3.4376 | ppl 31.11 | lr 0.0002777242 | 120.1s
Epoch 08 | 03800/06880 | loss 3.4379 | ppl 31.12 | lr 0.0002774568 | 123.4s
Epoch 08 | 03900/06880 | loss 3.4384 | ppl 31.14 | lr 0.0002771902 | 126.6s
Epoch 08 | 04000/06880 | loss 3.4389 | ppl 31.15 | lr 0.0002769244 | 129.8s
Epoch 08 | 04100/06880 | loss 3.4389 | ppl 31.15 | lr 0.0002766593 | 132.9s
Epoch 08 | 04200/06880 | loss 3.4393 | ppl 31.17 | lr 0.000276395 | 136.1s
Epoch 08 | 04300/06880 | loss 3.4398 | ppl 31.18 | lr 0.0002761314 | 139.6s
Epoch 08 | 04400/06880 | loss 3.4397 | ppl 31.18 | lr 0.0002758686 | 142.9s
Epoch 08 | 04500/06880 | loss 3.4399 | ppl 31.18 | lr 0.0002756066 | 146.3s
Epoch 08 | 04600/06880 | loss 3.4401 | ppl 31.19 | lr 0.0002753453 | 149.5s
Epoch 08 | 04700/06880 | loss 3.4402 | ppl 31.19 | lr 0.0002750847 | 152.8s
Epoch 08 | 04800/06880 | loss 3.4403 | ppl 31.20 | lr 0.0002748249 | 156.1s
Epoch 08 | 04900/06880 | loss 3.4403 | ppl 31.20 | lr 0.0002745658 | 159.3s
Epoch 08 | 05000/06880 | loss 3.4410 | ppl 31.22 | lr 0.0002743074 | 162.6s
Epoch 08 | 05100/06880 | loss 3.4408 | ppl 31.21 | lr 0.0002740498 | 165.9s
Epoch 08 | 05200/06880 | loss 3.4410 | ppl 31.22 | lr 0.0002737928 | 169.2s
Epoch 08 | 05300/06880 | loss 3.4413 | ppl 31.23 | lr 0.0002735366 | 172.4s
Epoch 08 | 05400/06880 | loss 3.4416 | ppl 31.24 | lr 0.0002732812 | 175.6s
Epoch 08 | 05500/06880 | loss 3.4420 | ppl 31.25 | lr 0.0002730264 | 178.7s
Epoch 08 | 05600/06880 | loss 3.4423 | ppl 31.26 | lr 0.0002727724 | 182.0s
Epoch 08 | 05700/06880 | loss 3.4430 | ppl 31.28 | lr 0.000272519 | 185.3s
Epoch 08 | 05800/06880 | loss 3.4430 | ppl 31.28 | lr 0.0002722664 | 188.7s
Epoch 08 | 05900/06880 | loss 3.4431 | ppl 31.28 | lr 0.0002720144 | 191.9s
Epoch 08 | 06000/06880 | loss 3.4434 | ppl 31.29 | lr 0.0002717632 | 195.0s
Epoch 08 | 06100/06880 | loss 3.4438 | ppl 31.31 | lr 0.0002715127 | 198.3s
Epoch 08 | 06200/06880 | loss 3.4441 | ppl 31.31 | lr 0.0002712628 | 201.5s
Epoch 08 | 06300/06880 | loss 3.4443 | ppl 31.32 | lr 0.0002710137 | 204.7s
Epoch 08 | 06400/06880 | loss 3.4446 | ppl 31.33 | lr 0.0002707652 | 208.0s
Epoch 08 | 06500/06880 | loss 3.4448 | ppl 31.34 | lr 0.0002705174 | 211.3s
Epoch 08 | 06600/06880 | loss 3.4450 | ppl 31.34 | lr 0.0002702703 | 214.5s
Epoch 08 | 06700/06880 | loss 3.4455 | ppl 31.36 | lr 0.0002700238 | 217.8s
Epoch 08 | 06800/06880 | loss 3.4455 | ppl 31.36 | lr 0.0002697781 | 221.1s
Epoch 08 complete | train loss 3.4455 | dev loss 3.5084 | train BLEU 20.30 | dev BLEU 16.53 | 230.8s
{
  "best_epoch": 8,
  "best_dev_bleu": 16.53206190327405,
  "best_dev_loss": 3.508445771884429,
  "best_model": "/data/student/i2311021/projects/100-swing-drill/chapter_10_2020/models/97_tuning/bs64_lr1em03_adamw/best_model.pt",
  "batch_size": 64,
  "learning_rate": 0.001,
  "optimizer": "adamw"
}

========================================================================
Trial: bs64_lr1em05_adamw
========================================================================
GPU: NVIDIA RTX PRO 6000 Blackwell Max-Q Workstation Edition
Train: 440,286, Dev: 1,166
Epoch 01 | 00100/06880 | loss 9.6999 | ppl 16316.09 | lr 2.5e-07 | 3.9s
Epoch 01 | 00200/06880 | loss 9.6878 | ppl 16119.47 | lr 5e-07 | 7.2s
Epoch 01 | 00300/06880 | loss 9.6687 | ppl 15815.15 | lr 7.5e-07 | 10.5s
Epoch 01 | 00400/06880 | loss 9.6456 | ppl 15453.48 | lr 1e-06 | 13.9s
Epoch 01 | 00500/06880 | loss 9.6217 | ppl 15088.00 | lr 1.25e-06 | 17.1s
Epoch 01 | 00600/06880 | loss 9.5981 | ppl 14737.28 | lr 1.5e-06 | 20.3s
Epoch 01 | 00700/06880 | loss 9.5755 | ppl 14407.45 | lr 1.75e-06 | 23.6s
Epoch 01 | 00800/06880 | loss 9.5536 | ppl 14095.38 | lr 2e-06 | 26.7s
Epoch 01 | 00900/06880 | loss 9.5318 | ppl 13791.46 | lr 2.25e-06 | 30.0s
Epoch 01 | 01000/06880 | loss 9.5101 | ppl 13495.92 | lr 2.5e-06 | 33.4s
Epoch 01 | 01100/06880 | loss 9.4880 | ppl 13200.08 | lr 2.75e-06 | 36.8s
Epoch 01 | 01200/06880 | loss 9.4648 | ppl 12897.17 | lr 3e-06 | 40.1s
Epoch 01 | 01300/06880 | loss 9.4405 | ppl 12588.09 | lr 3.25e-06 | 43.4s
Epoch 01 | 01400/06880 | loss 9.4155 | ppl 12277.76 | lr 3.5e-06 | 46.7s
Epoch 01 | 01500/06880 | loss 9.3894 | ppl 11960.99 | lr 3.75e-06 | 50.1s
Epoch 01 | 01600/06880 | loss 9.3619 | ppl 11636.89 | lr 4e-06 | 53.6s
Epoch 01 | 01700/06880 | loss 9.3337 | ppl 11313.07 | lr 4.25e-06 | 56.8s
Epoch 01 | 01800/06880 | loss 9.3048 | ppl 10990.22 | lr 4.5e-06 | 60.1s
Epoch 01 | 01900/06880 | loss 9.2744 | ppl 10661.85 | lr 4.75e-06 | 63.4s
Epoch 01 | 02000/06880 | loss 9.2430 | ppl 10331.92 | lr 5e-06 | 66.6s
Epoch 01 | 02100/06880 | loss 9.2114 | ppl 10010.68 | lr 5.25e-06 | 69.8s
Epoch 01 | 02200/06880 | loss 9.1788 | ppl 9689.86 | lr 5.5e-06 | 73.1s
Epoch 01 | 02300/06880 | loss 9.1452 | ppl 9369.68 | lr 5.75e-06 | 76.4s
Epoch 01 | 02400/06880 | loss 9.1111 | ppl 9055.68 | lr 6e-06 | 79.7s
Epoch 01 | 02500/06880 | loss 9.0763 | ppl 8745.12 | lr 6.25e-06 | 82.9s
Epoch 01 | 02600/06880 | loss 9.0412 | ppl 8443.60 | lr 6.5e-06 | 86.1s
Epoch 01 | 02700/06880 | loss 9.0054 | ppl 8147.28 | lr 6.75e-06 | 89.4s
Epoch 01 | 02800/06880 | loss 8.9699 | ppl 7862.87 | lr 7e-06 | 92.7s
Epoch 01 | 02900/06880 | loss 8.9346 | ppl 7589.81 | lr 7.25e-06 | 96.0s
Epoch 01 | 03000/06880 | loss 8.8988 | ppl 7323.08 | lr 7.5e-06 | 99.3s
Epoch 01 | 03100/06880 | loss 8.8632 | ppl 7066.86 | lr 7.75e-06 | 102.5s
Epoch 01 | 03200/06880 | loss 8.8285 | ppl 6826.35 | lr 8e-06 | 105.8s
Epoch 01 | 03300/06880 | loss 8.7949 | ppl 6600.73 | lr 8.25e-06 | 109.1s
Epoch 01 | 03400/06880 | loss 8.7614 | ppl 6383.09 | lr 8.5e-06 | 112.4s
Epoch 01 | 03500/06880 | loss 8.7282 | ppl 6174.72 | lr 8.75e-06 | 115.7s
Epoch 01 | 03600/06880 | loss 8.6961 | ppl 5979.51 | lr 9e-06 | 119.2s
Epoch 01 | 03700/06880 | loss 8.6646 | ppl 5793.99 | lr 9.25e-06 | 122.4s
Epoch 01 | 03800/06880 | loss 8.6344 | ppl 5621.69 | lr 9.5e-06 | 125.6s
Epoch 01 | 03900/06880 | loss 8.6047 | ppl 5457.38 | lr 9.75e-06 | 128.9s
Epoch 01 | 04000/06880 | loss 8.5758 | ppl 5301.80 | lr 1e-05 | 132.1s
Epoch 01 | 04100/06880 | loss 8.5477 | ppl 5154.79 | lr 9.877296e-06 | 135.4s
Epoch 01 | 04200/06880 | loss 8.5205 | ppl 5016.69 | lr 9.759001e-06 | 138.7s
Epoch 01 | 04300/06880 | loss 8.4941 | ppl 4885.91 | lr 9.644856e-06 | 141.9s
Epoch 01 | 04400/06880 | loss 8.4680 | ppl 4760.16 | lr 9.534626e-06 | 145.1s
Epoch 01 | 04500/06880 | loss 8.4430 | ppl 4642.25 | lr 9.42809e-06 | 148.4s
Epoch 01 | 04600/06880 | loss 8.4181 | ppl 4528.38 | lr 9.325048e-06 | 151.7s
Epoch 01 | 04700/06880 | loss 8.3940 | ppl 4420.38 | lr 9.225312e-06 | 155.1s
Epoch 01 | 04800/06880 | loss 8.3699 | ppl 4315.26 | lr 9.128709e-06 | 158.4s
Epoch 01 | 04900/06880 | loss 8.3463 | ppl 4214.60 | lr 9.035079e-06 | 161.7s
Epoch 01 | 05000/06880 | loss 8.3235 | ppl 4119.39 | lr 8.944272e-06 | 164.9s
Epoch 01 | 05100/06880 | loss 8.3016 | ppl 4030.29 | lr 8.856149e-06 | 168.1s
Epoch 01 | 05200/06880 | loss 8.2798 | ppl 3943.56 | lr 8.77058e-06 | 171.3s
Epoch 01 | 05300/06880 | loss 8.2585 | ppl 3860.17 | lr 8.687445e-06 | 174.6s
Epoch 01 | 05400/06880 | loss 8.2373 | ppl 3779.43 | lr 8.60663e-06 | 177.9s
Epoch 01 | 05500/06880 | loss 8.2167 | ppl 3702.31 | lr 8.528029e-06 | 181.1s
Epoch 01 | 05600/06880 | loss 8.1967 | ppl 3628.96 | lr 8.451543e-06 | 184.3s
Epoch 01 | 05700/06880 | loss 8.1772 | ppl 3558.74 | lr 8.377078e-06 | 187.6s
Epoch 01 | 05800/06880 | loss 8.1577 | ppl 3490.29 | lr 8.304548e-06 | 191.0s
Epoch 01 | 05900/06880 | loss 8.1390 | ppl 3425.44 | lr 8.23387e-06 | 194.4s
Epoch 01 | 06000/06880 | loss 8.1206 | ppl 3363.03 | lr 8.164966e-06 | 197.7s
Epoch 01 | 06100/06880 | loss 8.1029 | ppl 3303.99 | lr 8.097763e-06 | 200.9s
Epoch 01 | 06200/06880 | loss 8.0852 | ppl 3246.03 | lr 8.032193e-06 | 204.1s
Epoch 01 | 06300/06880 | loss 8.0680 | ppl 3190.75 | lr 7.968191e-06 | 207.2s
Epoch 01 | 06400/06880 | loss 8.0510 | ppl 3137.07 | lr 7.905694e-06 | 210.5s
Epoch 01 | 06500/06880 | loss 8.0344 | ppl 3085.41 | lr 7.844645e-06 | 213.7s
Epoch 01 | 06600/06880 | loss 8.0181 | ppl 3035.36 | lr 7.784989e-06 | 216.8s
Epoch 01 | 06700/06880 | loss 8.0022 | ppl 2987.62 | lr 7.726674e-06 | 220.1s
Epoch 01 | 06800/06880 | loss 7.9864 | ppl 2940.58 | lr 7.66965e-06 | 223.4s
/data/student/i2311021/conda_envs/100-swing-drill-gpu/lib/python3.10/site-packages/torch/nn/modules/transformer.py:531: UserWarning: The PyTorch API of nested tensors is in prototype stage and will change in the near future. We recommend specifying layout=torch.jagged when constructing a nested tensor, as this layout receives active development, has better operator coverage, and works with torch.compile. (Triggered internally at /pytorch/aten/src/ATen/NestedTensorImpl.cpp:178.)
  output = torch._nested_tensor_from_mask(
Epoch 01 complete | train loss 7.9742 | dev loss 6.9999 | train BLEU 0.02 | dev BLEU 0.01 | 235.2s
Epoch 02 | 00100/06880 | loss 6.9181 | ppl 1010.36 | lr 7.570112e-06 | 3.3s
Epoch 02 | 00200/06880 | loss 6.9055 | ppl 997.78 | lr 7.51646e-06 | 6.4s
Epoch 02 | 00300/06880 | loss 6.8989 | ppl 991.20 | lr 7.463934e-06 | 9.6s
Epoch 02 | 00400/06880 | loss 6.8927 | ppl 985.09 | lr 7.412493e-06 | 12.8s
Epoch 02 | 00500/06880 | loss 6.8894 | ppl 981.82 | lr 7.362102e-06 | 16.0s
Epoch 02 | 00600/06880 | loss 6.8865 | ppl 978.94 | lr 7.312724e-06 | 19.3s
Epoch 02 | 00700/06880 | loss 6.8808 | ppl 973.45 | lr 7.264327e-06 | 22.6s
Epoch 02 | 00800/06880 | loss 6.8767 | ppl 969.38 | lr 7.216878e-06 | 25.9s
Epoch 02 | 00900/06880 | loss 6.8726 | ppl 965.43 | lr 7.170347e-06 | 29.3s
Epoch 02 | 01000/06880 | loss 6.8677 | ppl 960.77 | lr 7.124705e-06 | 32.8s
Epoch 02 | 01100/06880 | loss 6.8628 | ppl 956.04 | lr 7.079923e-06 | 36.1s
Epoch 02 | 01200/06880 | loss 6.8587 | ppl 952.14 | lr 7.035975e-06 | 39.4s
Epoch 02 | 01300/06880 | loss 6.8544 | ppl 948.06 | lr 6.992836e-06 | 42.7s
Epoch 02 | 01400/06880 | loss 6.8501 | ppl 943.96 | lr 6.95048e-06 | 46.0s
Epoch 02 | 01500/06880 | loss 6.8464 | ppl 940.50 | lr 6.908885e-06 | 49.3s
Epoch 02 | 01600/06880 | loss 6.8422 | ppl 936.59 | lr 6.868028e-06 | 52.5s
Epoch 02 | 01700/06880 | loss 6.8385 | ppl 933.08 | lr 6.827887e-06 | 55.8s
Epoch 02 | 01800/06880 | loss 6.8346 | ppl 929.49 | lr 6.788442e-06 | 59.1s
Epoch 02 | 01900/06880 | loss 6.8301 | ppl 925.28 | lr 6.749673e-06 | 62.3s
Epoch 02 | 02000/06880 | loss 6.8262 | ppl 921.69 | lr 6.711561e-06 | 65.7s
Epoch 02 | 02100/06880 | loss 6.8222 | ppl 918.00 | lr 6.674086e-06 | 69.0s
Epoch 02 | 02200/06880 | loss 6.8186 | ppl 914.71 | lr 6.637233e-06 | 72.2s
Epoch 02 | 02300/06880 | loss 6.8147 | ppl 911.17 | lr 6.600984e-06 | 75.5s
Epoch 02 | 02400/06880 | loss 6.8106 | ppl 907.41 | lr 6.565322e-06 | 78.8s
Epoch 02 | 02500/06880 | loss 6.8068 | ppl 903.94 | lr 6.530231e-06 | 82.0s
Epoch 02 | 02600/06880 | loss 6.8026 | ppl 900.16 | lr 6.495698e-06 | 85.3s
Epoch 02 | 02700/06880 | loss 6.7989 | ppl 896.86 | lr 6.461707e-06 | 88.6s
Epoch 02 | 02800/06880 | loss 6.7949 | ppl 893.24 | lr 6.428243e-06 | 91.8s
Epoch 02 | 02900/06880 | loss 6.7911 | ppl 889.90 | lr 6.395295e-06 | 95.1s
Epoch 02 | 03000/06880 | loss 6.7873 | ppl 886.48 | lr 6.362848e-06 | 98.4s
Epoch 02 | 03100/06880 | loss 6.7838 | ppl 883.42 | lr 6.330889e-06 | 101.7s
Epoch 02 | 03200/06880 | loss 6.7802 | ppl 880.20 | lr 6.299408e-06 | 104.9s
Epoch 02 | 03300/06880 | loss 6.7768 | ppl 877.26 | lr 6.268391e-06 | 108.2s
Epoch 02 | 03400/06880 | loss 6.7734 | ppl 874.26 | lr 6.237829e-06 | 111.5s
Epoch 02 | 03500/06880 | loss 6.7697 | ppl 871.06 | lr 6.207709e-06 | 114.8s
Epoch 02 | 03600/06880 | loss 6.7664 | ppl 868.17 | lr 6.178021e-06 | 118.2s
Epoch 02 | 03700/06880 | loss 6.7629 | ppl 865.15 | lr 6.148755e-06 | 121.6s
Epoch 02 | 03800/06880 | loss 6.7597 | ppl 862.39 | lr 6.119901e-06 | 124.8s
Epoch 02 | 03900/06880 | loss 6.7563 | ppl 859.44 | lr 6.091449e-06 | 127.9s
Epoch 02 | 04000/06880 | loss 6.7532 | ppl 856.80 | lr 6.063391e-06 | 131.1s
Epoch 02 | 04100/06880 | loss 6.7500 | ppl 854.05 | lr 6.035716e-06 | 134.3s
Epoch 02 | 04200/06880 | loss 6.7468 | ppl 851.35 | lr 6.008418e-06 | 137.6s
Epoch 02 | 04300/06880 | loss 6.7432 | ppl 848.28 | lr 5.981486e-06 | 140.9s
Epoch 02 | 04400/06880 | loss 6.7403 | ppl 845.85 | lr 5.954913e-06 | 144.1s
Epoch 02 | 04500/06880 | loss 6.7371 | ppl 843.13 | lr 5.928692e-06 | 147.4s
Epoch 02 | 04600/06880 | loss 6.7343 | ppl 840.78 | lr 5.902813e-06 | 150.6s
Epoch 02 | 04700/06880 | loss 6.7314 | ppl 838.29 | lr 5.877271e-06 | 153.9s
Epoch 02 | 04800/06880 | loss 6.7285 | ppl 835.90 | lr 5.852057e-06 | 157.1s
Epoch 02 | 04900/06880 | loss 6.7254 | ppl 833.29 | lr 5.827165e-06 | 160.4s
Epoch 02 | 05000/06880 | loss 6.7222 | ppl 830.63 | lr 5.802589e-06 | 163.7s
Epoch 02 | 05100/06880 | loss 6.7193 | ppl 828.20 | lr 5.77832e-06 | 167.0s
Epoch 02 | 05200/06880 | loss 6.7165 | ppl 825.90 | lr 5.754353e-06 | 170.2s
Epoch 02 | 05300/06880 | loss 6.7135 | ppl 823.49 | lr 5.730683e-06 | 173.3s
Epoch 02 | 05400/06880 | loss 6.7107 | ppl 821.13 | lr 5.707301e-06 | 176.5s
Epoch 02 | 05500/06880 | loss 6.7078 | ppl 818.75 | lr 5.684204e-06 | 179.8s
Epoch 02 | 05600/06880 | loss 6.7050 | ppl 816.44 | lr 5.661385e-06 | 183.0s
Epoch 02 | 05700/06880 | loss 6.7020 | ppl 814.05 | lr 5.638839e-06 | 186.3s
Epoch 02 | 05800/06880 | loss 6.6992 | ppl 811.78 | lr 5.61656e-06 | 189.5s
Epoch 02 | 05900/06880 | loss 6.6965 | ppl 809.59 | lr 5.594542e-06 | 192.8s
Epoch 02 | 06000/06880 | loss 6.6937 | ppl 807.28 | lr 5.572782e-06 | 196.1s
Epoch 02 | 06100/06880 | loss 6.6910 | ppl 805.11 | lr 5.551274e-06 | 199.4s
Epoch 02 | 06200/06880 | loss 6.6882 | ppl 802.90 | lr 5.530013e-06 | 202.7s
Epoch 02 | 06300/06880 | loss 6.6855 | ppl 800.73 | lr 5.508994e-06 | 205.8s
Epoch 02 | 06400/06880 | loss 6.6827 | ppl 798.51 | lr 5.488213e-06 | 209.1s
Epoch 02 | 06500/06880 | loss 6.6803 | ppl 796.52 | lr 5.467666e-06 | 212.3s
Epoch 02 | 06600/06880 | loss 6.6776 | ppl 794.42 | lr 5.447347e-06 | 215.6s
Epoch 02 | 06700/06880 | loss 6.6751 | ppl 792.45 | lr 5.427254e-06 | 218.8s
Epoch 02 | 06800/06880 | loss 6.6725 | ppl 790.37 | lr 5.407381e-06 | 222.0s
Epoch 02 complete | train loss 6.6706 | dev loss 6.5878 | train BLEU 0.40 | dev BLEU 0.24 | 232.9s
Epoch 03 | 00100/06880 | loss 6.5028 | ppl 667.02 | lr 5.372153e-06 | 3.3s
Epoch 03 | 00200/06880 | loss 6.4944 | ppl 661.46 | lr 5.352877e-06 | 6.6s
Epoch 03 | 00300/06880 | loss 6.4891 | ppl 657.92 | lr 5.333807e-06 | 9.8s
Epoch 03 | 00400/06880 | loss 6.4858 | ppl 655.79 | lr 5.31494e-06 | 13.1s
Epoch 03 | 00500/06880 | loss 6.4816 | ppl 652.98 | lr 5.296271e-06 | 16.3s
Epoch 03 | 00600/06880 | loss 6.4820 | ppl 653.28 | lr 5.277798e-06 | 19.6s
Epoch 03 | 00700/06880 | loss 6.4809 | ppl 652.53 | lr 5.259517e-06 | 22.8s
Epoch 03 | 00800/06880 | loss 6.4784 | ppl 650.96 | lr 5.241424e-06 | 26.1s
Epoch 03 | 00900/06880 | loss 6.4766 | ppl 649.76 | lr 5.223517e-06 | 29.4s
Epoch 03 | 01000/06880 | loss 6.4738 | ppl 647.94 | lr 5.205792e-06 | 32.6s
Epoch 03 | 01100/06880 | loss 6.4725 | ppl 647.08 | lr 5.188246e-06 | 35.9s
Epoch 03 | 01200/06880 | loss 6.4704 | ppl 645.75 | lr 5.170877e-06 | 39.2s
Epoch 03 | 01300/06880 | loss 6.4685 | ppl 644.53 | lr 5.153681e-06 | 42.5s
Epoch 03 | 01400/06880 | loss 6.4666 | ppl 643.29 | lr 5.136655e-06 | 45.7s
Epoch 03 | 01500/06880 | loss 6.4647 | ppl 642.06 | lr 5.119797e-06 | 49.0s
Epoch 03 | 01600/06880 | loss 6.4628 | ppl 640.88 | lr 5.103104e-06 | 52.3s
Epoch 03 | 01700/06880 | loss 6.4614 | ppl 639.97 | lr 5.086573e-06 | 55.5s
Epoch 03 | 01800/06880 | loss 6.4593 | ppl 638.60 | lr 5.070201e-06 | 58.7s
Epoch 03 | 01900/06880 | loss 6.4572 | ppl 637.25 | lr 5.053987e-06 | 61.8s
Epoch 03 | 02000/06880 | loss 6.4555 | ppl 636.20 | lr 5.037927e-06 | 65.1s
Epoch 03 | 02100/06880 | loss 6.4541 | ppl 635.29 | lr 5.02202e-06 | 68.4s
Epoch 03 | 02200/06880 | loss 6.4521 | ppl 634.05 | lr 5.006262e-06 | 71.5s
Epoch 03 | 02300/06880 | loss 6.4509 | ppl 633.29 | lr 4.990651e-06 | 74.8s
Epoch 03 | 02400/06880 | loss 6.4498 | ppl 632.58 | lr 4.975186e-06 | 78.0s
Epoch 03 | 02500/06880 | loss 6.4483 | ppl 631.62 | lr 4.959864e-06 | 81.2s
Epoch 03 | 02600/06880 | loss 6.4467 | ppl 630.62 | lr 4.944682e-06 | 84.5s
Epoch 03 | 02700/06880 | loss 6.4448 | ppl 629.42 | lr 4.929639e-06 | 87.7s
Epoch 03 | 02800/06880 | loss 6.4437 | ppl 628.75 | lr 4.914732e-06 | 91.0s
Epoch 03 | 02900/06880 | loss 6.4420 | ppl 627.69 | lr 4.89996e-06 | 94.2s
Epoch 03 | 03000/06880 | loss 6.4402 | ppl 626.54 | lr 4.88532e-06 | 97.5s
Epoch 03 | 03100/06880 | loss 6.4388 | ppl 625.66 | lr 4.87081e-06 | 100.7s
Epoch 03 | 03200/06880 | loss 6.4375 | ppl 624.83 | lr 4.856429e-06 | 104.0s
Epoch 03 | 03300/06880 | loss 6.4356 | ppl 623.68 | lr 4.842175e-06 | 107.3s
Epoch 03 | 03400/06880 | loss 6.4342 | ppl 622.78 | lr 4.828045e-06 | 110.4s
Epoch 03 | 03500/06880 | loss 6.4325 | ppl 621.76 | lr 4.814039e-06 | 113.6s
Epoch 03 | 03600/06880 | loss 6.4313 | ppl 620.97 | lr 4.800154e-06 | 116.7s
Epoch 03 | 03700/06880 | loss 6.4296 | ppl 619.91 | lr 4.786388e-06 | 119.9s
Epoch 03 | 03800/06880 | loss 6.4284 | ppl 619.16 | lr 4.77274e-06 | 123.1s
Epoch 03 | 03900/06880 | loss 6.4266 | ppl 618.07 | lr 4.759208e-06 | 126.3s
Epoch 03 | 04000/06880 | loss 6.4254 | ppl 617.32 | lr 4.74579e-06 | 129.7s
Epoch 03 | 04100/06880 | loss 6.4240 | ppl 616.49 | lr 4.732485e-06 | 133.1s
Epoch 03 | 04200/06880 | loss 6.4227 | ppl 615.64 | lr 4.719292e-06 | 136.4s
Epoch 03 | 04300/06880 | loss 6.4213 | ppl 614.80 | lr 4.706208e-06 | 139.7s
Epoch 03 | 04400/06880 | loss 6.4201 | ppl 614.08 | lr 4.693233e-06 | 143.0s
Epoch 03 | 04500/06880 | loss 6.4186 | ppl 613.17 | lr 4.680364e-06 | 146.3s
Epoch 03 | 04600/06880 | loss 6.4170 | ppl 612.18 | lr 4.6676e-06 | 149.6s
Epoch 03 | 04700/06880 | loss 6.4156 | ppl 611.30 | lr 4.654941e-06 | 152.8s
Epoch 03 | 04800/06880 | loss 6.4141 | ppl 610.37 | lr 4.642383e-06 | 156.1s
Epoch 03 | 04900/06880 | loss 6.4127 | ppl 609.53 | lr 4.629927e-06 | 159.3s
Epoch 03 | 05000/06880 | loss 6.4112 | ppl 608.62 | lr 4.617571e-06 | 162.5s
Epoch 03 | 05100/06880 | loss 6.4094 | ppl 607.52 | lr 4.605313e-06 | 165.8s
Epoch 03 | 05200/06880 | loss 6.4076 | ppl 606.43 | lr 4.593152e-06 | 169.1s
Epoch 03 | 05300/06880 | loss 6.4062 | ppl 605.57 | lr 4.581087e-06 | 172.4s
Epoch 03 | 05400/06880 | loss 6.4045 | ppl 604.58 | lr 4.569117e-06 | 175.8s
Epoch 03 | 05500/06880 | loss 6.4029 | ppl 603.60 | lr 4.55724e-06 | 179.3s
Epoch 03 | 05600/06880 | loss 6.4016 | ppl 602.83 | lr 4.545455e-06 | 182.6s
Epoch 03 | 05700/06880 | loss 6.4003 | ppl 602.02 | lr 4.533761e-06 | 185.8s
Epoch 03 | 05800/06880 | loss 6.3990 | ppl 601.22 | lr 4.522156e-06 | 189.1s
Epoch 03 | 05900/06880 | loss 6.3975 | ppl 600.34 | lr 4.510641e-06 | 192.2s
Epoch 03 | 06000/06880 | loss 6.3962 | ppl 599.56 | lr 4.499213e-06 | 195.3s
Epoch 03 | 06100/06880 | loss 6.3950 | ppl 598.87 | lr 4.487871e-06 | 198.6s
Epoch 03 | 06200/06880 | loss 6.3937 | ppl 598.06 | lr 4.476615e-06 | 201.9s
Epoch 03 | 06300/06880 | loss 6.3926 | ppl 597.39 | lr 4.465443e-06 | 205.0s
Epoch 03 | 06400/06880 | loss 6.3912 | ppl 596.55 | lr 4.454354e-06 | 208.3s
Epoch 03 | 06500/06880 | loss 6.3897 | ppl 595.70 | lr 4.443347e-06 | 211.6s
Epoch 03 | 06600/06880 | loss 6.3885 | ppl 594.98 | lr 4.432422e-06 | 215.0s
Epoch 03 | 06700/06880 | loss 6.3875 | ppl 594.35 | lr 4.421577e-06 | 218.6s
Epoch 03 | 06800/06880 | loss 6.3863 | ppl 593.63 | lr 4.410811e-06 | 222.1s
Epoch 03 complete | train loss 6.3851 | dev loss 6.3909 | train BLEU 0.45 | dev BLEU 0.25 | 233.7s
Epoch 04 | 00100/06880 | loss 6.2971 | ppl 543.02 | lr 4.391629e-06 | 3.4s
Epoch 04 | 00200/06880 | loss 6.2876 | ppl 537.86 | lr 4.38108e-06 | 6.7s
Epoch 04 | 00300/06880 | loss 6.2878 | ppl 537.96 | lr 4.370606e-06 | 10.0s
Epoch 04 | 00400/06880 | loss 6.2847 | ppl 536.30 | lr 4.360207e-06 | 13.4s
Epoch 04 | 00500/06880 | loss 6.2850 | ppl 536.49 | lr 4.349882e-06 | 16.7s
Epoch 04 | 00600/06880 | loss 6.2839 | ppl 535.87 | lr 4.33963e-06 | 20.0s
Epoch 04 | 00700/06880 | loss 6.2824 | ppl 535.05 | lr 4.329451e-06 | 23.3s
Epoch 04 | 00800/06880 | loss 6.2827 | ppl 535.24 | lr 4.319342e-06 | 26.6s
Epoch 04 | 00900/06880 | loss 6.2816 | ppl 534.63 | lr 4.309304e-06 | 29.8s
Epoch 04 | 01000/06880 | loss 6.2805 | ppl 534.06 | lr 4.299336e-06 | 33.1s
Epoch 04 | 01100/06880 | loss 6.2787 | ppl 533.11 | lr 4.289436e-06 | 36.4s
Epoch 04 | 01200/06880 | loss 6.2772 | ppl 532.29 | lr 4.279605e-06 | 39.9s
Epoch 04 | 01300/06880 | loss 6.2761 | ppl 531.73 | lr 4.269841e-06 | 43.2s
Epoch 04 | 01400/06880 | loss 6.2754 | ppl 531.36 | lr 4.260143e-06 | 46.4s
Epoch 04 | 01500/06880 | loss 6.2748 | ppl 531.02 | lr 4.250511e-06 | 49.6s
Epoch 04 | 01600/06880 | loss 6.2735 | ppl 530.35 | lr 4.240945e-06 | 52.8s
Epoch 04 | 01700/06880 | loss 6.2719 | ppl 529.50 | lr 4.231442e-06 | 55.9s
Epoch 04 | 01800/06880 | loss 6.2712 | ppl 529.11 | lr 4.222003e-06 | 59.0s
Epoch 04 | 01900/06880 | loss 6.2693 | ppl 528.09 | lr 4.212627e-06 | 62.1s
Epoch 04 | 02000/06880 | loss 6.2676 | ppl 527.22 | lr 4.203314e-06 | 65.4s
Epoch 04 | 02100/06880 | loss 6.2663 | ppl 526.55 | lr 4.194061e-06 | 68.6s
Epoch 04 | 02200/06880 | loss 6.2657 | ppl 526.23 | lr 4.18487e-06 | 71.9s
Epoch 04 | 02300/06880 | loss 6.2650 | ppl 525.83 | lr 4.175738e-06 | 75.1s
Epoch 04 | 02400/06880 | loss 6.2644 | ppl 525.54 | lr 4.166667e-06 | 78.4s
Epoch 04 | 02500/06880 | loss 6.2634 | ppl 525.00 | lr 4.157654e-06 | 81.7s
Epoch 04 | 02600/06880 | loss 6.2625 | ppl 524.53 | lr 4.148699e-06 | 85.0s
Epoch 04 | 02700/06880 | loss 6.2616 | ppl 524.05 | lr 4.139802e-06 | 88.2s
Epoch 04 | 02800/06880 | loss 6.2604 | ppl 523.45 | lr 4.130962e-06 | 91.5s
Epoch 04 | 02900/06880 | loss 6.2592 | ppl 522.82 | lr 4.122178e-06 | 94.9s
Epoch 04 | 03000/06880 | loss 6.2585 | ppl 522.44 | lr 4.11345e-06 | 98.3s
Epoch 04 | 03100/06880 | loss 6.2578 | ppl 522.05 | lr 4.104778e-06 | 101.5s
Epoch 04 | 03200/06880 | loss 6.2568 | ppl 521.56 | lr 4.09616e-06 | 104.8s
Epoch 04 | 03300/06880 | loss 6.2559 | ppl 521.05 | lr 4.087596e-06 | 108.0s
Epoch 04 | 03400/06880 | loss 6.2549 | ppl 520.58 | lr 4.079085e-06 | 111.4s
Epoch 04 | 03500/06880 | loss 6.2540 | ppl 520.09 | lr 4.070628e-06 | 114.9s
Epoch 04 | 03600/06880 | loss 6.2530 | ppl 519.58 | lr 4.062222e-06 | 118.2s
Epoch 04 | 03700/06880 | loss 6.2523 | ppl 519.20 | lr 4.053869e-06 | 121.6s
Epoch 04 | 03800/06880 | loss 6.2514 | ppl 518.76 | lr 4.045567e-06 | 124.8s
Epoch 04 | 03900/06880 | loss 6.2503 | ppl 518.17 | lr 4.037316e-06 | 128.1s
Epoch 04 | 04000/06880 | loss 6.2494 | ppl 517.69 | lr 4.029115e-06 | 131.4s
Epoch 04 | 04100/06880 | loss 6.2489 | ppl 517.45 | lr 4.020964e-06 | 134.7s
Epoch 04 | 04200/06880 | loss 6.2477 | ppl 516.81 | lr 4.012862e-06 | 138.2s
Epoch 04 | 04300/06880 | loss 6.2466 | ppl 516.28 | lr 4.004809e-06 | 141.4s
Epoch 04 | 04400/06880 | loss 6.2454 | ppl 515.64 | lr 3.996804e-06 | 144.6s
Epoch 04 | 04500/06880 | loss 6.2448 | ppl 515.30 | lr 3.988847e-06 | 147.9s
Epoch 04 | 04600/06880 | loss 6.2437 | ppl 514.76 | lr 3.980937e-06 | 151.1s
Epoch 04 | 04700/06880 | loss 6.2427 | ppl 514.23 | lr 3.973074e-06 | 154.5s
Epoch 04 | 04800/06880 | loss 6.2414 | ppl 513.59 | lr 3.965258e-06 | 157.8s
Epoch 04 | 04900/06880 | loss 6.2407 | ppl 513.21 | lr 3.957487e-06 | 161.0s
Epoch 04 | 05000/06880 | loss 6.2399 | ppl 512.81 | lr 3.949763e-06 | 164.3s
Epoch 04 | 05100/06880 | loss 6.2391 | ppl 512.40 | lr 3.942083e-06 | 167.6s
Epoch 04 | 05200/06880 | loss 6.2381 | ppl 511.88 | lr 3.934447e-06 | 170.9s
Epoch 04 | 05300/06880 | loss 6.2371 | ppl 511.39 | lr 3.926856e-06 | 174.1s
Epoch 04 | 05400/06880 | loss 6.2363 | ppl 510.98 | lr 3.919309e-06 | 177.3s
Epoch 04 | 05500/06880 | loss 6.2352 | ppl 510.41 | lr 3.911805e-06 | 180.6s
Epoch 04 | 05600/06880 | loss 6.2342 | ppl 509.87 | lr 3.904344e-06 | 183.8s
Epoch 04 | 05700/06880 | loss 6.2332 | ppl 509.40 | lr 3.896926e-06 | 187.1s
Epoch 04 | 05800/06880 | loss 6.2325 | ppl 509.04 | lr 3.889549e-06 | 190.3s
Epoch 04 | 05900/06880 | loss 6.2316 | ppl 508.54 | lr 3.882215e-06 | 193.6s
Epoch 04 | 06000/06880 | loss 6.2307 | ppl 508.12 | lr 3.874921e-06 | 197.1s
Epoch 04 | 06100/06880 | loss 6.2302 | ppl 507.84 | lr 3.867669e-06 | 200.4s
Epoch 04 | 06200/06880 | loss 6.2294 | ppl 507.45 | lr 3.860457e-06 | 203.6s
Epoch 04 | 06300/06880 | loss 6.2285 | ppl 507.01 | lr 3.853286e-06 | 206.9s
Epoch 04 | 06400/06880 | loss 6.2276 | ppl 506.56 | lr 3.846154e-06 | 210.1s
Epoch 04 | 06500/06880 | loss 6.2268 | ppl 506.12 | lr 3.839062e-06 | 213.4s
Epoch 04 | 06600/06880 | loss 6.2257 | ppl 505.57 | lr 3.832008e-06 | 216.5s
Epoch 04 | 06700/06880 | loss 6.2247 | ppl 505.09 | lr 3.824994e-06 | 219.6s
Epoch 04 | 06800/06880 | loss 6.2238 | ppl 504.60 | lr 3.818018e-06 | 222.7s
Epoch 04 complete | train loss 6.2231 | dev loss 6.2646 | train BLEU 0.47 | dev BLEU 0.49 | 233.8s
Epoch 05 | 00100/06880 | loss 6.1561 | ppl 471.60 | lr 3.805556e-06 | 3.3s
Epoch 05 | 00200/06880 | loss 6.1554 | ppl 471.26 | lr 3.798686e-06 | 6.4s
Epoch 05 | 00300/06880 | loss 6.1564 | ppl 471.72 | lr 3.791852e-06 | 9.7s
Epoch 05 | 00400/06880 | loss 6.1582 | ppl 472.59 | lr 3.785056e-06 | 13.0s
Epoch 05 | 00500/06880 | loss 6.1550 | ppl 471.09 | lr 3.778296e-06 | 16.3s
Epoch 05 | 00600/06880 | loss 6.1532 | ppl 470.20 | lr 3.771571e-06 | 19.5s
Epoch 05 | 00700/06880 | loss 6.1530 | ppl 470.14 | lr 3.764883e-06 | 22.8s
Epoch 05 | 00800/06880 | loss 6.1525 | ppl 469.90 | lr 3.75823e-06 | 26.0s
Epoch 05 | 00900/06880 | loss 6.1533 | ppl 470.28 | lr 3.751612e-06 | 29.3s
Epoch 05 | 01000/06880 | loss 6.1522 | ppl 469.74 | lr 3.745029e-06 | 32.7s
Epoch 05 | 01100/06880 | loss 6.1528 | ppl 470.04 | lr 3.738481e-06 | 36.1s
Epoch 05 | 01200/06880 | loss 6.1535 | ppl 470.34 | lr 3.731967e-06 | 39.7s
Epoch 05 | 01300/06880 | loss 6.1527 | ppl 470.01 | lr 3.725487e-06 | 42.9s
Epoch 05 | 01400/06880 | loss 6.1514 | ppl 469.37 | lr 3.71904e-06 | 46.3s
Epoch 05 | 01500/06880 | loss 6.1502 | ppl 468.79 | lr 3.712627e-06 | 49.6s
Epoch 05 | 01600/06880 | loss 6.1493 | ppl 468.41 | lr 3.706247e-06 | 52.8s
Epoch 05 | 01700/06880 | loss 6.1485 | ppl 468.03 | lr 3.699899e-06 | 56.0s
Epoch 05 | 01800/06880 | loss 6.1474 | ppl 467.52 | lr 3.693584e-06 | 59.6s
Epoch 05 | 01900/06880 | loss 6.1459 | ppl 466.80 | lr 3.687302e-06 | 62.9s
Epoch 05 | 02000/06880 | loss 6.1457 | ppl 466.69 | lr 3.681051e-06 | 66.2s
Epoch 05 | 02100/06880 | loss 6.1441 | ppl 465.97 | lr 3.674832e-06 | 69.4s
Epoch 05 | 02200/06880 | loss 6.1437 | ppl 465.77 | lr 3.668644e-06 | 72.7s
Epoch 05 | 02300/06880 | loss 6.1425 | ppl 465.22 | lr 3.662488e-06 | 76.0s
Epoch 05 | 02400/06880 | loss 6.1411 | ppl 464.57 | lr 3.656362e-06 | 79.3s
Epoch 05 | 02500/06880 | loss 6.1406 | ppl 464.31 | lr 3.650267e-06 | 82.5s
Epoch 05 | 02600/06880 | loss 6.1404 | ppl 464.24 | lr 3.644203e-06 | 85.8s
Epoch 05 | 02700/06880 | loss 6.1396 | ppl 463.85 | lr 3.638168e-06 | 89.2s
Epoch 05 | 02800/06880 | loss 6.1397 | ppl 463.91 | lr 3.632164e-06 | 92.4s
Epoch 05 | 02900/06880 | loss 6.1390 | ppl 463.59 | lr 3.626189e-06 | 95.5s
Epoch 05 | 03000/06880 | loss 6.1382 | ppl 463.23 | lr 3.620243e-06 | 98.6s
Epoch 05 | 03100/06880 | loss 6.1375 | ppl 462.88 | lr 3.614327e-06 | 101.9s
Epoch 05 | 03200/06880 | loss 6.1371 | ppl 462.69 | lr 3.608439e-06 | 105.2s
Epoch 05 | 03300/06880 | loss 6.1362 | ppl 462.29 | lr 3.60258e-06 | 108.6s
Epoch 05 | 03400/06880 | loss 6.1357 | ppl 462.06 | lr 3.59675e-06 | 111.8s
Epoch 05 | 03500/06880 | loss 6.1349 | ppl 461.68 | lr 3.590948e-06 | 115.1s
Epoch 05 | 03600/06880 | loss 6.1340 | ppl 461.30 | lr 3.585174e-06 | 118.3s
Epoch 05 | 03700/06880 | loss 6.1331 | ppl 460.84 | lr 3.579427e-06 | 121.6s
Epoch 05 | 03800/06880 | loss 6.1326 | ppl 460.64 | lr 3.573708e-06 | 124.8s
Epoch 05 | 03900/06880 | loss 6.1318 | ppl 460.27 | lr 3.568017e-06 | 128.1s
Epoch 05 | 04000/06880 | loss 6.1314 | ppl 460.06 | lr 3.562352e-06 | 131.5s
Epoch 05 | 04100/06880 | loss 6.1309 | ppl 459.83 | lr 3.556715e-06 | 134.7s
Epoch 05 | 04200/06880 | loss 6.1301 | ppl 459.48 | lr 3.551104e-06 | 138.0s
Epoch 05 | 04300/06880 | loss 6.1295 | ppl 459.21 | lr 3.54552e-06 | 141.2s
Epoch 05 | 04400/06880 | loss 6.1288 | ppl 458.89 | lr 3.539962e-06 | 144.5s
Epoch 05 | 04500/06880 | loss 6.1279 | ppl 458.49 | lr 3.53443e-06 | 147.8s
Epoch 05 | 04600/06880 | loss 6.1274 | ppl 458.25 | lr 3.528923e-06 | 151.1s
Epoch 05 | 04700/06880 | loss 6.1267 | ppl 457.94 | lr 3.523443e-06 | 154.3s
Epoch 05 | 04800/06880 | loss 6.1260 | ppl 457.60 | lr 3.517988e-06 | 157.6s
Epoch 05 | 04900/06880 | loss 6.1253 | ppl 457.28 | lr 3.512558e-06 | 160.9s
Epoch 05 | 05000/06880 | loss 6.1244 | ppl 456.88 | lr 3.507153e-06 | 164.1s
Epoch 05 | 05100/06880 | loss 6.1235 | ppl 456.47 | lr 3.501773e-06 | 167.3s
Epoch 05 | 05200/06880 | loss 6.1226 | ppl 456.04 | lr 3.496418e-06 | 170.6s
Epoch 05 | 05300/06880 | loss 6.1219 | ppl 455.73 | lr 3.491087e-06 | 173.8s
Epoch 05 | 05400/06880 | loss 6.1213 | ppl 455.47 | lr 3.485781e-06 | 177.0s
Epoch 05 | 05500/06880 | loss 6.1206 | ppl 455.12 | lr 3.480499e-06 | 180.2s
Epoch 05 | 05600/06880 | loss 6.1198 | ppl 454.75 | lr 3.47524e-06 | 183.3s
Epoch 05 | 05700/06880 | loss 6.1196 | ppl 454.68 | lr 3.470006e-06 | 186.4s
Epoch 05 | 05800/06880 | loss 6.1191 | ppl 454.44 | lr 3.464795e-06 | 189.7s
Epoch 05 | 05900/06880 | loss 6.1187 | ppl 454.27 | lr 3.459607e-06 | 193.0s
Epoch 05 | 06000/06880 | loss 6.1178 | ppl 453.85 | lr 3.454443e-06 | 196.4s
Epoch 05 | 06100/06880 | loss 6.1174 | ppl 453.66 | lr 3.449301e-06 | 199.6s
Epoch 05 | 06200/06880 | loss 6.1167 | ppl 453.35 | lr 3.444183e-06 | 202.8s
Epoch 05 | 06300/06880 | loss 6.1160 | ppl 453.04 | lr 3.439087e-06 | 206.1s
Epoch 05 | 06400/06880 | loss 6.1153 | ppl 452.74 | lr 3.434014e-06 | 209.4s
Epoch 05 | 06500/06880 | loss 6.1148 | ppl 452.53 | lr 3.428963e-06 | 212.7s
Epoch 05 | 06600/06880 | loss 6.1142 | ppl 452.21 | lr 3.423935e-06 | 216.0s
Epoch 05 | 06700/06880 | loss 6.1135 | ppl 451.93 | lr 3.418928e-06 | 219.3s
Epoch 05 | 06800/06880 | loss 6.1129 | ppl 451.65 | lr 3.413944e-06 | 222.6s
Epoch 05 complete | train loss 6.1126 | dev loss 6.1731 | train BLEU 0.73 | dev BLEU 0.59 | 233.6s
Epoch 06 | 00100/06880 | loss 6.0856 | ppl 439.46 | lr 3.405026e-06 | 3.2s
Epoch 06 | 00200/06880 | loss 6.0742 | ppl 434.52 | lr 3.400102e-06 | 6.4s
Epoch 06 | 00300/06880 | loss 6.0721 | ppl 433.58 | lr 3.395199e-06 | 9.7s
Epoch 06 | 00400/06880 | loss 6.0695 | ppl 432.47 | lr 3.390318e-06 | 12.9s
Epoch 06 | 00500/06880 | loss 6.0670 | ppl 431.39 | lr 3.385457e-06 | 16.2s
Epoch 06 | 00600/06880 | loss 6.0645 | ppl 430.32 | lr 3.380617e-06 | 19.6s
Epoch 06 | 00700/06880 | loss 6.0645 | ppl 430.33 | lr 3.375798e-06 | 22.8s
Epoch 06 | 00800/06880 | loss 6.0644 | ppl 430.27 | lr 3.370999e-06 | 26.1s
Epoch 06 | 00900/06880 | loss 6.0641 | ppl 430.13 | lr 3.366221e-06 | 29.3s
Epoch 06 | 01000/06880 | loss 6.0626 | ppl 429.51 | lr 3.361463e-06 | 32.6s
Epoch 06 | 01100/06880 | loss 6.0629 | ppl 429.62 | lr 3.356725e-06 | 35.7s
Epoch 06 | 01200/06880 | loss 6.0633 | ppl 429.80 | lr 3.352008e-06 | 39.1s
Epoch 06 | 01300/06880 | loss 6.0621 | ppl 429.29 | lr 3.34731e-06 | 42.4s
Epoch 06 | 01400/06880 | loss 6.0617 | ppl 429.09 | lr 3.342631e-06 | 45.6s
Epoch 06 | 01500/06880 | loss 6.0607 | ppl 428.67 | lr 3.337973e-06 | 48.9s
Epoch 06 | 01600/06880 | loss 6.0598 | ppl 428.27 | lr 3.333333e-06 | 52.3s
Epoch 06 | 01700/06880 | loss 6.0594 | ppl 428.12 | lr 3.328713e-06 | 55.6s
Epoch 06 | 01800/06880 | loss 6.0589 | ppl 427.90 | lr 3.324112e-06 | 58.9s
Epoch 06 | 01900/06880 | loss 6.0585 | ppl 427.74 | lr 3.319531e-06 | 62.1s
Epoch 06 | 02000/06880 | loss 6.0581 | ppl 427.58 | lr 3.314968e-06 | 65.3s
Epoch 06 | 02100/06880 | loss 6.0573 | ppl 427.24 | lr 3.310424e-06 | 68.6s
Epoch 06 | 02200/06880 | loss 6.0560 | ppl 426.65 | lr 3.305898e-06 | 71.8s
Epoch 06 | 02300/06880 | loss 6.0554 | ppl 426.39 | lr 3.301391e-06 | 75.1s
Epoch 06 | 02400/06880 | loss 6.0547 | ppl 426.10 | lr 3.296902e-06 | 78.3s
Epoch 06 | 02500/06880 | loss 6.0542 | ppl 425.88 | lr 3.292432e-06 | 81.6s
Epoch 06 | 02600/06880 | loss 6.0537 | ppl 425.69 | lr 3.28798e-06 | 84.9s
Epoch 06 | 02700/06880 | loss 6.0531 | ppl 425.44 | lr 3.283546e-06 | 88.1s
Epoch 06 | 02800/06880 | loss 6.0525 | ppl 425.17 | lr 3.279129e-06 | 91.3s
Epoch 06 | 02900/06880 | loss 6.0519 | ppl 424.93 | lr 3.274731e-06 | 94.6s
Epoch 06 | 03000/06880 | loss 6.0511 | ppl 424.60 | lr 3.27035e-06 | 98.0s
Epoch 06 | 03100/06880 | loss 6.0501 | ppl 424.16 | lr 3.265986e-06 | 101.5s
Epoch 06 | 03200/06880 | loss 6.0496 | ppl 423.96 | lr 3.26164e-06 | 104.8s
Epoch 06 | 03300/06880 | loss 6.0488 | ppl 423.59 | lr 3.257312e-06 | 108.0s
Epoch 06 | 03400/06880 | loss 6.0480 | ppl 423.26 | lr 3.253e-06 | 111.3s
Epoch 06 | 03500/06880 | loss 6.0474 | ppl 423.02 | lr 3.248706e-06 | 114.6s
Epoch 06 | 03600/06880 | loss 6.0465 | ppl 422.63 | lr 3.244428e-06 | 118.0s
Epoch 06 | 03700/06880 | loss 6.0461 | ppl 422.45 | lr 3.240168e-06 | 121.3s
Epoch 06 | 03800/06880 | loss 6.0457 | ppl 422.30 | lr 3.235924e-06 | 124.4s
Epoch 06 | 03900/06880 | loss 6.0453 | ppl 422.14 | lr 3.231697e-06 | 127.7s
Epoch 06 | 04000/06880 | loss 6.0448 | ppl 421.91 | lr 3.227486e-06 | 130.9s
Epoch 06 | 04100/06880 | loss 6.0440 | ppl 421.59 | lr 3.223292e-06 | 134.1s
Epoch 06 | 04200/06880 | loss 6.0433 | ppl 421.29 | lr 3.219114e-06 | 137.2s
Epoch 06 | 04300/06880 | loss 6.0427 | ppl 421.03 | lr 3.214952e-06 | 140.7s
Epoch 06 | 04400/06880 | loss 6.0425 | ppl 420.93 | lr 3.210806e-06 | 144.0s
Epoch 06 | 04500/06880 | loss 6.0420 | ppl 420.74 | lr 3.206677e-06 | 147.3s
Epoch 06 | 04600/06880 | loss 6.0414 | ppl 420.47 | lr 3.202563e-06 | 150.6s
Epoch 06 | 04700/06880 | loss 6.0408 | ppl 420.23 | lr 3.198465e-06 | 153.9s
Epoch 06 | 04800/06880 | loss 6.0404 | ppl 420.07 | lr 3.194383e-06 | 157.3s
Epoch 06 | 04900/06880 | loss 6.0399 | ppl 419.85 | lr 3.190316e-06 | 160.6s
Epoch 06 | 05000/06880 | loss 6.0394 | ppl 419.64 | lr 3.186265e-06 | 163.8s
Epoch 06 | 05100/06880 | loss 6.0386 | ppl 419.30 | lr 3.182229e-06 | 167.1s
Epoch 06 | 05200/06880 | loss 6.0386 | ppl 419.29 | lr 3.178209e-06 | 170.3s
Epoch 06 | 05300/06880 | loss 6.0379 | ppl 419.02 | lr 3.174203e-06 | 173.5s
Epoch 06 | 05400/06880 | loss 6.0375 | ppl 418.83 | lr 3.170213e-06 | 176.7s
Epoch 06 | 05500/06880 | loss 6.0369 | ppl 418.58 | lr 3.166238e-06 | 180.2s
Epoch 06 | 05600/06880 | loss 6.0365 | ppl 418.41 | lr 3.162278e-06 | 183.7s
Epoch 06 | 05700/06880 | loss 6.0362 | ppl 418.28 | lr 3.158332e-06 | 187.2s
Epoch 06 | 05800/06880 | loss 6.0357 | ppl 418.07 | lr 3.154401e-06 | 190.5s
Epoch 06 | 05900/06880 | loss 6.0349 | ppl 417.77 | lr 3.150485e-06 | 193.6s
Epoch 06 | 06000/06880 | loss 6.0343 | ppl 417.53 | lr 3.146584e-06 | 196.7s
Epoch 06 | 06100/06880 | loss 6.0337 | ppl 417.26 | lr 3.142697e-06 | 200.0s
Epoch 06 | 06200/06880 | loss 6.0331 | ppl 417.03 | lr 3.138824e-06 | 203.0s
Epoch 06 | 06300/06880 | loss 6.0328 | ppl 416.90 | lr 3.134966e-06 | 206.5s
Epoch 06 | 06400/06880 | loss 6.0328 | ppl 416.88 | lr 3.131121e-06 | 209.7s
Epoch 06 | 06500/06880 | loss 6.0323 | ppl 416.69 | lr 3.127291e-06 | 213.0s
Epoch 06 | 06600/06880 | loss 6.0317 | ppl 416.43 | lr 3.123475e-06 | 216.2s
Epoch 06 | 06700/06880 | loss 6.0311 | ppl 416.19 | lr 3.119673e-06 | 219.4s
Epoch 06 | 06800/06880 | loss 6.0305 | ppl 415.93 | lr 3.115885e-06 | 222.5s
Epoch 06 complete | train loss 6.0302 | dev loss 6.1001 | train BLEU 1.11 | dev BLEU 0.70 | 233.3s
Epoch 07 | 00100/06880 | loss 5.9914 | ppl 399.96 | lr 3.1091e-06 | 3.4s
Epoch 07 | 00200/06880 | loss 5.9904 | ppl 399.57 | lr 3.10535e-06 | 6.6s
Epoch 07 | 00300/06880 | loss 5.9892 | ppl 399.10 | lr 3.101614e-06 | 9.8s
Epoch 07 | 00400/06880 | loss 5.9890 | ppl 399.02 | lr 3.097891e-06 | 13.1s
Epoch 07 | 00500/06880 | loss 5.9888 | ppl 398.95 | lr 3.094181e-06 | 16.5s
Epoch 07 | 00600/06880 | loss 5.9903 | ppl 399.54 | lr 3.090485e-06 | 19.9s
Epoch 07 | 00700/06880 | loss 5.9906 | ppl 399.65 | lr 3.086802e-06 | 23.3s
Epoch 07 | 00800/06880 | loss 5.9895 | ppl 399.22 | lr 3.083132e-06 | 26.4s
Epoch 07 | 00900/06880 | loss 5.9901 | ppl 399.47 | lr 3.079475e-06 | 29.6s
Epoch 07 | 01000/06880 | loss 5.9903 | ppl 399.53 | lr 3.075831e-06 | 32.9s
Epoch 07 | 01100/06880 | loss 5.9897 | ppl 399.31 | lr 3.0722e-06 | 36.1s
Epoch 07 | 01200/06880 | loss 5.9889 | ppl 398.98 | lr 3.068582e-06 | 39.6s
Epoch 07 | 01300/06880 | loss 5.9885 | ppl 398.82 | lr 3.064977e-06 | 43.1s
Epoch 07 | 01400/06880 | loss 5.9896 | ppl 399.24 | lr 3.061384e-06 | 46.5s
Epoch 07 | 01500/06880 | loss 5.9890 | ppl 399.01 | lr 3.057804e-06 | 49.8s
Epoch 07 | 01600/06880 | loss 5.9883 | ppl 398.74 | lr 3.054236e-06 | 53.1s
Epoch 07 | 01700/06880 | loss 5.9875 | ppl 398.41 | lr 3.050681e-06 | 56.4s
Epoch 07 | 01800/06880 | loss 5.9870 | ppl 398.22 | lr 3.047138e-06 | 59.6s
Epoch 07 | 01900/06880 | loss 5.9873 | ppl 398.32 | lr 3.043608e-06 | 62.8s
Epoch 07 | 02000/06880 | loss 5.9869 | ppl 398.17 | lr 3.04009e-06 | 66.0s
Epoch 07 | 02100/06880 | loss 5.9861 | ppl 397.85 | lr 3.036583e-06 | 69.3s
Epoch 07 | 02200/06880 | loss 5.9855 | ppl 397.62 | lr 3.03309e-06 | 72.4s
Epoch 07 | 02300/06880 | loss 5.9849 | ppl 397.40 | lr 3.029608e-06 | 75.7s
Epoch 07 | 02400/06880 | loss 5.9846 | ppl 397.28 | lr 3.026138e-06 | 79.0s
Epoch 07 | 02500/06880 | loss 5.9842 | ppl 397.11 | lr 3.02268e-06 | 82.3s
Epoch 07 | 02600/06880 | loss 5.9844 | ppl 397.19 | lr 3.019233e-06 | 85.6s
Epoch 07 | 02700/06880 | loss 5.9841 | ppl 397.05 | lr 3.015799e-06 | 88.9s
Epoch 07 | 02800/06880 | loss 5.9841 | ppl 397.08 | lr 3.012376e-06 | 92.2s
Epoch 07 | 02900/06880 | loss 5.9840 | ppl 397.01 | lr 3.008965e-06 | 95.6s
Epoch 07 | 03000/06880 | loss 5.9836 | ppl 396.85 | lr 3.005565e-06 | 99.1s
Epoch 07 | 03100/06880 | loss 5.9831 | ppl 396.66 | lr 3.002177e-06 | 102.5s
Epoch 07 | 03200/06880 | loss 5.9831 | ppl 396.65 | lr 2.998801e-06 | 105.6s
Epoch 07 | 03300/06880 | loss 5.9825 | ppl 396.44 | lr 2.995435e-06 | 108.7s
Epoch 07 | 03400/06880 | loss 5.9823 | ppl 396.36 | lr 2.992081e-06 | 111.7s
Epoch 07 | 03500/06880 | loss 5.9816 | ppl 396.07 | lr 2.988739e-06 | 114.8s
Epoch 07 | 03600/06880 | loss 5.9811 | ppl 395.87 | lr 2.985407e-06 | 118.1s
Epoch 07 | 03700/06880 | loss 5.9807 | ppl 395.71 | lr 2.982087e-06 | 121.4s
Epoch 07 | 03800/06880 | loss 5.9800 | ppl 395.46 | lr 2.978777e-06 | 124.4s
Epoch 07 | 03900/06880 | loss 5.9798 | ppl 395.35 | lr 2.975479e-06 | 127.5s
Epoch 07 | 04000/06880 | loss 5.9792 | ppl 395.11 | lr 2.972191e-06 | 130.8s
Epoch 07 | 04100/06880 | loss 5.9787 | ppl 394.92 | lr 2.968915e-06 | 134.1s
Epoch 07 | 04200/06880 | loss 5.9785 | ppl 394.84 | lr 2.965649e-06 | 137.3s
Epoch 07 | 04300/06880 | loss 5.9776 | ppl 394.49 | lr 2.962394e-06 | 140.6s
Epoch 07 | 04400/06880 | loss 5.9769 | ppl 394.21 | lr 2.95915e-06 | 143.8s
Epoch 07 | 04500/06880 | loss 5.9764 | ppl 394.03 | lr 2.955916e-06 | 147.0s
Epoch 07 | 04600/06880 | loss 5.9759 | ppl 393.83 | lr 2.952693e-06 | 150.3s
Epoch 07 | 04700/06880 | loss 5.9755 | ppl 393.66 | lr 2.94948e-06 | 153.6s
Epoch 07 | 04800/06880 | loss 5.9748 | ppl 393.40 | lr 2.946278e-06 | 156.8s
Epoch 07 | 04900/06880 | loss 5.9743 | ppl 393.20 | lr 2.943087e-06 | 160.1s
Epoch 07 | 05000/06880 | loss 5.9738 | ppl 393.00 | lr 2.939905e-06 | 163.5s
Epoch 07 | 05100/06880 | loss 5.9733 | ppl 392.79 | lr 2.936734e-06 | 166.8s
Epoch 07 | 05200/06880 | loss 5.9728 | ppl 392.60 | lr 2.933573e-06 | 170.0s
Epoch 07 | 05300/06880 | loss 5.9724 | ppl 392.45 | lr 2.930423e-06 | 173.3s
Epoch 07 | 05400/06880 | loss 5.9719 | ppl 392.26 | lr 2.927282e-06 | 176.5s
Epoch 07 | 05500/06880 | loss 5.9715 | ppl 392.08 | lr 2.924152e-06 | 179.8s
Epoch 07 | 05600/06880 | loss 5.9709 | ppl 391.85 | lr 2.921031e-06 | 183.1s
Epoch 07 | 05700/06880 | loss 5.9705 | ppl 391.69 | lr 2.917921e-06 | 186.4s
Epoch 07 | 05800/06880 | loss 5.9700 | ppl 391.51 | lr 2.91482e-06 | 189.8s
Epoch 07 | 05900/06880 | loss 5.9698 | ppl 391.42 | lr 2.91173e-06 | 193.3s
Epoch 07 | 06000/06880 | loss 5.9692 | ppl 391.20 | lr 2.908649e-06 | 196.5s
Epoch 07 | 06100/06880 | loss 5.9688 | ppl 391.03 | lr 2.905578e-06 | 199.7s
Epoch 07 | 06200/06880 | loss 5.9683 | ppl 390.83 | lr 2.902516e-06 | 202.9s
Epoch 07 | 06300/06880 | loss 5.9680 | ppl 390.73 | lr 2.899464e-06 | 206.1s
Epoch 07 | 06400/06880 | loss 5.9674 | ppl 390.51 | lr 2.896422e-06 | 209.4s
Epoch 07 | 06500/06880 | loss 5.9669 | ppl 390.31 | lr 2.89339e-06 | 212.7s
Epoch 07 | 06600/06880 | loss 5.9665 | ppl 390.13 | lr 2.890367e-06 | 216.0s
Epoch 07 | 06700/06880 | loss 5.9660 | ppl 389.94 | lr 2.887353e-06 | 219.2s
Epoch 07 | 06800/06880 | loss 5.9655 | ppl 389.76 | lr 2.884349e-06 | 222.4s
Epoch 07 complete | train loss 5.9652 | dev loss 6.0400 | train BLEU 1.40 | dev BLEU 0.88 | 233.5s
Epoch 08 | 00100/06880 | loss 5.9270 | ppl 375.03 | lr 2.878965e-06 | 3.3s
Epoch 08 | 00200/06880 | loss 5.9360 | ppl 378.43 | lr 2.875987e-06 | 6.6s
Epoch 08 | 00300/06880 | loss 5.9320 | ppl 376.91 | lr 2.873018e-06 | 9.8s
Epoch 08 | 00400/06880 | loss 5.9307 | ppl 376.42 | lr 2.870058e-06 | 13.1s
Epoch 08 | 00500/06880 | loss 5.9286 | ppl 375.63 | lr 2.867107e-06 | 16.4s
Epoch 08 | 00600/06880 | loss 5.9280 | ppl 375.41 | lr 2.864166e-06 | 19.6s
Epoch 08 | 00700/06880 | loss 5.9284 | ppl 375.55 | lr 2.861233e-06 | 23.1s
Epoch 08 | 00800/06880 | loss 5.9272 | ppl 375.09 | lr 2.85831e-06 | 26.5s
Epoch 08 | 00900/06880 | loss 5.9264 | ppl 374.79 | lr 2.855395e-06 | 29.8s
Epoch 08 | 01000/06880 | loss 5.9277 | ppl 375.28 | lr 2.85249e-06 | 33.1s
Epoch 08 | 01100/06880 | loss 5.9275 | ppl 375.22 | lr 2.849593e-06 | 36.5s
Epoch 08 | 01200/06880 | loss 5.9279 | ppl 375.38 | lr 2.846705e-06 | 39.8s
Epoch 08 | 01300/06880 | loss 5.9282 | ppl 375.46 | lr 2.843825e-06 | 43.0s
Epoch 08 | 01400/06880 | loss 5.9276 | ppl 375.24 | lr 2.840955e-06 | 46.3s
Epoch 08 | 01500/06880 | loss 5.9265 | ppl 374.83 | lr 2.838093e-06 | 49.5s
Epoch 08 | 01600/06880 | loss 5.9260 | ppl 374.65 | lr 2.83524e-06 | 52.8s
Epoch 08 | 01700/06880 | loss 5.9256 | ppl 374.49 | lr 2.832395e-06 | 56.2s
Epoch 08 | 01800/06880 | loss 5.9253 | ppl 374.38 | lr 2.829559e-06 | 59.4s
Epoch 08 | 01900/06880 | loss 5.9255 | ppl 374.47 | lr 2.826732e-06 | 62.7s
Epoch 08 | 02000/06880 | loss 5.9257 | ppl 374.53 | lr 2.823912e-06 | 65.9s
Epoch 08 | 02100/06880 | loss 5.9258 | ppl 374.57 | lr 2.821102e-06 | 69.2s
Epoch 08 | 02200/06880 | loss 5.9260 | ppl 374.65 | lr 2.818299e-06 | 72.4s
Epoch 08 | 02300/06880 | loss 5.9257 | ppl 374.56 | lr 2.815505e-06 | 75.7s
Epoch 08 | 02400/06880 | loss 5.9261 | ppl 374.70 | lr 2.81272e-06 | 79.0s
Epoch 08 | 02500/06880 | loss 5.9256 | ppl 374.52 | lr 2.809942e-06 | 82.3s
Epoch 08 | 02600/06880 | loss 5.9252 | ppl 374.35 | lr 2.807173e-06 | 85.4s
Epoch 08 | 02700/06880 | loss 5.9254 | ppl 374.45 | lr 2.804412e-06 | 88.7s
Epoch 08 | 02800/06880 | loss 5.9250 | ppl 374.28 | lr 2.801659e-06 | 91.9s
Epoch 08 | 02900/06880 | loss 5.9244 | ppl 374.05 | lr 2.798914e-06 | 95.1s
Epoch 08 | 03000/06880 | loss 5.9240 | ppl 373.89 | lr 2.796177e-06 | 98.4s
Epoch 08 | 03100/06880 | loss 5.9232 | ppl 373.62 | lr 2.793449e-06 | 101.6s
Epoch 08 | 03200/06880 | loss 5.9229 | ppl 373.51 | lr 2.790728e-06 | 104.9s
Epoch 08 | 03300/06880 | loss 5.9226 | ppl 373.37 | lr 2.788015e-06 | 108.1s
Epoch 08 | 03400/06880 | loss 5.9221 | ppl 373.19 | lr 2.78531e-06 | 111.3s
Epoch 08 | 03500/06880 | loss 5.9217 | ppl 373.05 | lr 2.782613e-06 | 114.7s
Epoch 08 | 03600/06880 | loss 5.9214 | ppl 372.94 | lr 2.779924e-06 | 118.1s
Epoch 08 | 03700/06880 | loss 5.9210 | ppl 372.79 | lr 2.777242e-06 | 121.3s
Epoch 08 | 03800/06880 | loss 5.9208 | ppl 372.70 | lr 2.774568e-06 | 124.6s
Epoch 08 | 03900/06880 | loss 5.9203 | ppl 372.51 | lr 2.771902e-06 | 127.9s
Epoch 08 | 04000/06880 | loss 5.9200 | ppl 372.40 | lr 2.769244e-06 | 131.2s
Epoch 08 | 04100/06880 | loss 5.9197 | ppl 372.29 | lr 2.766593e-06 | 134.4s
Epoch 08 | 04200/06880 | loss 5.9195 | ppl 372.24 | lr 2.76395e-06 | 137.6s
Epoch 08 | 04300/06880 | loss 5.9192 | ppl 372.10 | lr 2.761314e-06 | 140.9s
Epoch 08 | 04400/06880 | loss 5.9185 | ppl 371.86 | lr 2.758686e-06 | 144.2s
Epoch 08 | 04500/06880 | loss 5.9181 | ppl 371.71 | lr 2.756066e-06 | 147.5s
Epoch 08 | 04600/06880 | loss 5.9178 | ppl 371.61 | lr 2.753453e-06 | 150.8s
Epoch 08 | 04700/06880 | loss 5.9173 | ppl 371.39 | lr 2.750847e-06 | 154.0s
Epoch 08 | 04800/06880 | loss 5.9169 | ppl 371.25 | lr 2.748249e-06 | 157.3s
Epoch 08 | 04900/06880 | loss 5.9164 | ppl 371.06 | lr 2.745658e-06 | 160.6s
Epoch 08 | 05000/06880 | loss 5.9163 | ppl 371.03 | lr 2.743074e-06 | 164.1s
Epoch 08 | 05100/06880 | loss 5.9155 | ppl 370.75 | lr 2.740498e-06 | 167.4s
Epoch 08 | 05200/06880 | loss 5.9150 | ppl 370.57 | lr 2.737928e-06 | 170.7s
Epoch 08 | 05300/06880 | loss 5.9148 | ppl 370.50 | lr 2.735366e-06 | 174.0s
Epoch 08 | 05400/06880 | loss 5.9149 | ppl 370.50 | lr 2.732812e-06 | 177.2s
Epoch 08 | 05500/06880 | loss 5.9146 | ppl 370.41 | lr 2.730264e-06 | 180.5s
Epoch 08 | 05600/06880 | loss 5.9145 | ppl 370.36 | lr 2.727724e-06 | 183.8s
Epoch 08 | 05700/06880 | loss 5.9145 | ppl 370.35 | lr 2.72519e-06 | 187.3s
Epoch 08 | 05800/06880 | loss 5.9142 | ppl 370.25 | lr 2.722664e-06 | 190.5s
Epoch 08 | 05900/06880 | loss 5.9137 | ppl 370.08 | lr 2.720144e-06 | 193.8s
Epoch 08 | 06000/06880 | loss 5.9134 | ppl 369.96 | lr 2.717632e-06 | 197.1s
Epoch 08 | 06100/06880 | loss 5.9131 | ppl 369.84 | lr 2.715127e-06 | 200.3s
Epoch 08 | 06200/06880 | loss 5.9128 | ppl 369.74 | lr 2.712628e-06 | 203.6s
Epoch 08 | 06300/06880 | loss 5.9126 | ppl 369.68 | lr 2.710137e-06 | 206.9s
Epoch 08 | 06400/06880 | loss 5.9123 | ppl 369.54 | lr 2.707652e-06 | 210.1s
Epoch 08 | 06500/06880 | loss 5.9119 | ppl 369.42 | lr 2.705174e-06 | 213.4s
Epoch 08 | 06600/06880 | loss 5.9116 | ppl 369.28 | lr 2.702703e-06 | 216.7s
Epoch 08 | 06700/06880 | loss 5.9112 | ppl 369.16 | lr 2.700238e-06 | 219.9s
Epoch 08 | 06800/06880 | loss 5.9109 | ppl 369.05 | lr 2.697781e-06 | 223.2s
Epoch 08 complete | train loss 5.9106 | dev loss 5.9894 | train BLEU 1.32 | dev BLEU 1.01 | 234.3s
{
  "best_epoch": 8,
  "best_dev_bleu": 1.0054129227503206,
  "best_dev_loss": 5.9893542831719415,
  "best_model": "/data/student/i2311021/projects/100-swing-drill/chapter_10_2020/models/97_tuning/bs64_lr1em05_adamw/best_model.pt",
  "batch_size": 64,
  "learning_rate": 1e-05,
  "optimizer": "adamw"
}

========================================================================
Trial: bs64_lr1em06_adamw
========================================================================
GPU: NVIDIA RTX PRO 6000 Blackwell Max-Q Workstation Edition
Train: 440,286, Dev: 1,166
Epoch 01 | 00100/06880 | loss 9.7036 | ppl 16376.28 | lr 2.5e-08 | 4.6s
Epoch 01 | 00200/06880 | loss 9.7024 | ppl 16357.26 | lr 5e-08 | 8.1s
Epoch 01 | 00300/06880 | loss 9.7002 | ppl 16320.99 | lr 7.5e-08 | 11.4s
Epoch 01 | 00400/06880 | loss 9.6972 | ppl 16272.66 | lr 1e-07 | 14.6s
Epoch 01 | 00500/06880 | loss 9.6937 | ppl 16214.94 | lr 1.25e-07 | 17.8s
Epoch 01 | 00600/06880 | loss 9.6892 | ppl 16142.35 | lr 1.5e-07 | 21.1s
Epoch 01 | 00700/06880 | loss 9.6841 | ppl 16059.68 | lr 1.75e-07 | 24.4s
Epoch 01 | 00800/06880 | loss 9.6783 | ppl 15967.30 | lr 2e-07 | 27.7s
Epoch 01 | 00900/06880 | loss 9.6720 | ppl 15866.63 | lr 2.25e-07 | 31.0s
Epoch 01 | 01000/06880 | loss 9.6652 | ppl 15759.41 | lr 2.5e-07 | 34.3s
Epoch 01 | 01100/06880 | loss 9.6581 | ppl 15648.31 | lr 2.75e-07 | 37.5s
Epoch 01 | 01200/06880 | loss 9.6507 | ppl 15532.19 | lr 3e-07 | 40.8s
Epoch 01 | 01300/06880 | loss 9.6430 | ppl 15412.95 | lr 3.25e-07 | 44.1s
Epoch 01 | 01400/06880 | loss 9.6353 | ppl 15295.89 | lr 3.5e-07 | 47.4s
Epoch 01 | 01500/06880 | loss 9.6277 | ppl 15178.93 | lr 3.75e-07 | 50.6s
Epoch 01 | 01600/06880 | loss 9.6200 | ppl 15062.58 | lr 4e-07 | 53.9s
Epoch 01 | 01700/06880 | loss 9.6124 | ppl 14949.38 | lr 4.25e-07 | 56.9s
Epoch 01 | 01800/06880 | loss 9.6051 | ppl 14840.17 | lr 4.5e-07 | 60.0s
Epoch 01 | 01900/06880 | loss 9.5978 | ppl 14732.08 | lr 4.75e-07 | 63.3s
Epoch 01 | 02000/06880 | loss 9.5905 | ppl 14625.31 | lr 5e-07 | 66.5s
Epoch 01 | 02100/06880 | loss 9.5835 | ppl 14523.11 | lr 5.25e-07 | 69.7s
Epoch 01 | 02200/06880 | loss 9.5765 | ppl 14422.14 | lr 5.5e-07 | 72.9s
Epoch 01 | 02300/06880 | loss 9.5696 | ppl 14322.50 | lr 5.75e-07 | 76.3s
Epoch 01 | 02400/06880 | loss 9.5627 | ppl 14223.80 | lr 6e-07 | 79.6s
Epoch 01 | 02500/06880 | loss 9.5558 | ppl 14126.76 | lr 6.25e-07 | 82.9s
Epoch 01 | 02600/06880 | loss 9.5490 | ppl 14031.27 | lr 6.5e-07 | 86.3s
Epoch 01 | 02700/06880 | loss 9.5422 | ppl 13935.75 | lr 6.75e-07 | 89.6s
Epoch 01 | 02800/06880 | loss 9.5354 | ppl 13841.46 | lr 7e-07 | 92.8s
Epoch 01 | 02900/06880 | loss 9.5287 | ppl 13748.53 | lr 7.25e-07 | 96.1s
Epoch 01 | 03000/06880 | loss 9.5218 | ppl 13654.06 | lr 7.5e-07 | 99.3s
Epoch 01 | 03100/06880 | loss 9.5148 | ppl 13558.91 | lr 7.75e-07 | 102.5s
Epoch 01 | 03200/06880 | loss 9.5079 | ppl 13465.94 | lr 8e-07 | 105.7s
Epoch 01 | 03300/06880 | loss 9.5011 | ppl 13374.48 | lr 8.25e-07 | 108.9s
Epoch 01 | 03400/06880 | loss 9.4941 | ppl 13281.39 | lr 8.5e-07 | 112.2s
Epoch 01 | 03500/06880 | loss 9.4870 | ppl 13186.77 | lr 8.75e-07 | 115.5s
Epoch 01 | 03600/06880 | loss 9.4798 | ppl 13092.99 | lr 9e-07 | 118.8s
Epoch 01 | 03700/06880 | loss 9.4725 | ppl 12997.80 | lr 9.25e-07 | 122.0s
Epoch 01 | 03800/06880 | loss 9.4653 | ppl 12903.61 | lr 9.5e-07 | 125.2s
Epoch 01 | 03900/06880 | loss 9.4578 | ppl 12807.38 | lr 9.75e-07 | 128.5s
Epoch 01 | 04000/06880 | loss 9.4502 | ppl 12711.07 | lr 1e-06 | 131.8s
Epoch 01 | 04100/06880 | loss 9.4426 | ppl 12614.33 | lr 9.877296e-07 | 135.1s
Epoch 01 | 04200/06880 | loss 9.4349 | ppl 12517.92 | lr 9.759001e-07 | 138.4s
Epoch 01 | 04300/06880 | loss 9.4272 | ppl 12421.41 | lr 9.644856e-07 | 141.8s
Epoch 01 | 04400/06880 | loss 9.4193 | ppl 12323.82 | lr 9.534626e-07 | 145.1s
Epoch 01 | 04500/06880 | loss 9.4115 | ppl 12227.68 | lr 9.42809e-07 | 148.5s
Epoch 01 | 04600/06880 | loss 9.4035 | ppl 12130.69 | lr 9.325048e-07 | 151.7s
Epoch 01 | 04700/06880 | loss 9.3955 | ppl 12034.50 | lr 9.225312e-07 | 155.0s
Epoch 01 | 04800/06880 | loss 9.3874 | ppl 11937.11 | lr 9.128709e-07 | 158.2s
Epoch 01 | 04900/06880 | loss 9.3793 | ppl 11840.17 | lr 9.035079e-07 | 161.5s
Epoch 01 | 05000/06880 | loss 9.3712 | ppl 11744.99 | lr 8.944272e-07 | 164.7s
Epoch 01 | 05100/06880 | loss 9.3632 | ppl 11651.75 | lr 8.856149e-07 | 167.8s
Epoch 01 | 05200/06880 | loss 9.3551 | ppl 11557.85 | lr 8.77058e-07 | 171.0s
Epoch 01 | 05300/06880 | loss 9.3470 | ppl 11464.51 | lr 8.687445e-07 | 174.2s
Epoch 01 | 05400/06880 | loss 9.3389 | ppl 11371.51 | lr 8.60663e-07 | 177.5s
Epoch 01 | 05500/06880 | loss 9.3307 | ppl 11279.55 | lr 8.528029e-07 | 180.7s
Epoch 01 | 05600/06880 | loss 9.3227 | ppl 11189.32 | lr 8.451543e-07 | 184.0s
Epoch 01 | 05700/06880 | loss 9.3147 | ppl 11100.22 | lr 8.377078e-07 | 187.4s
Epoch 01 | 05800/06880 | loss 9.3066 | ppl 11010.91 | lr 8.304548e-07 | 190.6s
Epoch 01 | 05900/06880 | loss 9.2987 | ppl 10923.48 | lr 8.23387e-07 | 193.9s
Epoch 01 | 06000/06880 | loss 9.2907 | ppl 10836.84 | lr 8.164966e-07 | 197.1s
Epoch 01 | 06100/06880 | loss 9.2829 | ppl 10752.66 | lr 8.097763e-07 | 200.4s
Epoch 01 | 06200/06880 | loss 9.2750 | ppl 10667.82 | lr 8.032193e-07 | 203.6s
Epoch 01 | 06300/06880 | loss 9.2672 | ppl 10584.74 | lr 7.968191e-07 | 206.9s
Epoch 01 | 06400/06880 | loss 9.2594 | ppl 10502.34 | lr 7.905694e-07 | 210.2s
Epoch 01 | 06500/06880 | loss 9.2516 | ppl 10421.13 | lr 7.844645e-07 | 213.6s
Epoch 01 | 06600/06880 | loss 9.2438 | ppl 10340.37 | lr 7.784989e-07 | 216.9s
Epoch 01 | 06700/06880 | loss 9.2361 | ppl 10261.37 | lr 7.726674e-07 | 220.1s
Epoch 01 | 06800/06880 | loss 9.2284 | ppl 10181.91 | lr 7.66965e-07 | 223.5s
/data/student/i2311021/conda_envs/100-swing-drill-gpu/lib/python3.10/site-packages/torch/nn/modules/transformer.py:531: UserWarning: The PyTorch API of nested tensors is in prototype stage and will change in the near future. We recommend specifying layout=torch.jagged when constructing a nested tensor, as this layout receives active development, has better operator coverage, and works with torch.compile. (Triggered internally at /pytorch/aten/src/ATen/NestedTensorImpl.cpp:178.)
  output = torch._nested_tensor_from_mask(
Epoch 01 complete | train loss 9.2223 | dev loss 8.6912 | train BLEU 0.00 | dev BLEU 0.00 | 234.7s
Epoch 02 | 00100/06880 | loss 8.6909 | ppl 5948.41 | lr 7.570112e-07 | 3.3s
Epoch 02 | 00200/06880 | loss 8.6821 | ppl 5896.47 | lr 7.51646e-07 | 6.7s
Epoch 02 | 00300/06880 | loss 8.6758 | ppl 5859.34 | lr 7.463934e-07 | 9.9s
Epoch 02 | 00400/06880 | loss 8.6693 | ppl 5821.32 | lr 7.412493e-07 | 13.2s
Epoch 02 | 00500/06880 | loss 8.6636 | ppl 5788.58 | lr 7.362102e-07 | 16.4s
Epoch 02 | 00600/06880 | loss 8.6580 | ppl 5756.25 | lr 7.312724e-07 | 19.6s
Epoch 02 | 00700/06880 | loss 8.6519 | ppl 5720.93 | lr 7.264327e-07 | 22.9s
Epoch 02 | 00800/06880 | loss 8.6459 | ppl 5686.75 | lr 7.216878e-07 | 26.2s
Epoch 02 | 00900/06880 | loss 8.6402 | ppl 5654.49 | lr 7.170347e-07 | 29.6s
Epoch 02 | 01000/06880 | loss 8.6341 | ppl 5620.31 | lr 7.124705e-07 | 32.9s
Epoch 02 | 01100/06880 | loss 8.6281 | ppl 5586.49 | lr 7.079923e-07 | 36.1s
Epoch 02 | 01200/06880 | loss 8.6223 | ppl 5554.20 | lr 7.035975e-07 | 39.5s
Epoch 02 | 01300/06880 | loss 8.6165 | ppl 5522.10 | lr 6.992836e-07 | 42.8s
Epoch 02 | 01400/06880 | loss 8.6107 | ppl 5490.15 | lr 6.95048e-07 | 46.1s
Epoch 02 | 01500/06880 | loss 8.6050 | ppl 5459.05 | lr 6.908885e-07 | 49.3s
Epoch 02 | 01600/06880 | loss 8.5994 | ppl 5428.51 | lr 6.868028e-07 | 52.5s
Epoch 02 | 01700/06880 | loss 8.5940 | ppl 5398.90 | lr 6.827887e-07 | 55.9s
Epoch 02 | 01800/06880 | loss 8.5885 | ppl 5369.51 | lr 6.788442e-07 | 59.3s
Epoch 02 | 01900/06880 | loss 8.5829 | ppl 5339.68 | lr 6.749673e-07 | 62.7s
Epoch 02 | 02000/06880 | loss 8.5775 | ppl 5310.68 | lr 6.711561e-07 | 66.0s
Epoch 02 | 02100/06880 | loss 8.5722 | ppl 5282.54 | lr 6.674086e-07 | 69.3s
Epoch 02 | 02200/06880 | loss 8.5669 | ppl 5254.55 | lr 6.637233e-07 | 72.6s
Epoch 02 | 02300/06880 | loss 8.5615 | ppl 5226.66 | lr 6.600984e-07 | 75.8s
Epoch 02 | 02400/06880 | loss 8.5561 | ppl 5198.29 | lr 6.565322e-07 | 79.1s
Epoch 02 | 02500/06880 | loss 8.5507 | ppl 5170.23 | lr 6.530231e-07 | 82.4s
Epoch 02 | 02600/06880 | loss 8.5453 | ppl 5142.75 | lr 6.495698e-07 | 85.8s
Epoch 02 | 02700/06880 | loss 8.5401 | ppl 5115.95 | lr 6.461707e-07 | 89.0s
Epoch 02 | 02800/06880 | loss 8.5348 | ppl 5088.76 | lr 6.428243e-07 | 92.4s
Epoch 02 | 02900/06880 | loss 8.5296 | ppl 5062.60 | lr 6.395295e-07 | 95.6s
Epoch 02 | 03000/06880 | loss 8.5244 | ppl 5036.27 | lr 6.362848e-07 | 98.8s
Epoch 02 | 03100/06880 | loss 8.5194 | ppl 5011.10 | lr 6.330889e-07 | 102.0s
Epoch 02 | 03200/06880 | loss 8.5142 | ppl 4985.30 | lr 6.299408e-07 | 105.3s
Epoch 02 | 03300/06880 | loss 8.5092 | ppl 4960.11 | lr 6.268391e-07 | 108.5s
Epoch 02 | 03400/06880 | loss 8.5042 | ppl 4935.27 | lr 6.237829e-07 | 111.8s
Epoch 02 | 03500/06880 | loss 8.4992 | ppl 4910.70 | lr 6.207709e-07 | 115.1s
Epoch 02 | 03600/06880 | loss 8.4942 | ppl 4886.38 | lr 6.178021e-07 | 118.3s
Epoch 02 | 03700/06880 | loss 8.4892 | ppl 4862.07 | lr 6.148755e-07 | 121.4s
Epoch 02 | 03800/06880 | loss 8.4844 | ppl 4838.59 | lr 6.119901e-07 | 124.7s
Epoch 02 | 03900/06880 | loss 8.4795 | ppl 4815.26 | lr 6.091449e-07 | 128.0s
Epoch 02 | 04000/06880 | loss 8.4747 | ppl 4791.94 | lr 6.063391e-07 | 131.3s
Epoch 02 | 04100/06880 | loss 8.4699 | ppl 4769.10 | lr 6.035716e-07 | 134.6s
Epoch 02 | 04200/06880 | loss 8.4652 | ppl 4746.77 | lr 6.008418e-07 | 137.9s
Epoch 02 | 04300/06880 | loss 8.4604 | ppl 4724.16 | lr 5.981486e-07 | 141.2s
Epoch 02 | 04400/06880 | loss 8.4559 | ppl 4702.52 | lr 5.954913e-07 | 144.4s
Epoch 02 | 04500/06880 | loss 8.4511 | ppl 4680.38 | lr 5.928692e-07 | 147.7s
Epoch 02 | 04600/06880 | loss 8.4466 | ppl 4659.04 | lr 5.902813e-07 | 151.0s
Epoch 02 | 04700/06880 | loss 8.4420 | ppl 4637.91 | lr 5.877271e-07 | 154.4s
Epoch 02 | 04800/06880 | loss 8.4375 | ppl 4617.15 | lr 5.852057e-07 | 157.7s
Epoch 02 | 04900/06880 | loss 8.4330 | ppl 4596.07 | lr 5.827165e-07 | 160.9s
Epoch 02 | 05000/06880 | loss 8.4283 | ppl 4574.85 | lr 5.802589e-07 | 164.2s
Epoch 02 | 05100/06880 | loss 8.4239 | ppl 4554.47 | lr 5.77832e-07 | 167.5s
Epoch 02 | 05200/06880 | loss 8.4195 | ppl 4534.50 | lr 5.754353e-07 | 170.8s
Epoch 02 | 05300/06880 | loss 8.4150 | ppl 4514.22 | lr 5.730683e-07 | 174.1s
Epoch 02 | 05400/06880 | loss 8.4106 | ppl 4494.57 | lr 5.707301e-07 | 177.3s
Epoch 02 | 05500/06880 | loss 8.4063 | ppl 4475.23 | lr 5.684204e-07 | 180.6s
Epoch 02 | 05600/06880 | loss 8.4020 | ppl 4455.99 | lr 5.661385e-07 | 183.9s
Epoch 02 | 05700/06880 | loss 8.3976 | ppl 4436.47 | lr 5.638839e-07 | 187.3s
Epoch 02 | 05800/06880 | loss 8.3933 | ppl 4417.45 | lr 5.61656e-07 | 190.7s
Epoch 02 | 05900/06880 | loss 8.3890 | ppl 4398.36 | lr 5.594542e-07 | 193.8s
Epoch 02 | 06000/06880 | loss 8.3847 | ppl 4379.33 | lr 5.572782e-07 | 197.1s
Epoch 02 | 06100/06880 | loss 8.3805 | ppl 4360.98 | lr 5.551274e-07 | 200.3s
Epoch 02 | 06200/06880 | loss 8.3763 | ppl 4342.88 | lr 5.530013e-07 | 203.6s
Epoch 02 | 06300/06880 | loss 8.3722 | ppl 4325.21 | lr 5.508994e-07 | 206.9s
Epoch 02 | 06400/06880 | loss 8.3680 | ppl 4307.04 | lr 5.488213e-07 | 210.1s
Epoch 02 | 06500/06880 | loss 8.3639 | ppl 4289.48 | lr 5.467666e-07 | 213.3s
Epoch 02 | 06600/06880 | loss 8.3598 | ppl 4271.99 | lr 5.447347e-07 | 216.5s
Epoch 02 | 06700/06880 | loss 8.3558 | ppl 4254.89 | lr 5.427254e-07 | 219.7s
Epoch 02 | 06800/06880 | loss 8.3518 | ppl 4237.65 | lr 5.407381e-07 | 223.0s
Epoch 02 complete | train loss 8.3486 | dev loss 8.0966 | train BLEU 0.00 | dev BLEU 0.00 | 234.0s
Epoch 03 | 00100/06880 | loss 8.0745 | ppl 3211.52 | lr 5.372153e-07 | 3.3s
Epoch 03 | 00200/06880 | loss 8.0698 | ppl 3196.47 | lr 5.352877e-07 | 6.6s
Epoch 03 | 00300/06880 | loss 8.0658 | ppl 3183.77 | lr 5.333807e-07 | 9.8s
Epoch 03 | 00400/06880 | loss 8.0619 | ppl 3171.32 | lr 5.31494e-07 | 12.9s
Epoch 03 | 00500/06880 | loss 8.0581 | ppl 3159.40 | lr 5.296271e-07 | 16.2s
Epoch 03 | 00600/06880 | loss 8.0561 | ppl 3152.93 | lr 5.277798e-07 | 19.5s
Epoch 03 | 00700/06880 | loss 8.0536 | ppl 3145.20 | lr 5.259517e-07 | 23.0s
Epoch 03 | 00800/06880 | loss 8.0505 | ppl 3135.38 | lr 5.241424e-07 | 26.4s
Epoch 03 | 00900/06880 | loss 8.0475 | ppl 3125.84 | lr 5.223517e-07 | 29.7s
Epoch 03 | 01000/06880 | loss 8.0442 | ppl 3115.82 | lr 5.205792e-07 | 33.0s
Epoch 03 | 01100/06880 | loss 8.0415 | ppl 3107.30 | lr 5.188246e-07 | 36.1s
Epoch 03 | 01200/06880 | loss 8.0383 | ppl 3097.47 | lr 5.170877e-07 | 39.4s
Epoch 03 | 01300/06880 | loss 8.0354 | ppl 3088.44 | lr 5.153681e-07 | 42.6s
Epoch 03 | 01400/06880 | loss 8.0325 | ppl 3079.34 | lr 5.136655e-07 | 45.9s
Epoch 03 | 01500/06880 | loss 8.0295 | ppl 3070.30 | lr 5.119797e-07 | 49.1s
Epoch 03 | 01600/06880 | loss 8.0267 | ppl 3061.63 | lr 5.103104e-07 | 52.4s
Epoch 03 | 01700/06880 | loss 8.0242 | ppl 3053.96 | lr 5.086573e-07 | 55.7s
Epoch 03 | 01800/06880 | loss 8.0210 | ppl 3044.28 | lr 5.070201e-07 | 59.0s
Epoch 03 | 01900/06880 | loss 8.0181 | ppl 3035.28 | lr 5.053987e-07 | 62.3s
Epoch 03 | 02000/06880 | loss 8.0155 | ppl 3027.37 | lr 5.037927e-07 | 65.6s
Epoch 03 | 02100/06880 | loss 8.0128 | ppl 3019.42 | lr 5.02202e-07 | 69.0s
Epoch 03 | 02200/06880 | loss 8.0100 | ppl 3011.04 | lr 5.006262e-07 | 72.5s
Epoch 03 | 02300/06880 | loss 8.0076 | ppl 3003.55 | lr 4.990651e-07 | 76.0s
Epoch 03 | 02400/06880 | loss 8.0051 | ppl 2996.19 | lr 4.975186e-07 | 79.4s
Epoch 03 | 02500/06880 | loss 8.0025 | ppl 2988.41 | lr 4.959864e-07 | 82.7s
Epoch 03 | 02600/06880 | loss 7.9999 | ppl 2980.75 | lr 4.944682e-07 | 85.9s
Epoch 03 | 02700/06880 | loss 7.9972 | ppl 2972.60 | lr 4.929639e-07 | 89.2s
Epoch 03 | 02800/06880 | loss 7.9948 | ppl 2965.55 | lr 4.914732e-07 | 92.5s
Epoch 03 | 02900/06880 | loss 7.9923 | ppl 2958.08 | lr 4.89996e-07 | 95.7s
Epoch 03 | 03000/06880 | loss 7.9898 | ppl 2950.58 | lr 4.88532e-07 | 99.0s
Epoch 03 | 03100/06880 | loss 7.9872 | ppl 2943.08 | lr 4.87081e-07 | 102.2s
Epoch 03 | 03200/06880 | loss 7.9847 | ppl 2935.69 | lr 4.856429e-07 | 105.5s
Epoch 03 | 03300/06880 | loss 7.9821 | ppl 2928.12 | lr 4.842175e-07 | 108.8s
Epoch 03 | 03400/06880 | loss 7.9797 | ppl 2921.03 | lr 4.828045e-07 | 112.1s
Epoch 03 | 03500/06880 | loss 7.9772 | ppl 2913.77 | lr 4.814039e-07 | 115.4s
Epoch 03 | 03600/06880 | loss 7.9748 | ppl 2906.84 | lr 4.800154e-07 | 118.8s
Epoch 03 | 03700/06880 | loss 7.9723 | ppl 2899.66 | lr 4.786388e-07 | 122.2s
Epoch 03 | 03800/06880 | loss 7.9702 | ppl 2893.32 | lr 4.77274e-07 | 125.5s
Epoch 03 | 03900/06880 | loss 7.9678 | ppl 2886.46 | lr 4.759208e-07 | 128.6s
Epoch 03 | 04000/06880 | loss 7.9655 | ppl 2879.82 | lr 4.74579e-07 | 131.9s
Epoch 03 | 04100/06880 | loss 7.9632 | ppl 2873.17 | lr 4.732485e-07 | 135.2s
Epoch 03 | 04200/06880 | loss 7.9609 | ppl 2866.53 | lr 4.719292e-07 | 138.4s
Epoch 03 | 04300/06880 | loss 7.9585 | ppl 2859.81 | lr 4.706208e-07 | 141.6s
Epoch 03 | 04400/06880 | loss 7.9563 | ppl 2853.45 | lr 4.693233e-07 | 144.9s
Epoch 03 | 04500/06880 | loss 7.9539 | ppl 2846.76 | lr 4.680364e-07 | 148.3s
Epoch 03 | 04600/06880 | loss 7.9516 | ppl 2840.09 | lr 4.6676e-07 | 151.7s
Epoch 03 | 04700/06880 | loss 7.9493 | ppl 2833.61 | lr 4.654941e-07 | 155.0s
Epoch 03 | 04800/06880 | loss 7.9470 | ppl 2826.95 | lr 4.642383e-07 | 158.6s
Epoch 03 | 04900/06880 | loss 7.9447 | ppl 2820.55 | lr 4.629927e-07 | 162.1s
Epoch 03 | 05000/06880 | loss 7.9425 | ppl 2814.30 | lr 4.617571e-07 | 165.3s
Epoch 03 | 05100/06880 | loss 7.9401 | ppl 2807.57 | lr 4.605313e-07 | 168.6s
Epoch 03 | 05200/06880 | loss 7.9377 | ppl 2800.84 | lr 4.593152e-07 | 171.9s
Epoch 03 | 05300/06880 | loss 7.9355 | ppl 2794.76 | lr 4.581087e-07 | 175.2s
Epoch 03 | 05400/06880 | loss 7.9332 | ppl 2788.25 | lr 4.569117e-07 | 178.4s
Epoch 03 | 05500/06880 | loss 7.9309 | ppl 2781.90 | lr 4.55724e-07 | 181.7s
Epoch 03 | 05600/06880 | loss 7.9288 | ppl 2776.02 | lr 4.545455e-07 | 184.9s
Epoch 03 | 05700/06880 | loss 7.9266 | ppl 2770.07 | lr 4.533761e-07 | 188.2s
Epoch 03 | 05800/06880 | loss 7.9245 | ppl 2764.12 | lr 4.522156e-07 | 191.4s
Epoch 03 | 05900/06880 | loss 7.9223 | ppl 2758.15 | lr 4.510641e-07 | 194.8s
Epoch 03 | 06000/06880 | loss 7.9202 | ppl 2752.29 | lr 4.499213e-07 | 198.2s
Epoch 03 | 06100/06880 | loss 7.9182 | ppl 2746.71 | lr 4.487871e-07 | 201.7s
Epoch 03 | 06200/06880 | loss 7.9161 | ppl 2740.97 | lr 4.476615e-07 | 205.1s
Epoch 03 | 06300/06880 | loss 7.9141 | ppl 2735.51 | lr 4.465443e-07 | 208.4s
Epoch 03 | 06400/06880 | loss 7.9119 | ppl 2729.58 | lr 4.454354e-07 | 211.6s
Epoch 03 | 06500/06880 | loss 7.9098 | ppl 2723.97 | lr 4.443347e-07 | 214.7s
Epoch 03 | 06600/06880 | loss 7.9078 | ppl 2718.52 | lr 4.432422e-07 | 218.0s
Epoch 03 | 06700/06880 | loss 7.9060 | ppl 2713.41 | lr 4.421577e-07 | 221.2s
Epoch 03 | 06800/06880 | loss 7.9040 | ppl 2707.99 | lr 4.410811e-07 | 224.6s
Epoch 03 complete | train loss 7.9023 | dev loss 7.8089 | train BLEU 0.00 | dev BLEU 0.00 | 235.9s
Epoch 04 | 00100/06880 | loss 7.7645 | ppl 2355.45 | lr 4.391629e-07 | 3.3s
Epoch 04 | 00200/06880 | loss 7.7588 | ppl 2342.03 | lr 4.38108e-07 | 6.5s
Epoch 04 | 00300/06880 | loss 7.7592 | ppl 2342.94 | lr 4.370606e-07 | 9.6s
Epoch 04 | 00400/06880 | loss 7.7566 | ppl 2336.97 | lr 4.360207e-07 | 12.8s
Epoch 04 | 00500/06880 | loss 7.7556 | ppl 2334.59 | lr 4.349882e-07 | 16.1s
Epoch 04 | 00600/06880 | loss 7.7535 | ppl 2329.64 | lr 4.33963e-07 | 19.4s
Epoch 04 | 00700/06880 | loss 7.7518 | ppl 2325.85 | lr 4.329451e-07 | 22.7s
Epoch 04 | 00800/06880 | loss 7.7505 | ppl 2322.62 | lr 4.319342e-07 | 25.9s
Epoch 04 | 00900/06880 | loss 7.7494 | ppl 2320.19 | lr 4.309304e-07 | 29.2s
Epoch 04 | 01000/06880 | loss 7.7485 | ppl 2318.01 | lr 4.299336e-07 | 32.5s
Epoch 04 | 01100/06880 | loss 7.7469 | ppl 2314.42 | lr 4.289436e-07 | 35.8s
Epoch 04 | 01200/06880 | loss 7.7454 | ppl 2310.92 | lr 4.279605e-07 | 39.1s
Epoch 04 | 01300/06880 | loss 7.7440 | ppl 2307.57 | lr 4.269841e-07 | 42.3s
Epoch 04 | 01400/06880 | loss 7.7424 | ppl 2304.11 | lr 4.260143e-07 | 45.6s
Epoch 04 | 01500/06880 | loss 7.7411 | ppl 2300.91 | lr 4.250511e-07 | 48.8s
Epoch 04 | 01600/06880 | loss 7.7396 | ppl 2297.62 | lr 4.240945e-07 | 52.1s
Epoch 04 | 01700/06880 | loss 7.7379 | ppl 2293.58 | lr 4.231442e-07 | 55.4s
Epoch 04 | 01800/06880 | loss 7.7362 | ppl 2289.86 | lr 4.222003e-07 | 58.7s
Epoch 04 | 01900/06880 | loss 7.7344 | ppl 2285.69 | lr 4.212627e-07 | 62.1s
Epoch 04 | 02000/06880 | loss 7.7328 | ppl 2282.06 | lr 4.203314e-07 | 65.3s
Epoch 04 | 02100/06880 | loss 7.7314 | ppl 2278.70 | lr 4.194061e-07 | 68.7s
Epoch 04 | 02200/06880 | loss 7.7300 | ppl 2275.61 | lr 4.18487e-07 | 71.9s
Epoch 04 | 02300/06880 | loss 7.7288 | ppl 2272.89 | lr 4.175738e-07 | 75.2s
Epoch 04 | 02400/06880 | loss 7.7278 | ppl 2270.56 | lr 4.166667e-07 | 78.4s
Epoch 04 | 02500/06880 | loss 7.7265 | ppl 2267.72 | lr 4.157654e-07 | 81.7s
Epoch 04 | 02600/06880 | loss 7.7251 | ppl 2264.38 | lr 4.148699e-07 | 85.0s
Epoch 04 | 02700/06880 | loss 7.7236 | ppl 2260.99 | lr 4.139802e-07 | 88.4s
Epoch 04 | 02800/06880 | loss 7.7221 | ppl 2257.62 | lr 4.130962e-07 | 91.6s
Epoch 04 | 02900/06880 | loss 7.7207 | ppl 2254.55 | lr 4.122178e-07 | 95.0s
Epoch 04 | 03000/06880 | loss 7.7194 | ppl 2251.53 | lr 4.11345e-07 | 98.2s
Epoch 04 | 03100/06880 | loss 7.7181 | ppl 2248.67 | lr 4.104778e-07 | 101.5s
Epoch 04 | 03200/06880 | loss 7.7166 | ppl 2245.39 | lr 4.09616e-07 | 105.0s
Epoch 04 | 03300/06880 | loss 7.7154 | ppl 2242.58 | lr 4.087596e-07 | 108.3s
Epoch 04 | 03400/06880 | loss 7.7140 | ppl 2239.49 | lr 4.079085e-07 | 111.7s
Epoch 04 | 03500/06880 | loss 7.7126 | ppl 2236.25 | lr 4.070628e-07 | 115.1s
Epoch 04 | 03600/06880 | loss 7.7113 | ppl 2233.42 | lr 4.062222e-07 | 118.5s
Epoch 04 | 03700/06880 | loss 7.7101 | ppl 2230.86 | lr 4.053869e-07 | 122.0s
Epoch 04 | 03800/06880 | loss 7.7089 | ppl 2228.04 | lr 4.045567e-07 | 125.5s
Epoch 04 | 03900/06880 | loss 7.7077 | ppl 2225.36 | lr 4.037316e-07 | 128.6s
Epoch 04 | 04000/06880 | loss 7.7064 | ppl 2222.57 | lr 4.029115e-07 | 131.9s
Epoch 04 | 04100/06880 | loss 7.7054 | ppl 2220.24 | lr 4.020964e-07 | 135.1s
Epoch 04 | 04200/06880 | loss 7.7039 | ppl 2217.06 | lr 4.012862e-07 | 138.3s
Epoch 04 | 04300/06880 | loss 7.7025 | ppl 2213.92 | lr 4.004809e-07 | 141.4s
Epoch 04 | 04400/06880 | loss 7.7012 | ppl 2211.07 | lr 3.996804e-07 | 144.6s
Epoch 04 | 04500/06880 | loss 7.7001 | ppl 2208.57 | lr 3.988847e-07 | 147.9s
Epoch 04 | 04600/06880 | loss 7.6988 | ppl 2205.73 | lr 3.980937e-07 | 151.2s
Epoch 04 | 04700/06880 | loss 7.6974 | ppl 2202.69 | lr 3.973074e-07 | 154.3s
Epoch 04 | 04800/06880 | loss 7.6961 | ppl 2199.83 | lr 3.965258e-07 | 157.4s
Epoch 04 | 04900/06880 | loss 7.6949 | ppl 2197.19 | lr 3.957487e-07 | 160.7s
Epoch 04 | 05000/06880 | loss 7.6938 | ppl 2194.78 | lr 3.949763e-07 | 163.9s
Epoch 04 | 05100/06880 | loss 7.6926 | ppl 2192.15 | lr 3.942083e-07 | 167.1s
Epoch 04 | 05200/06880 | loss 7.6913 | ppl 2189.31 | lr 3.934447e-07 | 170.3s
Epoch 04 | 05300/06880 | loss 7.6901 | ppl 2186.64 | lr 3.926856e-07 | 173.4s
Epoch 04 | 05400/06880 | loss 7.6889 | ppl 2184.03 | lr 3.919309e-07 | 176.6s
Epoch 04 | 05500/06880 | loss 7.6876 | ppl 2181.19 | lr 3.911805e-07 | 179.9s
Epoch 04 | 05600/06880 | loss 7.6863 | ppl 2178.34 | lr 3.904344e-07 | 183.1s
Epoch 04 | 05700/06880 | loss 7.6852 | ppl 2175.81 | lr 3.896926e-07 | 186.3s
Epoch 04 | 05800/06880 | loss 7.6840 | ppl 2173.30 | lr 3.889549e-07 | 189.6s
Epoch 04 | 05900/06880 | loss 7.6828 | ppl 2170.76 | lr 3.882215e-07 | 192.9s
Epoch 04 | 06000/06880 | loss 7.6816 | ppl 2168.18 | lr 3.874921e-07 | 196.2s
Epoch 04 | 06100/06880 | loss 7.6806 | ppl 2165.99 | lr 3.867669e-07 | 199.4s
Epoch 04 | 06200/06880 | loss 7.6796 | ppl 2163.68 | lr 3.860457e-07 | 202.7s
Epoch 04 | 06300/06880 | loss 7.6783 | ppl 2161.04 | lr 3.853286e-07 | 205.9s
Epoch 04 | 06400/06880 | loss 7.6772 | ppl 2158.66 | lr 3.846154e-07 | 209.2s
Epoch 04 | 06500/06880 | loss 7.6761 | ppl 2156.20 | lr 3.839062e-07 | 212.5s
Epoch 04 | 06600/06880 | loss 7.6749 | ppl 2153.58 | lr 3.832008e-07 | 215.7s
Epoch 04 | 06700/06880 | loss 7.6737 | ppl 2151.05 | lr 3.824994e-07 | 219.2s
Epoch 04 | 06800/06880 | loss 7.6726 | ppl 2148.74 | lr 3.818018e-07 | 222.7s
Epoch 04 complete | train loss 7.6718 | dev loss 7.6527 | train BLEU 0.00 | dev BLEU 0.00 | 233.9s
Epoch 05 | 00100/06880 | loss 7.5934 | ppl 1985.09 | lr 3.805556e-07 | 3.3s
Epoch 05 | 00200/06880 | loss 7.5936 | ppl 1985.41 | lr 3.798686e-07 | 6.5s
Epoch 05 | 00300/06880 | loss 7.5936 | ppl 1985.42 | lr 3.791852e-07 | 9.7s
Epoch 05 | 00400/06880 | loss 7.5938 | ppl 1985.93 | lr 3.785056e-07 | 13.2s
Epoch 05 | 00500/06880 | loss 7.5910 | ppl 1980.23 | lr 3.778296e-07 | 16.6s
Epoch 05 | 00600/06880 | loss 7.5894 | ppl 1977.12 | lr 3.771571e-07 | 19.9s
Epoch 05 | 00700/06880 | loss 7.5890 | ppl 1976.36 | lr 3.764883e-07 | 23.2s
Epoch 05 | 00800/06880 | loss 7.5885 | ppl 1975.45 | lr 3.75823e-07 | 26.5s
Epoch 05 | 00900/06880 | loss 7.5885 | ppl 1975.36 | lr 3.751612e-07 | 29.8s
Epoch 05 | 01000/06880 | loss 7.5872 | ppl 1972.82 | lr 3.745029e-07 | 33.1s
Epoch 05 | 01100/06880 | loss 7.5869 | ppl 1972.20 | lr 3.738481e-07 | 36.4s
Epoch 05 | 01200/06880 | loss 7.5868 | ppl 1971.95 | lr 3.731967e-07 | 39.8s
Epoch 05 | 01300/06880 | loss 7.5862 | ppl 1970.80 | lr 3.725487e-07 | 43.1s
Epoch 05 | 01400/06880 | loss 7.5852 | ppl 1968.76 | lr 3.71904e-07 | 46.3s
Epoch 05 | 01500/06880 | loss 7.5843 | ppl 1967.02 | lr 3.712627e-07 | 49.6s
Epoch 05 | 01600/06880 | loss 7.5835 | ppl 1965.56 | lr 3.706247e-07 | 52.9s
Epoch 05 | 01700/06880 | loss 7.5824 | ppl 1963.31 | lr 3.699899e-07 | 56.2s
Epoch 05 | 01800/06880 | loss 7.5815 | ppl 1961.48 | lr 3.693584e-07 | 59.4s
Epoch 05 | 01900/06880 | loss 7.5799 | ppl 1958.34 | lr 3.687302e-07 | 62.6s
Epoch 05 | 02000/06880 | loss 7.5790 | ppl 1956.66 | lr 3.681051e-07 | 65.8s
Epoch 05 | 02100/06880 | loss 7.5779 | ppl 1954.44 | lr 3.674832e-07 | 69.1s
Epoch 05 | 02200/06880 | loss 7.5770 | ppl 1952.81 | lr 3.668644e-07 | 72.5s
Epoch 05 | 02300/06880 | loss 7.5759 | ppl 1950.68 | lr 3.662488e-07 | 75.8s
Epoch 05 | 02400/06880 | loss 7.5749 | ppl 1948.71 | lr 3.656362e-07 | 79.0s
Epoch 05 | 02500/06880 | loss 7.5741 | ppl 1947.05 | lr 3.650267e-07 | 82.1s
Epoch 05 | 02600/06880 | loss 7.5736 | ppl 1946.13 | lr 3.644203e-07 | 85.5s
Epoch 05 | 02700/06880 | loss 7.5729 | ppl 1944.72 | lr 3.638168e-07 | 88.7s
Epoch 05 | 02800/06880 | loss 7.5725 | ppl 1944.04 | lr 3.632164e-07 | 92.0s
Epoch 05 | 02900/06880 | loss 7.5717 | ppl 1942.47 | lr 3.626189e-07 | 95.3s
Epoch 05 | 03000/06880 | loss 7.5711 | ppl 1941.20 | lr 3.620243e-07 | 98.7s
Epoch 05 | 03100/06880 | loss 7.5705 | ppl 1940.01 | lr 3.614327e-07 | 102.1s
Epoch 05 | 03200/06880 | loss 7.5698 | ppl 1938.77 | lr 3.608439e-07 | 105.4s
Epoch 05 | 03300/06880 | loss 7.5690 | ppl 1937.20 | lr 3.60258e-07 | 108.6s
Epoch 05 | 03400/06880 | loss 7.5684 | ppl 1936.04 | lr 3.59675e-07 | 111.9s
Epoch 05 | 03500/06880 | loss 7.5676 | ppl 1934.46 | lr 3.590948e-07 | 115.1s
Epoch 05 | 03600/06880 | loss 7.5669 | ppl 1933.13 | lr 3.585174e-07 | 118.3s
Epoch 05 | 03700/06880 | loss 7.5660 | ppl 1931.42 | lr 3.579427e-07 | 121.6s
Epoch 05 | 03800/06880 | loss 7.5654 | ppl 1930.31 | lr 3.573708e-07 | 124.9s
Epoch 05 | 03900/06880 | loss 7.5646 | ppl 1928.74 | lr 3.568017e-07 | 128.3s
Epoch 05 | 04000/06880 | loss 7.5640 | ppl 1927.54 | lr 3.562352e-07 | 131.5s
Epoch 05 | 04100/06880 | loss 7.5634 | ppl 1926.39 | lr 3.556715e-07 | 134.8s
Epoch 05 | 04200/06880 | loss 7.5627 | ppl 1924.98 | lr 3.551104e-07 | 138.1s
Epoch 05 | 04300/06880 | loss 7.5621 | ppl 1923.80 | lr 3.54552e-07 | 141.4s
Epoch 05 | 04400/06880 | loss 7.5613 | ppl 1922.44 | lr 3.539962e-07 | 144.6s
Epoch 05 | 04500/06880 | loss 7.5606 | ppl 1921.00 | lr 3.53443e-07 | 147.9s
Epoch 05 | 04600/06880 | loss 7.5599 | ppl 1919.70 | lr 3.528923e-07 | 151.1s
Epoch 05 | 04700/06880 | loss 7.5593 | ppl 1918.44 | lr 3.523443e-07 | 154.3s
Epoch 05 | 04800/06880 | loss 7.5585 | ppl 1917.03 | lr 3.517988e-07 | 157.5s
Epoch 05 | 04900/06880 | loss 7.5579 | ppl 1915.77 | lr 3.512558e-07 | 160.6s
Epoch 05 | 05000/06880 | loss 7.5571 | ppl 1914.20 | lr 3.507153e-07 | 163.8s
Epoch 05 | 05100/06880 | loss 7.5563 | ppl 1912.73 | lr 3.501773e-07 | 167.1s
Epoch 05 | 05200/06880 | loss 7.5555 | ppl 1911.15 | lr 3.496418e-07 | 170.4s
Epoch 05 | 05300/06880 | loss 7.5549 | ppl 1910.03 | lr 3.491087e-07 | 173.7s
Epoch 05 | 05400/06880 | loss 7.5543 | ppl 1908.88 | lr 3.485781e-07 | 176.9s
Epoch 05 | 05500/06880 | loss 7.5536 | ppl 1907.65 | lr 3.480499e-07 | 180.1s
Epoch 05 | 05600/06880 | loss 7.5529 | ppl 1906.24 | lr 3.47524e-07 | 183.3s
Epoch 05 | 05700/06880 | loss 7.5524 | ppl 1905.40 | lr 3.470006e-07 | 186.6s
Epoch 05 | 05800/06880 | loss 7.5518 | ppl 1904.21 | lr 3.464795e-07 | 189.8s
Epoch 05 | 05900/06880 | loss 7.5513 | ppl 1903.29 | lr 3.459607e-07 | 193.2s
Epoch 05 | 06000/06880 | loss 7.5506 | ppl 1901.86 | lr 3.454443e-07 | 196.6s
Epoch 05 | 06100/06880 | loss 7.5501 | ppl 1900.97 | lr 3.449301e-07 | 200.0s
Epoch 05 | 06200/06880 | loss 7.5496 | ppl 1899.91 | lr 3.444183e-07 | 203.3s
Epoch 05 | 06300/06880 | loss 7.5489 | ppl 1898.64 | lr 3.439087e-07 | 206.6s
Epoch 05 | 06400/06880 | loss 7.5482 | ppl 1897.37 | lr 3.434014e-07 | 209.8s
Epoch 05 | 06500/06880 | loss 7.5477 | ppl 1896.31 | lr 3.428963e-07 | 213.1s
Epoch 05 | 06600/06880 | loss 7.5471 | ppl 1895.18 | lr 3.423935e-07 | 216.4s
Epoch 05 | 06700/06880 | loss 7.5464 | ppl 1893.98 | lr 3.418928e-07 | 219.7s
Epoch 05 | 06800/06880 | loss 7.5458 | ppl 1892.72 | lr 3.413944e-07 | 223.0s
Epoch 05 complete | train loss 7.5454 | dev loss 7.5658 | train BLEU 0.01 | dev BLEU 0.01 | 234.4s
Epoch 06 | 00100/06880 | loss 7.5118 | ppl 1829.49 | lr 3.405026e-07 | 3.4s
Epoch 06 | 00200/06880 | loss 7.5072 | ppl 1821.03 | lr 3.400102e-07 | 6.7s
Epoch 06 | 00300/06880 | loss 7.5042 | ppl 1815.60 | lr 3.395199e-07 | 10.0s
Epoch 06 | 00400/06880 | loss 7.5041 | ppl 1815.51 | lr 3.390318e-07 | 13.3s
Epoch 06 | 00500/06880 | loss 7.5028 | ppl 1813.12 | lr 3.385457e-07 | 16.7s
Epoch 06 | 00600/06880 | loss 7.5006 | ppl 1809.11 | lr 3.380617e-07 | 20.2s
Epoch 06 | 00700/06880 | loss 7.5004 | ppl 1808.81 | lr 3.375798e-07 | 23.4s
Epoch 06 | 00800/06880 | loss 7.5001 | ppl 1808.22 | lr 3.370999e-07 | 26.7s
Epoch 06 | 00900/06880 | loss 7.5002 | ppl 1808.33 | lr 3.366221e-07 | 30.0s
Epoch 06 | 01000/06880 | loss 7.4995 | ppl 1807.22 | lr 3.361463e-07 | 33.2s
Epoch 06 | 01100/06880 | loss 7.4993 | ppl 1806.82 | lr 3.356725e-07 | 36.5s
Epoch 06 | 01200/06880 | loss 7.4995 | ppl 1807.05 | lr 3.352008e-07 | 39.6s
Epoch 06 | 01300/06880 | loss 7.4980 | ppl 1804.34 | lr 3.34731e-07 | 42.8s
Epoch 06 | 01400/06880 | loss 7.4976 | ppl 1803.78 | lr 3.342631e-07 | 46.0s
Epoch 06 | 01500/06880 | loss 7.4967 | ppl 1802.07 | lr 3.337973e-07 | 49.3s
Epoch 06 | 01600/06880 | loss 7.4958 | ppl 1800.42 | lr 3.333333e-07 | 52.6s
Epoch 06 | 01700/06880 | loss 7.4955 | ppl 1799.92 | lr 3.328713e-07 | 56.0s
Epoch 06 | 01800/06880 | loss 7.4950 | ppl 1798.99 | lr 3.324112e-07 | 59.2s
Epoch 06 | 01900/06880 | loss 7.4946 | ppl 1798.25 | lr 3.319531e-07 | 62.5s
Epoch 06 | 02000/06880 | loss 7.4942 | ppl 1797.66 | lr 3.314968e-07 | 65.7s
Epoch 06 | 02100/06880 | loss 7.4937 | ppl 1796.60 | lr 3.310424e-07 | 69.1s
Epoch 06 | 02200/06880 | loss 7.4927 | ppl 1794.94 | lr 3.305898e-07 | 72.5s
Epoch 06 | 02300/06880 | loss 7.4921 | ppl 1793.73 | lr 3.301391e-07 | 75.8s
Epoch 06 | 02400/06880 | loss 7.4914 | ppl 1792.63 | lr 3.296902e-07 | 79.1s
Epoch 06 | 02500/06880 | loss 7.4911 | ppl 1791.98 | lr 3.292432e-07 | 82.4s
Epoch 06 | 02600/06880 | loss 7.4906 | ppl 1791.09 | lr 3.28798e-07 | 85.6s
Epoch 06 | 02700/06880 | loss 7.4902 | ppl 1790.32 | lr 3.283546e-07 | 88.9s
Epoch 06 | 02800/06880 | loss 7.4898 | ppl 1789.71 | lr 3.279129e-07 | 92.2s
Epoch 06 | 02900/06880 | loss 7.4892 | ppl 1788.63 | lr 3.274731e-07 | 95.4s
Epoch 06 | 03000/06880 | loss 7.4884 | ppl 1787.11 | lr 3.27035e-07 | 98.7s
Epoch 06 | 03100/06880 | loss 7.4878 | ppl 1786.13 | lr 3.265986e-07 | 101.9s
Epoch 06 | 03200/06880 | loss 7.4874 | ppl 1785.41 | lr 3.26164e-07 | 105.1s
Epoch 06 | 03300/06880 | loss 7.4866 | ppl 1784.02 | lr 3.257312e-07 | 108.4s
Epoch 06 | 03400/06880 | loss 7.4861 | ppl 1783.00 | lr 3.253e-07 | 111.6s
Epoch 06 | 03500/06880 | loss 7.4856 | ppl 1782.25 | lr 3.248706e-07 | 115.0s
Epoch 06 | 03600/06880 | loss 7.4849 | ppl 1781.00 | lr 3.244428e-07 | 118.2s
Epoch 06 | 03700/06880 | loss 7.4847 | ppl 1780.52 | lr 3.240168e-07 | 121.5s
Epoch 06 | 03800/06880 | loss 7.4842 | ppl 1779.71 | lr 3.235924e-07 | 124.9s
Epoch 06 | 03900/06880 | loss 7.4840 | ppl 1779.29 | lr 3.231697e-07 | 128.1s
Epoch 06 | 04000/06880 | loss 7.4836 | ppl 1778.65 | lr 3.227486e-07 | 131.4s
Epoch 06 | 04100/06880 | loss 7.4831 | ppl 1777.79 | lr 3.223292e-07 | 134.6s
Epoch 06 | 04200/06880 | loss 7.4825 | ppl 1776.71 | lr 3.219114e-07 | 137.7s
Epoch 06 | 04300/06880 | loss 7.4820 | ppl 1775.86 | lr 3.214952e-07 | 140.9s
Epoch 06 | 04400/06880 | loss 7.4817 | ppl 1775.17 | lr 3.210806e-07 | 144.2s
Epoch 06 | 04500/06880 | loss 7.4813 | ppl 1774.48 | lr 3.206677e-07 | 147.4s
Epoch 06 | 04600/06880 | loss 7.4809 | ppl 1773.83 | lr 3.202563e-07 | 150.7s
Epoch 06 | 04700/06880 | loss 7.4804 | ppl 1772.89 | lr 3.198465e-07 | 153.9s
Epoch 06 | 04800/06880 | loss 7.4800 | ppl 1772.19 | lr 3.194383e-07 | 157.1s
Epoch 06 | 04900/06880 | loss 7.4795 | ppl 1771.42 | lr 3.190316e-07 | 160.4s
Epoch 06 | 05000/06880 | loss 7.4791 | ppl 1770.63 | lr 3.186265e-07 | 163.7s
Epoch 06 | 05100/06880 | loss 7.4784 | ppl 1769.45 | lr 3.182229e-07 | 166.9s
Epoch 06 | 05200/06880 | loss 7.4782 | ppl 1769.03 | lr 3.178209e-07 | 170.2s
Epoch 06 | 05300/06880 | loss 7.4776 | ppl 1768.00 | lr 3.174203e-07 | 173.5s
Epoch 06 | 05400/06880 | loss 7.4772 | ppl 1767.29 | lr 3.170213e-07 | 176.8s
Epoch 06 | 05500/06880 | loss 7.4767 | ppl 1766.34 | lr 3.166238e-07 | 180.2s
Epoch 06 | 05600/06880 | loss 7.4763 | ppl 1765.69 | lr 3.162278e-07 | 183.4s
Epoch 06 | 05700/06880 | loss 7.4759 | ppl 1764.97 | lr 3.158332e-07 | 186.6s
Epoch 06 | 05800/06880 | loss 7.4753 | ppl 1764.00 | lr 3.154401e-07 | 189.9s
Epoch 06 | 05900/06880 | loss 7.4747 | ppl 1762.88 | lr 3.150485e-07 | 193.2s
Epoch 06 | 06000/06880 | loss 7.4742 | ppl 1762.07 | lr 3.146584e-07 | 196.5s
Epoch 06 | 06100/06880 | loss 7.4737 | ppl 1761.06 | lr 3.142697e-07 | 199.7s
Epoch 06 | 06200/06880 | loss 7.4732 | ppl 1760.29 | lr 3.138824e-07 | 203.0s
Epoch 06 | 06300/06880 | loss 7.4728 | ppl 1759.59 | lr 3.134966e-07 | 206.2s
Epoch 06 | 06400/06880 | loss 7.4726 | ppl 1759.17 | lr 3.131121e-07 | 209.5s
Epoch 06 | 06500/06880 | loss 7.4721 | ppl 1758.24 | lr 3.127291e-07 | 212.6s
Epoch 06 | 06600/06880 | loss 7.4716 | ppl 1757.38 | lr 3.123475e-07 | 215.9s
Epoch 06 | 06700/06880 | loss 7.4712 | ppl 1756.64 | lr 3.119673e-07 | 219.4s
Epoch 06 | 06800/06880 | loss 7.4707 | ppl 1755.75 | lr 3.115885e-07 | 222.8s
Epoch 06 complete | train loss 7.4704 | dev loss 7.5021 | train BLEU 0.00 | dev BLEU 0.00 | 234.3s
Epoch 07 | 00100/06880 | loss 7.4378 | ppl 1699.09 | lr 3.1091e-07 | 3.3s
Epoch 07 | 00200/06880 | loss 7.4347 | ppl 1693.78 | lr 3.10535e-07 | 6.6s
Epoch 07 | 00300/06880 | loss 7.4346 | ppl 1693.63 | lr 3.101614e-07 | 10.0s
Epoch 07 | 00400/06880 | loss 7.4339 | ppl 1692.36 | lr 3.097891e-07 | 13.3s
Epoch 07 | 00500/06880 | loss 7.4338 | ppl 1692.23 | lr 3.094181e-07 | 16.6s
Epoch 07 | 00600/06880 | loss 7.4347 | ppl 1693.70 | lr 3.090485e-07 | 19.8s
Epoch 07 | 00700/06880 | loss 7.4348 | ppl 1693.93 | lr 3.086802e-07 | 23.1s
Epoch 07 | 00800/06880 | loss 7.4345 | ppl 1693.36 | lr 3.083132e-07 | 26.3s
Epoch 07 | 00900/06880 | loss 7.4349 | ppl 1694.14 | lr 3.079475e-07 | 29.5s
Epoch 07 | 01000/06880 | loss 7.4348 | ppl 1693.87 | lr 3.075831e-07 | 32.9s
Epoch 07 | 01100/06880 | loss 7.4340 | ppl 1692.52 | lr 3.0722e-07 | 36.1s
Epoch 07 | 01200/06880 | loss 7.4332 | ppl 1691.26 | lr 3.068582e-07 | 39.3s
Epoch 07 | 01300/06880 | loss 7.4331 | ppl 1691.00 | lr 3.064977e-07 | 42.5s
Epoch 07 | 01400/06880 | loss 7.4331 | ppl 1690.96 | lr 3.061384e-07 | 45.7s
Epoch 07 | 01500/06880 | loss 7.4328 | ppl 1690.55 | lr 3.057804e-07 | 48.9s
Epoch 07 | 01600/06880 | loss 7.4323 | ppl 1689.77 | lr 3.054236e-07 | 52.0s
Epoch 07 | 01700/06880 | loss 7.4321 | ppl 1689.40 | lr 3.050681e-07 | 55.2s
Epoch 07 | 01800/06880 | loss 7.4315 | ppl 1688.30 | lr 3.047138e-07 | 58.6s
Epoch 07 | 01900/06880 | loss 7.4315 | ppl 1688.31 | lr 3.043608e-07 | 61.8s
Epoch 07 | 02000/06880 | loss 7.4311 | ppl 1687.69 | lr 3.04009e-07 | 65.1s
Epoch 07 | 02100/06880 | loss 7.4304 | ppl 1686.48 | lr 3.036583e-07 | 68.4s
Epoch 07 | 02200/06880 | loss 7.4300 | ppl 1685.81 | lr 3.03309e-07 | 71.7s
Epoch 07 | 02300/06880 | loss 7.4295 | ppl 1685.05 | lr 3.029608e-07 | 75.1s
Epoch 07 | 02400/06880 | loss 7.4291 | ppl 1684.25 | lr 3.026138e-07 | 78.3s
Epoch 07 | 02500/06880 | loss 7.4287 | ppl 1683.57 | lr 3.02268e-07 | 81.7s
Epoch 07 | 02600/06880 | loss 7.4287 | ppl 1683.55 | lr 3.019233e-07 | 85.0s
Epoch 07 | 02700/06880 | loss 7.4282 | ppl 1682.71 | lr 3.015799e-07 | 88.2s
Epoch 07 | 02800/06880 | loss 7.4281 | ppl 1682.52 | lr 3.012376e-07 | 91.5s
Epoch 07 | 02900/06880 | loss 7.4279 | ppl 1682.26 | lr 3.008965e-07 | 94.7s
Epoch 07 | 03000/06880 | loss 7.4274 | ppl 1681.51 | lr 3.005565e-07 | 98.1s
Epoch 07 | 03100/06880 | loss 7.4270 | ppl 1680.75 | lr 3.002177e-07 | 101.4s
Epoch 07 | 03200/06880 | loss 7.4267 | ppl 1680.27 | lr 2.998801e-07 | 104.6s
Epoch 07 | 03300/06880 | loss 7.4261 | ppl 1679.30 | lr 2.995435e-07 | 107.8s
Epoch 07 | 03400/06880 | loss 7.4259 | ppl 1678.86 | lr 2.992081e-07 | 111.0s
Epoch 07 | 03500/06880 | loss 7.4252 | ppl 1677.74 | lr 2.988739e-07 | 114.3s
Epoch 07 | 03600/06880 | loss 7.4248 | ppl 1677.01 | lr 2.985407e-07 | 117.6s
Epoch 07 | 03700/06880 | loss 7.4244 | ppl 1676.35 | lr 2.982087e-07 | 120.9s
Epoch 07 | 03800/06880 | loss 7.4239 | ppl 1675.56 | lr 2.978777e-07 | 124.1s
Epoch 07 | 03900/06880 | loss 7.4238 | ppl 1675.38 | lr 2.975479e-07 | 127.4s
Epoch 07 | 04000/06880 | loss 7.4233 | ppl 1674.52 | lr 2.972191e-07 | 130.6s
Epoch 07 | 04100/06880 | loss 7.4228 | ppl 1673.72 | lr 2.968915e-07 | 133.9s
Epoch 07 | 04200/06880 | loss 7.4226 | ppl 1673.40 | lr 2.965649e-07 | 137.1s
Epoch 07 | 04300/06880 | loss 7.4219 | ppl 1672.23 | lr 2.962394e-07 | 140.4s
Epoch 07 | 04400/06880 | loss 7.4214 | ppl 1671.41 | lr 2.95915e-07 | 143.9s
Epoch 07 | 04500/06880 | loss 7.4211 | ppl 1670.79 | lr 2.955916e-07 | 147.1s
Epoch 07 | 04600/06880 | loss 7.4206 | ppl 1669.97 | lr 2.952693e-07 | 150.3s
Epoch 07 | 04700/06880 | loss 7.4201 | ppl 1669.20 | lr 2.94948e-07 | 153.6s
Epoch 07 | 04800/06880 | loss 7.4196 | ppl 1668.38 | lr 2.946278e-07 | 156.9s
Epoch 07 | 04900/06880 | loss 7.4192 | ppl 1667.70 | lr 2.943087e-07 | 160.1s
Epoch 07 | 05000/06880 | loss 7.4188 | ppl 1667.06 | lr 2.939905e-07 | 163.4s
Epoch 07 | 05100/06880 | loss 7.4183 | ppl 1666.18 | lr 2.936734e-07 | 166.8s
Epoch 07 | 05200/06880 | loss 7.4179 | ppl 1665.56 | lr 2.933573e-07 | 170.1s
Epoch 07 | 05300/06880 | loss 7.4175 | ppl 1664.84 | lr 2.930423e-07 | 173.3s
Epoch 07 | 05400/06880 | loss 7.4172 | ppl 1664.35 | lr 2.927282e-07 | 176.5s
Epoch 07 | 05500/06880 | loss 7.4168 | ppl 1663.70 | lr 2.924152e-07 | 179.7s
Epoch 07 | 05600/06880 | loss 7.4164 | ppl 1662.98 | lr 2.921031e-07 | 183.0s
Epoch 07 | 05700/06880 | loss 7.4159 | ppl 1662.25 | lr 2.917921e-07 | 186.2s
Epoch 07 | 05800/06880 | loss 7.4155 | ppl 1661.56 | lr 2.91482e-07 | 189.5s
Epoch 07 | 05900/06880 | loss 7.4153 | ppl 1661.13 | lr 2.91173e-07 | 192.7s
Epoch 07 | 06000/06880 | loss 7.4148 | ppl 1660.42 | lr 2.908649e-07 | 196.0s
Epoch 07 | 06100/06880 | loss 7.4145 | ppl 1659.84 | lr 2.905578e-07 | 199.5s
Epoch 07 | 06200/06880 | loss 7.4139 | ppl 1658.94 | lr 2.902516e-07 | 202.8s
Epoch 07 | 06300/06880 | loss 7.4136 | ppl 1658.42 | lr 2.899464e-07 | 206.1s
Epoch 07 | 06400/06880 | loss 7.4131 | ppl 1657.56 | lr 2.896422e-07 | 209.3s
Epoch 07 | 06500/06880 | loss 7.4127 | ppl 1656.90 | lr 2.89339e-07 | 212.6s
Epoch 07 | 06600/06880 | loss 7.4122 | ppl 1656.12 | lr 2.890367e-07 | 215.9s
Epoch 07 | 06700/06880 | loss 7.4118 | ppl 1655.44 | lr 2.887353e-07 | 219.2s
Epoch 07 | 06800/06880 | loss 7.4114 | ppl 1654.79 | lr 2.884349e-07 | 222.5s
Epoch 07 complete | train loss 7.4111 | dev loss 7.4484 | train BLEU 0.00 | dev BLEU 0.00 | 234.0s
Epoch 08 | 00100/06880 | loss 7.3846 | ppl 1610.99 | lr 2.878965e-07 | 3.3s
Epoch 08 | 00200/06880 | loss 7.3861 | ppl 1613.47 | lr 2.875987e-07 | 6.6s
Epoch 08 | 00300/06880 | loss 7.3821 | ppl 1606.99 | lr 2.873018e-07 | 9.9s
Epoch 08 | 00400/06880 | loss 7.3816 | ppl 1606.08 | lr 2.870058e-07 | 13.1s
Epoch 08 | 00500/06880 | loss 7.3795 | ppl 1602.73 | lr 2.867107e-07 | 16.3s
Epoch 08 | 00600/06880 | loss 7.3802 | ppl 1603.93 | lr 2.864166e-07 | 19.5s
Epoch 08 | 00700/06880 | loss 7.3805 | ppl 1604.33 | lr 2.861233e-07 | 22.8s
Epoch 08 | 00800/06880 | loss 7.3793 | ppl 1602.40 | lr 2.85831e-07 | 26.1s
Epoch 08 | 00900/06880 | loss 7.3784 | ppl 1600.95 | lr 2.855395e-07 | 29.4s
Epoch 08 | 01000/06880 | loss 7.3785 | ppl 1601.19 | lr 2.85249e-07 | 32.7s
Epoch 08 | 01100/06880 | loss 7.3780 | ppl 1600.45 | lr 2.849593e-07 | 35.9s
Epoch 08 | 01200/06880 | loss 7.3780 | ppl 1600.33 | lr 2.846705e-07 | 39.2s
Epoch 08 | 01300/06880 | loss 7.3780 | ppl 1600.44 | lr 2.843825e-07 | 42.4s
Epoch 08 | 01400/06880 | loss 7.3776 | ppl 1599.72 | lr 2.840955e-07 | 45.5s
Epoch 08 | 01500/06880 | loss 7.3771 | ppl 1598.95 | lr 2.838093e-07 | 48.8s
Epoch 08 | 01600/06880 | loss 7.3764 | ppl 1597.86 | lr 2.83524e-07 | 52.0s
Epoch 08 | 01700/06880 | loss 7.3759 | ppl 1596.98 | lr 2.832395e-07 | 55.2s
Epoch 08 | 01800/06880 | loss 7.3758 | ppl 1596.81 | lr 2.829559e-07 | 58.6s
Epoch 08 | 01900/06880 | loss 7.3757 | ppl 1596.65 | lr 2.826732e-07 | 62.1s
Epoch 08 | 02000/06880 | loss 7.3756 | ppl 1596.56 | lr 2.823912e-07 | 65.3s
Epoch 08 | 02100/06880 | loss 7.3754 | ppl 1596.22 | lr 2.821102e-07 | 68.6s
Epoch 08 | 02200/06880 | loss 7.3753 | ppl 1596.10 | lr 2.818299e-07 | 71.7s
Epoch 08 | 02300/06880 | loss 7.3748 | ppl 1595.30 | lr 2.815505e-07 | 75.0s
Epoch 08 | 02400/06880 | loss 7.3747 | ppl 1595.14 | lr 2.81272e-07 | 78.3s
Epoch 08 | 02500/06880 | loss 7.3743 | ppl 1594.45 | lr 2.809942e-07 | 81.6s
Epoch 08 | 02600/06880 | loss 7.3740 | ppl 1593.99 | lr 2.807173e-07 | 84.9s
Epoch 08 | 02700/06880 | loss 7.3740 | ppl 1593.97 | lr 2.804412e-07 | 88.3s
Epoch 08 | 02800/06880 | loss 7.3733 | ppl 1592.92 | lr 2.801659e-07 | 91.7s
Epoch 08 | 02900/06880 | loss 7.3726 | ppl 1591.73 | lr 2.798914e-07 | 95.0s
Epoch 08 | 03000/06880 | loss 7.3722 | ppl 1591.17 | lr 2.796177e-07 | 98.4s
Epoch 08 | 03100/06880 | loss 7.3717 | ppl 1590.32 | lr 2.793449e-07 | 101.9s
Epoch 08 | 03200/06880 | loss 7.3714 | ppl 1589.81 | lr 2.790728e-07 | 105.2s
Epoch 08 | 03300/06880 | loss 7.3711 | ppl 1589.35 | lr 2.788015e-07 | 108.5s
Epoch 08 | 03400/06880 | loss 7.3706 | ppl 1588.53 | lr 2.78531e-07 | 111.8s
Epoch 08 | 03500/06880 | loss 7.3702 | ppl 1587.88 | lr 2.782613e-07 | 115.1s
Epoch 08 | 03600/06880 | loss 7.3699 | ppl 1587.46 | lr 2.779924e-07 | 118.3s
Epoch 08 | 03700/06880 | loss 7.3694 | ppl 1586.75 | lr 2.777242e-07 | 121.7s
Epoch 08 | 03800/06880 | loss 7.3692 | ppl 1586.30 | lr 2.774568e-07 | 124.9s
Epoch 08 | 03900/06880 | loss 7.3687 | ppl 1585.60 | lr 2.771902e-07 | 128.2s
Epoch 08 | 04000/06880 | loss 7.3685 | ppl 1585.20 | lr 2.769244e-07 | 131.5s
Epoch 08 | 04100/06880 | loss 7.3680 | ppl 1584.39 | lr 2.766593e-07 | 134.7s
Epoch 08 | 04200/06880 | loss 7.3677 | ppl 1584.06 | lr 2.76395e-07 | 138.0s
Epoch 08 | 04300/06880 | loss 7.3673 | ppl 1583.40 | lr 2.761314e-07 | 141.3s
Epoch 08 | 04400/06880 | loss 7.3669 | ppl 1582.77 | lr 2.758686e-07 | 144.6s
Epoch 08 | 04500/06880 | loss 7.3666 | ppl 1582.30 | lr 2.756066e-07 | 147.8s
Epoch 08 | 04600/06880 | loss 7.3662 | ppl 1581.62 | lr 2.753453e-07 | 151.0s
Epoch 08 | 04700/06880 | loss 7.3656 | ppl 1580.71 | lr 2.750847e-07 | 154.2s
Epoch 08 | 04800/06880 | loss 7.3655 | ppl 1580.50 | lr 2.748249e-07 | 157.3s
Epoch 08 | 04900/06880 | loss 7.3652 | ppl 1580.05 | lr 2.745658e-07 | 160.6s
Epoch 08 | 05000/06880 | loss 7.3649 | ppl 1579.62 | lr 2.743074e-07 | 163.9s
Epoch 08 | 05100/06880 | loss 7.3644 | ppl 1578.69 | lr 2.740498e-07 | 167.1s
Epoch 08 | 05200/06880 | loss 7.3639 | ppl 1577.95 | lr 2.737928e-07 | 170.6s
Epoch 08 | 05300/06880 | loss 7.3636 | ppl 1577.47 | lr 2.735366e-07 | 173.9s
Epoch 08 | 05400/06880 | loss 7.3634 | ppl 1577.13 | lr 2.732812e-07 | 177.5s
Epoch 08 | 05500/06880 | loss 7.3630 | ppl 1576.62 | lr 2.730264e-07 | 180.7s
Epoch 08 | 05600/06880 | loss 7.3628 | ppl 1576.24 | lr 2.727724e-07 | 184.0s
Epoch 08 | 05700/06880 | loss 7.3626 | ppl 1575.92 | lr 2.72519e-07 | 187.3s
Epoch 08 | 05800/06880 | loss 7.3623 | ppl 1575.50 | lr 2.722664e-07 | 190.6s
Epoch 08 | 05900/06880 | loss 7.3618 | ppl 1574.73 | lr 2.720144e-07 | 193.8s
Epoch 08 | 06000/06880 | loss 7.3615 | ppl 1574.19 | lr 2.717632e-07 | 197.1s
Epoch 08 | 06100/06880 | loss 7.3610 | ppl 1573.40 | lr 2.715127e-07 | 200.4s
Epoch 08 | 06200/06880 | loss 7.3606 | ppl 1572.72 | lr 2.712628e-07 | 203.6s
Epoch 08 | 06300/06880 | loss 7.3604 | ppl 1572.51 | lr 2.710137e-07 | 206.9s
Epoch 08 | 06400/06880 | loss 7.3600 | ppl 1571.91 | lr 2.707652e-07 | 210.2s
Epoch 08 | 06500/06880 | loss 7.3597 | ppl 1571.33 | lr 2.705174e-07 | 213.6s
Epoch 08 | 06600/06880 | loss 7.3594 | ppl 1570.86 | lr 2.702703e-07 | 216.9s
Epoch 08 | 06700/06880 | loss 7.3589 | ppl 1570.15 | lr 2.700238e-07 | 220.1s
Epoch 08 | 06800/06880 | loss 7.3586 | ppl 1569.58 | lr 2.697781e-07 | 223.4s
Epoch 08 complete | train loss 7.3583 | dev loss 7.3967 | train BLEU 0.00 | dev BLEU 0.00 | 234.6s
{
  "best_epoch": 5,
  "best_dev_bleu": 0.007787415773960588,
  "best_dev_loss": 7.56582033037757,
  "best_model": "/data/student/i2311021/projects/100-swing-drill/chapter_10_2020/models/97_tuning/bs64_lr1em06_adamw/best_model.pt",
  "batch_size": 64,
  "learning_rate": 1e-06,
  "optimizer": "adamw"
}

========================================================================
Trial: bs64_lr1em03_radam
========================================================================
GPU: NVIDIA RTX PRO 6000 Blackwell Max-Q Workstation Edition
Train: 440,286, Dev: 1,166
Epoch 01 | 00100/06880 | loss 9.5698 | ppl 14325.36 | lr 2.5e-05 | 4.0s
Epoch 01 | 00200/06880 | loss 9.3290 | ppl 11259.63 | lr 5e-05 | 7.2s
Epoch 01 | 00300/06880 | loss 8.9955 | ppl 8066.67 | lr 7.5e-05 | 10.6s
Epoch 01 | 00400/06880 | loss 8.6654 | ppl 5798.85 | lr 0.0001 | 13.8s
Epoch 01 | 00500/06880 | loss 8.4153 | ppl 4515.75 | lr 0.000125 | 17.1s
Epoch 01 | 00600/06880 | loss 8.2014 | ppl 3646.07 | lr 0.00015 | 20.4s
Epoch 01 | 00700/06880 | loss 8.0117 | ppl 3016.08 | lr 0.000175 | 23.7s
Epoch 01 | 00800/06880 | loss 7.8471 | ppl 2558.19 | lr 0.0002 | 27.1s
Epoch 01 | 00900/06880 | loss 7.7000 | ppl 2208.39 | lr 0.000225 | 30.4s
Epoch 01 | 01000/06880 | loss 7.5735 | ppl 1946.03 | lr 0.00025 | 33.7s
Epoch 01 | 01100/06880 | loss 7.4594 | ppl 1736.16 | lr 0.000275 | 37.0s
Epoch 01 | 01200/06880 | loss 7.3541 | ppl 1562.54 | lr 0.0003 | 40.3s
Epoch 01 | 01300/06880 | loss 7.2585 | ppl 1420.16 | lr 0.000325 | 43.6s
Epoch 01 | 01400/06880 | loss 7.1725 | ppl 1303.04 | lr 0.00035 | 46.8s
Epoch 01 | 01500/06880 | loss 7.0929 | ppl 1203.43 | lr 0.000375 | 50.1s
Epoch 01 | 01600/06880 | loss 7.0186 | ppl 1117.18 | lr 0.0004 | 53.4s
Epoch 01 | 01700/06880 | loss 6.9507 | ppl 1043.85 | lr 0.000425 | 56.7s
Epoch 01 | 01800/06880 | loss 6.8874 | ppl 979.87 | lr 0.00045 | 60.0s
Epoch 01 | 01900/06880 | loss 6.8280 | ppl 923.33 | lr 0.000475 | 63.3s
Epoch 01 | 02000/06880 | loss 6.7715 | ppl 872.58 | lr 0.0005 | 66.7s
Epoch 01 | 02100/06880 | loss 6.7190 | ppl 828.02 | lr 0.000525 | 70.0s
Epoch 01 | 02200/06880 | loss 6.6694 | ppl 787.92 | lr 0.00055 | 73.4s
Epoch 01 | 02300/06880 | loss 6.6214 | ppl 751.01 | lr 0.000575 | 76.7s
Epoch 01 | 02400/06880 | loss 6.5753 | ppl 717.19 | lr 0.0006 | 80.0s
Epoch 01 | 02500/06880 | loss 6.5311 | ppl 686.14 | lr 0.000625 | 83.3s
Epoch 01 | 02600/06880 | loss 6.4889 | ppl 657.80 | lr 0.00065 | 86.6s
Epoch 01 | 02700/06880 | loss 6.4475 | ppl 631.14 | lr 0.000675 | 90.0s
Epoch 01 | 02800/06880 | loss 6.4085 | ppl 607.00 | lr 0.0007 | 93.3s
Epoch 01 | 02900/06880 | loss 6.3710 | ppl 584.64 | lr 0.000725 | 96.7s
Epoch 01 | 03000/06880 | loss 6.3342 | ppl 563.52 | lr 0.00075 | 99.9s
Epoch 01 | 03100/06880 | loss 6.2985 | ppl 543.78 | lr 0.000775 | 103.2s
Epoch 01 | 03200/06880 | loss 6.2651 | ppl 525.88 | lr 0.0008 | 106.4s
Epoch 01 | 03300/06880 | loss 6.2332 | ppl 509.39 | lr 0.000825 | 109.6s
Epoch 01 | 03400/06880 | loss 6.2018 | ppl 493.64 | lr 0.00085 | 112.9s
Epoch 01 | 03500/06880 | loss 6.1712 | ppl 478.76 | lr 0.000875 | 116.3s
Epoch 01 | 03600/06880 | loss 6.1420 | ppl 465.01 | lr 0.0009 | 119.7s
Epoch 01 | 03700/06880 | loss 6.1142 | ppl 452.25 | lr 0.000925 | 123.0s
Epoch 01 | 03800/06880 | loss 6.0873 | ppl 440.23 | lr 0.00095 | 126.3s
Epoch 01 | 03900/06880 | loss 6.0612 | ppl 428.90 | lr 0.000975 | 129.7s
Epoch 01 | 04000/06880 | loss 6.0362 | ppl 418.32 | lr 0.001 | 133.0s
Epoch 01 | 04100/06880 | loss 6.0122 | ppl 408.39 | lr 0.0009877296 | 136.2s
Epoch 01 | 04200/06880 | loss 5.9889 | ppl 398.96 | lr 0.0009759001 | 139.6s
Epoch 01 | 04300/06880 | loss 5.9663 | ppl 390.06 | lr 0.0009644856 | 142.8s
Epoch 01 | 04400/06880 | loss 5.9437 | ppl 381.35 | lr 0.0009534626 | 146.0s
Epoch 01 | 04500/06880 | loss 5.9224 | ppl 373.31 | lr 0.000942809 | 149.4s
Epoch 01 | 04600/06880 | loss 5.9010 | ppl 365.41 | lr 0.0009325048 | 152.7s
Epoch 01 | 04700/06880 | loss 5.8808 | ppl 358.10 | lr 0.0009225312 | 156.0s
Epoch 01 | 04800/06880 | loss 5.8603 | ppl 350.84 | lr 0.0009128709 | 159.3s
Epoch 01 | 04900/06880 | loss 5.8403 | ppl 343.89 | lr 0.0009035079 | 162.6s
Epoch 01 | 05000/06880 | loss 5.8211 | ppl 337.35 | lr 0.0008944272 | 165.8s
Epoch 01 | 05100/06880 | loss 5.8025 | ppl 331.13 | lr 0.0008856149 | 169.2s
Epoch 01 | 05200/06880 | loss 5.7841 | ppl 325.10 | lr 0.000877058 | 172.4s
Epoch 01 | 05300/06880 | loss 5.7663 | ppl 319.34 | lr 0.0008687445 | 175.7s
Epoch 01 | 05400/06880 | loss 5.7487 | ppl 313.78 | lr 0.000860663 | 179.0s
Epoch 01 | 05500/06880 | loss 5.7316 | ppl 308.45 | lr 0.0008528029 | 182.3s
Epoch 01 | 05600/06880 | loss 5.7149 | ppl 303.35 | lr 0.0008451543 | 185.6s
Epoch 01 | 05700/06880 | loss 5.6987 | ppl 298.47 | lr 0.0008377078 | 188.9s
Epoch 01 | 05800/06880 | loss 5.6824 | ppl 293.64 | lr 0.0008304548 | 192.3s
Epoch 01 | 05900/06880 | loss 5.6670 | ppl 289.17 | lr 0.000823387 | 195.6s
Epoch 01 | 06000/06880 | loss 5.6519 | ppl 284.85 | lr 0.0008164966 | 199.0s
Epoch 01 | 06100/06880 | loss 5.6372 | ppl 280.68 | lr 0.0008097763 | 202.4s
Epoch 01 | 06200/06880 | loss 5.6226 | ppl 276.62 | lr 0.0008032193 | 205.6s
Epoch 01 | 06300/06880 | loss 5.6085 | ppl 272.73 | lr 0.0007968191 | 208.7s
Epoch 01 | 06400/06880 | loss 5.5944 | ppl 268.92 | lr 0.0007905694 | 212.0s
Epoch 01 | 06500/06880 | loss 5.5807 | ppl 265.25 | lr 0.0007844645 | 215.1s
Epoch 01 | 06600/06880 | loss 5.5675 | ppl 261.78 | lr 0.0007784989 | 218.4s
Epoch 01 | 06700/06880 | loss 5.5546 | ppl 258.44 | lr 0.0007726674 | 221.7s
Epoch 01 | 06800/06880 | loss 5.5418 | ppl 255.14 | lr 0.000766965 | 224.9s
/data/student/i2311021/conda_envs/100-swing-drill-gpu/lib/python3.10/site-packages/torch/nn/modules/transformer.py:531: UserWarning: The PyTorch API of nested tensors is in prototype stage and will change in the near future. We recommend specifying layout=torch.jagged when constructing a nested tensor, as this layout receives active development, has better operator coverage, and works with torch.compile. (Triggered internally at /pytorch/aten/src/ATen/NestedTensorImpl.cpp:178.)
  output = torch._nested_tensor_from_mask(
Epoch 01 complete | train loss 5.5322 | dev loss 4.6860 | train BLEU 8.26 | dev BLEU 5.83 | 236.0s
Epoch 02 | 00100/06880 | loss 4.6219 | ppl 101.68 | lr 0.0007570112 | 3.4s
Epoch 02 | 00200/06880 | loss 4.6269 | ppl 102.20 | lr 0.000751646 | 6.6s
Epoch 02 | 00300/06880 | loss 4.6211 | ppl 101.61 | lr 0.0007463934 | 9.8s
Epoch 02 | 00400/06880 | loss 4.6203 | ppl 101.52 | lr 0.0007412493 | 13.0s
Epoch 02 | 00500/06880 | loss 4.6260 | ppl 102.11 | lr 0.0007362102 | 16.3s
Epoch 02 | 00600/06880 | loss 4.6285 | ppl 102.36 | lr 0.0007312724 | 19.5s
Epoch 02 | 00700/06880 | loss 4.6255 | ppl 102.06 | lr 0.0007264327 | 22.8s
Epoch 02 | 00800/06880 | loss 4.6266 | ppl 102.17 | lr 0.0007216878 | 26.0s
Epoch 02 | 00900/06880 | loss 4.6243 | ppl 101.93 | lr 0.0007170347 | 29.1s
Epoch 02 | 01000/06880 | loss 4.6227 | ppl 101.77 | lr 0.0007124705 | 32.1s
Epoch 02 | 01100/06880 | loss 4.6208 | ppl 101.58 | lr 0.0007079923 | 35.6s
Epoch 02 | 01200/06880 | loss 4.6200 | ppl 101.50 | lr 0.0007035975 | 38.9s
Epoch 02 | 01300/06880 | loss 4.6199 | ppl 101.48 | lr 0.0006992836 | 42.2s
Epoch 02 | 01400/06880 | loss 4.6190 | ppl 101.39 | lr 0.000695048 | 45.5s
Epoch 02 | 01500/06880 | loss 4.6184 | ppl 101.33 | lr 0.0006908885 | 48.7s
Epoch 02 | 01600/06880 | loss 4.6155 | ppl 101.04 | lr 0.0006868028 | 52.1s
Epoch 02 | 01700/06880 | loss 4.6138 | ppl 100.87 | lr 0.0006827887 | 55.4s
Epoch 02 | 01800/06880 | loss 4.6117 | ppl 100.66 | lr 0.0006788442 | 58.6s
Epoch 02 | 01900/06880 | loss 4.6087 | ppl 100.36 | lr 0.0006749673 | 61.9s
Epoch 02 | 02000/06880 | loss 4.6071 | ppl 100.19 | lr 0.0006711561 | 64.7s
Epoch 02 | 02100/06880 | loss 4.6044 | ppl 99.92 | lr 0.0006674086 | 67.9s
Epoch 02 | 02200/06880 | loss 4.6027 | ppl 99.75 | lr 0.0006637233 | 71.1s
Epoch 02 | 02300/06880 | loss 4.5999 | ppl 99.47 | lr 0.0006600984 | 74.1s
Epoch 02 | 02400/06880 | loss 4.5977 | ppl 99.26 | lr 0.0006565322 | 77.4s
Epoch 02 | 02500/06880 | loss 4.5958 | ppl 99.07 | lr 0.0006530231 | 80.7s
Epoch 02 | 02600/06880 | loss 4.5929 | ppl 98.78 | lr 0.0006495698 | 84.0s
Epoch 02 | 02700/06880 | loss 4.5914 | ppl 98.63 | lr 0.0006461707 | 87.3s
Epoch 02 | 02800/06880 | loss 4.5896 | ppl 98.46 | lr 0.0006428243 | 90.6s
Epoch 02 | 02900/06880 | loss 4.5874 | ppl 98.23 | lr 0.0006395295 | 94.1s
Epoch 02 | 03000/06880 | loss 4.5851 | ppl 98.02 | lr 0.0006362848 | 97.5s
Epoch 02 | 03100/06880 | loss 4.5833 | ppl 97.84 | lr 0.0006330889 | 100.7s
Epoch 02 | 03200/06880 | loss 4.5815 | ppl 97.66 | lr 0.0006299408 | 104.0s
Epoch 02 | 03300/06880 | loss 4.5802 | ppl 97.53 | lr 0.0006268391 | 107.3s
Epoch 02 | 03400/06880 | loss 4.5786 | ppl 97.38 | lr 0.0006237829 | 110.6s
Epoch 02 | 03500/06880 | loss 4.5767 | ppl 97.19 | lr 0.0006207709 | 114.1s
Epoch 02 | 03600/06880 | loss 4.5753 | ppl 97.05 | lr 0.0006178021 | 117.4s
Epoch 02 | 03700/06880 | loss 4.5733 | ppl 96.86 | lr 0.0006148755 | 120.6s
Epoch 02 | 03800/06880 | loss 4.5715 | ppl 96.69 | lr 0.0006119901 | 124.0s
Epoch 02 | 03900/06880 | loss 4.5695 | ppl 96.50 | lr 0.0006091449 | 127.3s
Epoch 02 | 04000/06880 | loss 4.5682 | ppl 96.37 | lr 0.0006063391 | 130.6s
Epoch 02 | 04100/06880 | loss 4.5668 | ppl 96.24 | lr 0.0006035716 | 133.9s
Epoch 02 | 04200/06880 | loss 4.5648 | ppl 96.05 | lr 0.0006008418 | 137.2s
Epoch 02 | 04300/06880 | loss 4.5626 | ppl 95.83 | lr 0.0005981486 | 140.6s
Epoch 02 | 04400/06880 | loss 4.5611 | ppl 95.69 | lr 0.0005954913 | 143.9s
Epoch 02 | 04500/06880 | loss 4.5593 | ppl 95.51 | lr 0.0005928692 | 147.2s
Epoch 02 | 04600/06880 | loss 4.5581 | ppl 95.40 | lr 0.0005902813 | 150.5s
Epoch 02 | 04700/06880 | loss 4.5565 | ppl 95.25 | lr 0.0005877271 | 153.8s
Epoch 02 | 04800/06880 | loss 4.5551 | ppl 95.11 | lr 0.0005852057 | 157.1s
Epoch 02 | 04900/06880 | loss 4.5533 | ppl 94.95 | lr 0.0005827165 | 160.4s
Epoch 02 | 05000/06880 | loss 4.5514 | ppl 94.76 | lr 0.0005802589 | 163.6s
Epoch 02 | 05100/06880 | loss 4.5498 | ppl 94.61 | lr 0.000577832 | 166.9s
Epoch 02 | 05200/06880 | loss 4.5483 | ppl 94.47 | lr 0.0005754353 | 170.2s
Epoch 02 | 05300/06880 | loss 4.5468 | ppl 94.33 | lr 0.0005730683 | 173.4s
Epoch 02 | 05400/06880 | loss 4.5452 | ppl 94.18 | lr 0.0005707301 | 176.6s
Epoch 02 | 05500/06880 | loss 4.5434 | ppl 94.01 | lr 0.0005684204 | 180.0s
Epoch 02 | 05600/06880 | loss 4.5417 | ppl 93.85 | lr 0.0005661385 | 183.4s
Epoch 02 | 05700/06880 | loss 4.5401 | ppl 93.70 | lr 0.0005638839 | 186.8s
Epoch 02 | 05800/06880 | loss 4.5384 | ppl 93.54 | lr 0.000561656 | 190.1s
Epoch 02 | 05900/06880 | loss 4.5370 | ppl 93.41 | lr 0.0005594542 | 193.3s
Epoch 02 | 06000/06880 | loss 4.5355 | ppl 93.27 | lr 0.0005572782 | 196.6s
Epoch 02 | 06100/06880 | loss 4.5341 | ppl 93.14 | lr 0.0005551274 | 199.9s
Epoch 02 | 06200/06880 | loss 4.5324 | ppl 92.99 | lr 0.0005530013 | 203.2s
Epoch 02 | 06300/06880 | loss 4.5308 | ppl 92.84 | lr 0.0005508994 | 206.4s
Epoch 02 | 06400/06880 | loss 4.5294 | ppl 92.71 | lr 0.0005488213 | 209.8s
Epoch 02 | 06500/06880 | loss 4.5282 | ppl 92.59 | lr 0.0005467666 | 212.9s
Epoch 02 | 06600/06880 | loss 4.5267 | ppl 92.46 | lr 0.0005447347 | 216.1s
Epoch 02 | 06700/06880 | loss 4.5254 | ppl 92.33 | lr 0.0005427254 | 219.3s
Epoch 02 | 06800/06880 | loss 4.5240 | ppl 92.21 | lr 0.0005407381 | 222.6s
Epoch 02 complete | train loss 4.5230 | dev loss 4.3729 | train BLEU 10.03 | dev BLEU 7.23 | 233.4s
Epoch 03 | 00100/06880 | loss 4.3813 | ppl 79.94 | lr 0.0005372153 | 3.3s
Epoch 03 | 00200/06880 | loss 4.3783 | ppl 79.70 | lr 0.0005352877 | 6.5s
Epoch 03 | 00300/06880 | loss 4.3765 | ppl 79.56 | lr 0.0005333807 | 9.8s
Epoch 03 | 00400/06880 | loss 4.3802 | ppl 79.85 | lr 0.000531494 | 13.1s
Epoch 03 | 00500/06880 | loss 4.3783 | ppl 79.70 | lr 0.0005296271 | 16.3s
Epoch 03 | 00600/06880 | loss 4.3834 | ppl 80.11 | lr 0.0005277798 | 19.7s
Epoch 03 | 00700/06880 | loss 4.3850 | ppl 80.24 | lr 0.0005259517 | 23.1s
Epoch 03 | 00800/06880 | loss 4.3860 | ppl 80.32 | lr 0.0005241424 | 26.4s
Epoch 03 | 00900/06880 | loss 4.3865 | ppl 80.36 | lr 0.0005223517 | 29.6s
Epoch 03 | 01000/06880 | loss 4.3865 | ppl 80.36 | lr 0.0005205792 | 32.6s
Epoch 03 | 01100/06880 | loss 4.3880 | ppl 80.48 | lr 0.0005188246 | 36.0s
Epoch 03 | 01200/06880 | loss 4.3882 | ppl 80.49 | lr 0.0005170877 | 39.3s
Epoch 03 | 01300/06880 | loss 4.3881 | ppl 80.49 | lr 0.0005153681 | 42.7s
Epoch 03 | 01400/06880 | loss 4.3875 | ppl 80.44 | lr 0.0005136655 | 46.1s
Epoch 03 | 01500/06880 | loss 4.3880 | ppl 80.48 | lr 0.0005119797 | 49.5s
Epoch 03 | 01600/06880 | loss 4.3881 | ppl 80.48 | lr 0.0005103104 | 52.8s
Epoch 03 | 01700/06880 | loss 4.3883 | ppl 80.51 | lr 0.0005086573 | 56.0s
Epoch 03 | 01800/06880 | loss 4.3883 | ppl 80.50 | lr 0.0005070201 | 59.2s
Epoch 03 | 01900/06880 | loss 4.3878 | ppl 80.47 | lr 0.0005053987 | 62.5s
Epoch 03 | 02000/06880 | loss 4.3878 | ppl 80.47 | lr 0.0005037927 | 65.7s
Epoch 03 | 02100/06880 | loss 4.3884 | ppl 80.51 | lr 0.000502202 | 69.0s
Epoch 03 | 02200/06880 | loss 4.3880 | ppl 80.48 | lr 0.0005006262 | 72.0s
Epoch 03 | 02300/06880 | loss 4.3880 | ppl 80.48 | lr 0.0004990651 | 75.4s
Epoch 03 | 02400/06880 | loss 4.3883 | ppl 80.50 | lr 0.0004975186 | 78.8s
Epoch 03 | 02500/06880 | loss 4.3883 | ppl 80.50 | lr 0.0004959864 | 82.1s
Epoch 03 | 02600/06880 | loss 4.3879 | ppl 80.47 | lr 0.0004944682 | 85.5s
Epoch 03 | 02700/06880 | loss 4.3873 | ppl 80.42 | lr 0.0004929639 | 88.8s
Epoch 03 | 02800/06880 | loss 4.3873 | ppl 80.43 | lr 0.0004914732 | 92.1s
Epoch 03 | 02900/06880 | loss 4.3866 | ppl 80.37 | lr 0.000489996 | 95.4s
Epoch 03 | 03000/06880 | loss 4.3856 | ppl 80.29 | lr 0.000488532 | 98.8s
Epoch 03 | 03100/06880 | loss 4.3853 | ppl 80.26 | lr 0.000487081 | 102.1s
Epoch 03 | 03200/06880 | loss 4.3852 | ppl 80.25 | lr 0.0004856429 | 105.3s
Epoch 03 | 03300/06880 | loss 4.3844 | ppl 80.19 | lr 0.0004842175 | 108.6s
Epoch 03 | 03400/06880 | loss 4.3844 | ppl 80.19 | lr 0.0004828045 | 112.0s
Epoch 03 | 03500/06880 | loss 4.3837 | ppl 80.13 | lr 0.0004814039 | 115.3s
Epoch 03 | 03600/06880 | loss 4.3837 | ppl 80.14 | lr 0.0004800154 | 118.6s
Epoch 03 | 03700/06880 | loss 4.3829 | ppl 80.07 | lr 0.0004786388 | 121.9s
Epoch 03 | 03800/06880 | loss 4.3826 | ppl 80.05 | lr 0.000477274 | 125.2s
Epoch 03 | 03900/06880 | loss 4.3819 | ppl 79.99 | lr 0.0004759208 | 128.6s
Epoch 03 | 04000/06880 | loss 4.3820 | ppl 80.00 | lr 0.000474579 | 131.8s
Epoch 03 | 04100/06880 | loss 4.3813 | ppl 79.95 | lr 0.0004732485 | 135.0s
Epoch 03 | 04200/06880 | loss 4.3810 | ppl 79.91 | lr 0.0004719292 | 138.4s
Epoch 03 | 04300/06880 | loss 4.3809 | ppl 79.91 | lr 0.0004706208 | 141.7s
Epoch 03 | 04400/06880 | loss 4.3807 | ppl 79.90 | lr 0.0004693233 | 145.0s
Epoch 03 | 04500/06880 | loss 4.3802 | ppl 79.85 | lr 0.0004680364 | 148.3s
Epoch 03 | 04600/06880 | loss 4.3796 | ppl 79.81 | lr 0.00046676 | 151.8s
Epoch 03 | 04700/06880 | loss 4.3790 | ppl 79.76 | lr 0.0004654941 | 155.3s
Epoch 03 | 04800/06880 | loss 4.3787 | ppl 79.73 | lr 0.0004642383 | 158.6s
Epoch 03 | 04900/06880 | loss 4.3785 | ppl 79.72 | lr 0.0004629927 | 161.9s
Epoch 03 | 05000/06880 | loss 4.3778 | ppl 79.66 | lr 0.0004617571 | 165.2s
Epoch 03 | 05100/06880 | loss 4.3768 | ppl 79.58 | lr 0.0004605313 | 168.5s
Epoch 03 | 05200/06880 | loss 4.3761 | ppl 79.53 | lr 0.0004593152 | 171.8s
Epoch 03 | 05300/06880 | loss 4.3756 | ppl 79.49 | lr 0.0004581087 | 175.0s
Epoch 03 | 05400/06880 | loss 4.3750 | ppl 79.44 | lr 0.0004569117 | 178.4s
Epoch 03 | 05500/06880 | loss 4.3745 | ppl 79.40 | lr 0.000455724 | 182.0s
Epoch 03 | 05600/06880 | loss 4.3740 | ppl 79.36 | lr 0.0004545455 | 185.3s
Epoch 03 | 05700/06880 | loss 4.3738 | ppl 79.34 | lr 0.0004533761 | 188.6s
Epoch 03 | 05800/06880 | loss 4.3733 | ppl 79.31 | lr 0.0004522156 | 192.0s
Epoch 03 | 05900/06880 | loss 4.3728 | ppl 79.26 | lr 0.0004510641 | 195.3s
Epoch 03 | 06000/06880 | loss 4.3725 | ppl 79.24 | lr 0.0004499213 | 198.6s
Epoch 03 | 06100/06880 | loss 4.3722 | ppl 79.22 | lr 0.0004487871 | 201.9s
Epoch 03 | 06200/06880 | loss 4.3720 | ppl 79.20 | lr 0.0004476615 | 205.0s
Epoch 03 | 06300/06880 | loss 4.3719 | ppl 79.19 | lr 0.0004465443 | 208.3s
Epoch 03 | 06400/06880 | loss 4.3716 | ppl 79.17 | lr 0.0004454354 | 211.6s
Epoch 03 | 06500/06880 | loss 4.3709 | ppl 79.11 | lr 0.0004443347 | 214.9s
Epoch 03 | 06600/06880 | loss 4.3705 | ppl 79.09 | lr 0.0004432422 | 218.2s
Epoch 03 | 06700/06880 | loss 4.3704 | ppl 79.07 | lr 0.0004421577 | 221.4s
Epoch 03 | 06800/06880 | loss 4.3701 | ppl 79.05 | lr 0.0004410811 | 224.6s
Epoch 03 complete | train loss 4.3697 | dev loss 4.2581 | train BLEU 10.52 | dev BLEU 8.09 | 235.4s
Epoch 04 | 00100/06880 | loss 4.2967 | ppl 73.46 | lr 0.0004391629 | 3.3s
Epoch 04 | 00200/06880 | loss 4.2866 | ppl 72.72 | lr 0.000438108 | 6.6s
Epoch 04 | 00300/06880 | loss 4.2859 | ppl 72.67 | lr 0.0004370606 | 9.9s
Epoch 04 | 00400/06880 | loss 4.2875 | ppl 72.79 | lr 0.0004360207 | 13.3s
Epoch 04 | 00500/06880 | loss 4.2905 | ppl 73.00 | lr 0.0004349882 | 16.5s
Epoch 04 | 00600/06880 | loss 4.2924 | ppl 73.15 | lr 0.000433963 | 19.8s
Epoch 04 | 00700/06880 | loss 4.2930 | ppl 73.19 | lr 0.0004329451 | 23.1s
Epoch 04 | 00800/06880 | loss 4.2975 | ppl 73.52 | lr 0.0004319342 | 26.5s
Epoch 04 | 00900/06880 | loss 4.2976 | ppl 73.52 | lr 0.0004309304 | 29.9s
Epoch 04 | 01000/06880 | loss 4.2969 | ppl 73.47 | lr 0.0004299336 | 33.2s
Epoch 04 | 01100/06880 | loss 4.2974 | ppl 73.51 | lr 0.0004289436 | 36.5s
Epoch 04 | 01200/06880 | loss 4.2974 | ppl 73.51 | lr 0.0004279605 | 39.7s
Epoch 04 | 01300/06880 | loss 4.2980 | ppl 73.56 | lr 0.0004269841 | 43.0s
Epoch 04 | 01400/06880 | loss 4.2981 | ppl 73.56 | lr 0.0004260143 | 46.2s
Epoch 04 | 01500/06880 | loss 4.2995 | ppl 73.66 | lr 0.0004250511 | 49.8s
Epoch 04 | 01600/06880 | loss 4.2994 | ppl 73.66 | lr 0.0004240945 | 53.1s
Epoch 04 | 01700/06880 | loss 4.2991 | ppl 73.64 | lr 0.0004231442 | 56.4s
Epoch 04 | 01800/06880 | loss 4.2995 | ppl 73.66 | lr 0.0004222003 | 59.7s
Epoch 04 | 01900/06880 | loss 4.2986 | ppl 73.60 | lr 0.0004212627 | 63.0s
Epoch 04 | 02000/06880 | loss 4.2977 | ppl 73.53 | lr 0.0004203314 | 66.2s
Epoch 04 | 02100/06880 | loss 4.2977 | ppl 73.53 | lr 0.0004194061 | 69.5s
Epoch 04 | 02200/06880 | loss 4.2988 | ppl 73.61 | lr 0.000418487 | 72.8s
Epoch 04 | 02300/06880 | loss 4.2986 | ppl 73.60 | lr 0.0004175738 | 76.1s
Epoch 04 | 02400/06880 | loss 4.2991 | ppl 73.63 | lr 0.0004166667 | 79.4s
Epoch 04 | 02500/06880 | loss 4.2990 | ppl 73.63 | lr 0.0004157654 | 82.7s
Epoch 04 | 02600/06880 | loss 4.2991 | ppl 73.64 | lr 0.0004148699 | 85.9s
Epoch 04 | 02700/06880 | loss 4.2990 | ppl 73.63 | lr 0.0004139802 | 89.2s
Epoch 04 | 02800/06880 | loss 4.2990 | ppl 73.62 | lr 0.0004130962 | 92.6s
Epoch 04 | 02900/06880 | loss 4.2992 | ppl 73.64 | lr 0.0004122178 | 95.8s
Epoch 04 | 03000/06880 | loss 4.2995 | ppl 73.67 | lr 0.000411345 | 99.1s
Epoch 04 | 03100/06880 | loss 4.2998 | ppl 73.68 | lr 0.0004104778 | 102.4s
Epoch 04 | 03200/06880 | loss 4.3002 | ppl 73.71 | lr 0.000409616 | 105.5s
Epoch 04 | 03300/06880 | loss 4.3001 | ppl 73.71 | lr 0.0004087596 | 108.7s
Epoch 04 | 03400/06880 | loss 4.3003 | ppl 73.72 | lr 0.0004079085 | 112.0s
Epoch 04 | 03500/06880 | loss 4.3005 | ppl 73.74 | lr 0.0004070628 | 115.3s
Epoch 04 | 03600/06880 | loss 4.3006 | ppl 73.75 | lr 0.0004062222 | 118.7s
Epoch 04 | 03700/06880 | loss 4.3010 | ppl 73.77 | lr 0.0004053869 | 122.0s
Epoch 04 | 03800/06880 | loss 4.3015 | ppl 73.81 | lr 0.0004045567 | 125.4s
Epoch 04 | 03900/06880 | loss 4.3012 | ppl 73.79 | lr 0.0004037316 | 128.7s
Epoch 04 | 04000/06880 | loss 4.3009 | ppl 73.76 | lr 0.0004029115 | 132.0s
Epoch 04 | 04100/06880 | loss 4.3015 | ppl 73.81 | lr 0.0004020964 | 135.4s
Epoch 04 | 04200/06880 | loss 4.3013 | ppl 73.80 | lr 0.0004012862 | 138.8s
Epoch 04 | 04300/06880 | loss 4.3013 | ppl 73.79 | lr 0.0004004809 | 142.2s
Epoch 04 | 04400/06880 | loss 4.3007 | ppl 73.75 | lr 0.0003996804 | 145.6s
Epoch 04 | 04500/06880 | loss 4.3009 | ppl 73.76 | lr 0.0003988847 | 149.0s
Epoch 04 | 04600/06880 | loss 4.3006 | ppl 73.74 | lr 0.0003980937 | 152.4s
Epoch 04 | 04700/06880 | loss 4.3005 | ppl 73.74 | lr 0.0003973074 | 155.8s
Epoch 04 | 04800/06880 | loss 4.3001 | ppl 73.71 | lr 0.0003965258 | 159.1s
Epoch 04 | 04900/06880 | loss 4.3003 | ppl 73.73 | lr 0.0003957487 | 162.4s
Epoch 04 | 05000/06880 | loss 4.3001 | ppl 73.70 | lr 0.0003949763 | 165.7s
Epoch 04 | 05100/06880 | loss 4.2999 | ppl 73.70 | lr 0.0003942083 | 169.0s
Epoch 04 | 05200/06880 | loss 4.2998 | ppl 73.69 | lr 0.0003934447 | 172.4s
Epoch 04 | 05300/06880 | loss 4.2997 | ppl 73.68 | lr 0.0003926856 | 175.9s
Epoch 04 | 05400/06880 | loss 4.2997 | ppl 73.68 | lr 0.0003919309 | 179.3s
Epoch 04 | 05500/06880 | loss 4.2994 | ppl 73.66 | lr 0.0003911805 | 182.6s
Epoch 04 | 05600/06880 | loss 4.2991 | ppl 73.64 | lr 0.0003904344 | 185.9s
Epoch 04 | 05700/06880 | loss 4.2991 | ppl 73.63 | lr 0.0003896926 | 189.2s
Epoch 04 | 05800/06880 | loss 4.2992 | ppl 73.64 | lr 0.0003889549 | 192.5s
Epoch 04 | 05900/06880 | loss 4.2992 | ppl 73.64 | lr 0.0003882215 | 195.8s
Epoch 04 | 06000/06880 | loss 4.2991 | ppl 73.63 | lr 0.0003874921 | 199.0s
Epoch 04 | 06100/06880 | loss 4.2994 | ppl 73.66 | lr 0.0003867669 | 202.3s
Epoch 04 | 06200/06880 | loss 4.2993 | ppl 73.65 | lr 0.0003860457 | 205.5s
Epoch 04 | 06300/06880 | loss 4.2992 | ppl 73.64 | lr 0.0003853286 | 208.8s
Epoch 04 | 06400/06880 | loss 4.2989 | ppl 73.62 | lr 0.0003846154 | 212.1s
Epoch 04 | 06500/06880 | loss 4.2987 | ppl 73.61 | lr 0.0003839062 | 215.4s
Epoch 04 | 06600/06880 | loss 4.2983 | ppl 73.58 | lr 0.0003832008 | 218.7s
Epoch 04 | 06700/06880 | loss 4.2980 | ppl 73.55 | lr 0.0003824994 | 222.0s
Epoch 04 | 06800/06880 | loss 4.2977 | ppl 73.53 | lr 0.0003818018 | 225.3s
Epoch 04 complete | train loss 4.2976 | dev loss 4.1799 | train BLEU 11.71 | dev BLEU 8.65 | 235.9s
Epoch 05 | 00100/06880 | loss 4.2203 | ppl 68.05 | lr 0.0003805556 | 3.5s
Epoch 05 | 00200/06880 | loss 4.2254 | ppl 68.41 | lr 0.0003798686 | 6.7s
Epoch 05 | 00300/06880 | loss 4.2267 | ppl 68.49 | lr 0.0003791852 | 10.0s
Epoch 05 | 00400/06880 | loss 4.2332 | ppl 68.94 | lr 0.0003785056 | 13.3s
Epoch 05 | 00500/06880 | loss 4.2343 | ppl 69.01 | lr 0.0003778296 | 16.5s
Epoch 05 | 00600/06880 | loss 4.2346 | ppl 69.03 | lr 0.0003771571 | 19.8s
Epoch 05 | 00700/06880 | loss 4.2362 | ppl 69.14 | lr 0.0003764883 | 23.2s
Epoch 05 | 00800/06880 | loss 4.2383 | ppl 69.29 | lr 0.000375823 | 26.7s
Epoch 05 | 00900/06880 | loss 4.2407 | ppl 69.45 | lr 0.0003751612 | 30.1s
Epoch 05 | 01000/06880 | loss 4.2415 | ppl 69.51 | lr 0.0003745029 | 33.4s
Epoch 05 | 01100/06880 | loss 4.2444 | ppl 69.71 | lr 0.0003738481 | 36.6s
Epoch 05 | 01200/06880 | loss 4.2461 | ppl 69.83 | lr 0.0003731967 | 39.8s
Epoch 05 | 01300/06880 | loss 4.2470 | ppl 69.90 | lr 0.0003725487 | 43.1s
Epoch 05 | 01400/06880 | loss 4.2469 | ppl 69.89 | lr 0.000371904 | 46.4s
Epoch 05 | 01500/06880 | loss 4.2472 | ppl 69.91 | lr 0.0003712627 | 49.7s
Epoch 05 | 01600/06880 | loss 4.2476 | ppl 69.94 | lr 0.0003706247 | 53.0s
Epoch 05 | 01700/06880 | loss 4.2483 | ppl 69.99 | lr 0.0003699899 | 56.4s
Epoch 05 | 01800/06880 | loss 4.2483 | ppl 69.99 | lr 0.0003693584 | 59.8s
Epoch 05 | 01900/06880 | loss 4.2486 | ppl 70.01 | lr 0.0003687302 | 63.3s
Epoch 05 | 02000/06880 | loss 4.2495 | ppl 70.07 | lr 0.0003681051 | 66.5s
Epoch 05 | 02100/06880 | loss 4.2491 | ppl 70.04 | lr 0.0003674832 | 69.9s
Epoch 05 | 02200/06880 | loss 4.2497 | ppl 70.08 | lr 0.0003668644 | 73.4s
Epoch 05 | 02300/06880 | loss 4.2494 | ppl 70.06 | lr 0.0003662488 | 76.7s
Epoch 05 | 02400/06880 | loss 4.2487 | ppl 70.01 | lr 0.0003656362 | 80.0s
Epoch 05 | 02500/06880 | loss 4.2498 | ppl 70.09 | lr 0.0003650267 | 83.4s
Epoch 05 | 02600/06880 | loss 4.2503 | ppl 70.13 | lr 0.0003644203 | 86.6s
Epoch 05 | 02700/06880 | loss 4.2505 | ppl 70.14 | lr 0.0003638168 | 89.9s
Epoch 05 | 02800/06880 | loss 4.2513 | ppl 70.20 | lr 0.0003632164 | 93.2s
Epoch 05 | 02900/06880 | loss 4.2514 | ppl 70.20 | lr 0.0003626189 | 96.5s
Epoch 05 | 03000/06880 | loss 4.2518 | ppl 70.23 | lr 0.0003620243 | 99.8s
Epoch 05 | 03100/06880 | loss 4.2516 | ppl 70.21 | lr 0.0003614327 | 103.0s
Epoch 05 | 03200/06880 | loss 4.2521 | ppl 70.26 | lr 0.0003608439 | 106.3s
Epoch 05 | 03300/06880 | loss 4.2519 | ppl 70.24 | lr 0.000360258 | 109.4s
Epoch 05 | 03400/06880 | loss 4.2525 | ppl 70.28 | lr 0.000359675 | 112.6s
Epoch 05 | 03500/06880 | loss 4.2523 | ppl 70.27 | lr 0.0003590948 | 115.8s
Epoch 05 | 03600/06880 | loss 4.2523 | ppl 70.27 | lr 0.0003585174 | 119.1s
Epoch 05 | 03700/06880 | loss 4.2526 | ppl 70.28 | lr 0.0003579427 | 122.4s
Epoch 05 | 03800/06880 | loss 4.2531 | ppl 70.32 | lr 0.0003573708 | 125.7s
Epoch 05 | 03900/06880 | loss 4.2529 | ppl 70.31 | lr 0.0003568017 | 129.0s
Epoch 05 | 04000/06880 | loss 4.2533 | ppl 70.34 | lr 0.0003562352 | 132.2s
Epoch 05 | 04100/06880 | loss 4.2535 | ppl 70.35 | lr 0.0003556715 | 135.4s
Epoch 05 | 04200/06880 | loss 4.2533 | ppl 70.33 | lr 0.0003551104 | 138.7s
Epoch 05 | 04300/06880 | loss 4.2536 | ppl 70.36 | lr 0.000354552 | 142.2s
Epoch 05 | 04400/06880 | loss 4.2535 | ppl 70.35 | lr 0.0003539962 | 145.6s
Epoch 05 | 04500/06880 | loss 4.2536 | ppl 70.36 | lr 0.000353443 | 149.0s
Epoch 05 | 04600/06880 | loss 4.2538 | ppl 70.37 | lr 0.0003528923 | 152.3s
Epoch 05 | 04700/06880 | loss 4.2537 | ppl 70.36 | lr 0.0003523443 | 155.6s
Epoch 05 | 04800/06880 | loss 4.2537 | ppl 70.36 | lr 0.0003517988 | 158.8s
Epoch 05 | 04900/06880 | loss 4.2537 | ppl 70.37 | lr 0.0003512558 | 162.0s
Epoch 05 | 05000/06880 | loss 4.2537 | ppl 70.36 | lr 0.0003507153 | 165.3s
Epoch 05 | 05100/06880 | loss 4.2535 | ppl 70.35 | lr 0.0003501773 | 168.6s
Epoch 05 | 05200/06880 | loss 4.2530 | ppl 70.31 | lr 0.0003496418 | 171.9s
Epoch 05 | 05300/06880 | loss 4.2529 | ppl 70.31 | lr 0.0003491087 | 175.1s
Epoch 05 | 05400/06880 | loss 4.2532 | ppl 70.33 | lr 0.0003485781 | 178.4s
Epoch 05 | 05500/06880 | loss 4.2528 | ppl 70.30 | lr 0.0003480499 | 181.7s
Epoch 05 | 05600/06880 | loss 4.2526 | ppl 70.29 | lr 0.000347524 | 185.0s
Epoch 05 | 05700/06880 | loss 4.2533 | ppl 70.34 | lr 0.0003470006 | 188.2s
Epoch 05 | 05800/06880 | loss 4.2536 | ppl 70.36 | lr 0.0003464795 | 191.6s
Epoch 05 | 05900/06880 | loss 4.2538 | ppl 70.37 | lr 0.0003459607 | 194.9s
Epoch 05 | 06000/06880 | loss 4.2536 | ppl 70.36 | lr 0.0003454443 | 198.3s
Epoch 05 | 06100/06880 | loss 4.2538 | ppl 70.37 | lr 0.0003449301 | 201.6s
Epoch 05 | 06200/06880 | loss 4.2536 | ppl 70.36 | lr 0.0003444183 | 204.9s
Epoch 05 | 06300/06880 | loss 4.2534 | ppl 70.34 | lr 0.0003439087 | 208.1s
Epoch 05 | 06400/06880 | loss 4.2533 | ppl 70.34 | lr 0.0003434014 | 211.4s
Epoch 05 | 06500/06880 | loss 4.2534 | ppl 70.35 | lr 0.0003428963 | 214.7s
Epoch 05 | 06600/06880 | loss 4.2533 | ppl 70.34 | lr 0.0003423935 | 218.1s
Epoch 05 | 06700/06880 | loss 4.2533 | ppl 70.34 | lr 0.0003418928 | 221.4s
Epoch 05 | 06800/06880 | loss 4.2533 | ppl 70.33 | lr 0.0003413944 | 224.7s
Epoch 05 complete | train loss 4.2533 | dev loss 4.1352 | train BLEU 12.16 | dev BLEU 9.36 | 235.3s
Epoch 06 | 00100/06880 | loss 4.2195 | ppl 68.00 | lr 0.0003405026 | 3.3s
Epoch 06 | 00200/06880 | loss 4.2056 | ppl 67.06 | lr 0.0003400102 | 6.6s
Epoch 06 | 00300/06880 | loss 4.2128 | ppl 67.55 | lr 0.0003395199 | 10.0s
Epoch 06 | 00400/06880 | loss 4.2104 | ppl 67.39 | lr 0.0003390318 | 13.3s
Epoch 06 | 00500/06880 | loss 4.2095 | ppl 67.33 | lr 0.0003385457 | 16.6s
Epoch 06 | 00600/06880 | loss 4.2104 | ppl 67.39 | lr 0.0003380617 | 20.0s
Epoch 06 | 00700/06880 | loss 4.2104 | ppl 67.38 | lr 0.0003375798 | 23.5s
Epoch 06 | 00800/06880 | loss 4.2127 | ppl 67.54 | lr 0.0003370999 | 26.7s
Epoch 06 | 00900/06880 | loss 4.2138 | ppl 67.62 | lr 0.0003366221 | 29.8s
Epoch 06 | 01000/06880 | loss 4.2133 | ppl 67.58 | lr 0.0003361463 | 33.1s
Epoch 06 | 01100/06880 | loss 4.2144 | ppl 67.65 | lr 0.0003356725 | 36.5s
Epoch 06 | 01200/06880 | loss 4.2161 | ppl 67.77 | lr 0.0003352008 | 39.8s
Epoch 06 | 01300/06880 | loss 4.2173 | ppl 67.85 | lr 0.000334731 | 43.1s
Epoch 06 | 01400/06880 | loss 4.2182 | ppl 67.91 | lr 0.0003342631 | 46.4s
Epoch 06 | 01500/06880 | loss 4.2187 | ppl 67.95 | lr 0.0003337973 | 49.7s
Epoch 06 | 01600/06880 | loss 4.2189 | ppl 67.96 | lr 0.0003333333 | 53.1s
Epoch 06 | 01700/06880 | loss 4.2197 | ppl 68.01 | lr 0.0003328713 | 56.4s
Epoch 06 | 01800/06880 | loss 4.2200 | ppl 68.03 | lr 0.0003324112 | 59.6s
Epoch 06 | 01900/06880 | loss 4.2207 | ppl 68.08 | lr 0.0003319531 | 63.0s
Epoch 06 | 02000/06880 | loss 4.2217 | ppl 68.15 | lr 0.0003314968 | 66.2s
Epoch 06 | 02100/06880 | loss 4.2221 | ppl 68.17 | lr 0.0003310424 | 69.3s
Epoch 06 | 02200/06880 | loss 4.2215 | ppl 68.14 | lr 0.0003305898 | 72.6s
Epoch 06 | 02300/06880 | loss 4.2220 | ppl 68.17 | lr 0.0003301391 | 75.8s
Epoch 06 | 02400/06880 | loss 4.2223 | ppl 68.19 | lr 0.0003296902 | 79.0s
Epoch 06 | 02500/06880 | loss 4.2227 | ppl 68.22 | lr 0.0003292432 | 82.4s
Epoch 06 | 02600/06880 | loss 4.2231 | ppl 68.25 | lr 0.000328798 | 85.7s
Epoch 06 | 02700/06880 | loss 4.2236 | ppl 68.28 | lr 0.0003283546 | 89.0s
Epoch 06 | 02800/06880 | loss 4.2236 | ppl 68.28 | lr 0.0003279129 | 92.3s
Epoch 06 | 02900/06880 | loss 4.2236 | ppl 68.28 | lr 0.0003274731 | 95.7s
Epoch 06 | 03000/06880 | loss 4.2238 | ppl 68.29 | lr 0.000327035 | 99.0s
Epoch 06 | 03100/06880 | loss 4.2235 | ppl 68.27 | lr 0.0003265986 | 102.4s
Epoch 06 | 03200/06880 | loss 4.2235 | ppl 68.27 | lr 0.000326164 | 105.7s
Epoch 06 | 03300/06880 | loss 4.2239 | ppl 68.30 | lr 0.0003257312 | 109.0s
Epoch 06 | 03400/06880 | loss 4.2240 | ppl 68.31 | lr 0.0003253 | 112.4s
Epoch 06 | 03500/06880 | loss 4.2240 | ppl 68.31 | lr 0.0003248706 | 115.8s
Epoch 06 | 03600/06880 | loss 4.2237 | ppl 68.29 | lr 0.0003244428 | 119.0s
Epoch 06 | 03700/06880 | loss 4.2241 | ppl 68.31 | lr 0.0003240168 | 122.3s
Epoch 06 | 03800/06880 | loss 4.2241 | ppl 68.32 | lr 0.0003235924 | 125.7s
Epoch 06 | 03900/06880 | loss 4.2242 | ppl 68.32 | lr 0.0003231697 | 129.1s
Epoch 06 | 04000/06880 | loss 4.2242 | ppl 68.32 | lr 0.0003227486 | 132.4s
Epoch 06 | 04100/06880 | loss 4.2240 | ppl 68.31 | lr 0.0003223292 | 135.8s
Epoch 06 | 04200/06880 | loss 4.2239 | ppl 68.30 | lr 0.0003219114 | 139.1s
Epoch 06 | 04300/06880 | loss 4.2241 | ppl 68.31 | lr 0.0003214952 | 142.4s
Epoch 06 | 04400/06880 | loss 4.2245 | ppl 68.34 | lr 0.0003210806 | 145.7s
Epoch 06 | 04500/06880 | loss 4.2246 | ppl 68.35 | lr 0.0003206677 | 148.7s
Epoch 06 | 04600/06880 | loss 4.2244 | ppl 68.34 | lr 0.0003202563 | 151.8s
Epoch 06 | 04700/06880 | loss 4.2244 | ppl 68.34 | lr 0.0003198465 | 155.1s
Epoch 06 | 04800/06880 | loss 4.2247 | ppl 68.35 | lr 0.0003194383 | 158.3s
Epoch 06 | 04900/06880 | loss 4.2247 | ppl 68.36 | lr 0.0003190316 | 161.5s
Epoch 06 | 05000/06880 | loss 4.2247 | ppl 68.35 | lr 0.0003186265 | 164.8s
Epoch 06 | 05100/06880 | loss 4.2244 | ppl 68.33 | lr 0.0003182229 | 168.1s
Epoch 06 | 05200/06880 | loss 4.2251 | ppl 68.38 | lr 0.0003178209 | 171.3s
Epoch 06 | 05300/06880 | loss 4.2249 | ppl 68.37 | lr 0.0003174203 | 174.6s
Epoch 06 | 05400/06880 | loss 4.2252 | ppl 68.39 | lr 0.0003170213 | 177.8s
Epoch 06 | 05500/06880 | loss 4.2252 | ppl 68.39 | lr 0.0003166238 | 181.1s
Epoch 06 | 05600/06880 | loss 4.2253 | ppl 68.40 | lr 0.0003162278 | 184.4s
Epoch 06 | 05700/06880 | loss 4.2258 | ppl 68.43 | lr 0.0003158332 | 187.7s
Epoch 06 | 05800/06880 | loss 4.2258 | ppl 68.43 | lr 0.0003154401 | 191.0s
Epoch 06 | 05900/06880 | loss 4.2255 | ppl 68.41 | lr 0.0003150485 | 194.3s
Epoch 06 | 06000/06880 | loss 4.2254 | ppl 68.40 | lr 0.0003146584 | 197.6s
Epoch 06 | 06100/06880 | loss 4.2252 | ppl 68.39 | lr 0.0003142697 | 200.9s
Epoch 06 | 06200/06880 | loss 4.2251 | ppl 68.38 | lr 0.0003138824 | 204.2s
Epoch 06 | 06300/06880 | loss 4.2254 | ppl 68.40 | lr 0.0003134966 | 207.5s
Epoch 06 | 06400/06880 | loss 4.2257 | ppl 68.42 | lr 0.0003131121 | 210.8s
Epoch 06 | 06500/06880 | loss 4.2260 | ppl 68.44 | lr 0.0003127291 | 214.0s
Epoch 06 | 06600/06880 | loss 4.2257 | ppl 68.42 | lr 0.0003123475 | 217.3s
Epoch 06 | 06700/06880 | loss 4.2253 | ppl 68.40 | lr 0.0003119673 | 220.6s
Epoch 06 | 06800/06880 | loss 4.2251 | ppl 68.38 | lr 0.0003115885 | 223.8s
Epoch 06 complete | train loss 4.2250 | dev loss 4.1003 | train BLEU 12.72 | dev BLEU 9.89 | 234.5s
Epoch 07 | 00100/06880 | loss 4.1734 | ppl 64.94 | lr 0.00031091 | 3.3s
Epoch 07 | 00200/06880 | loss 4.1653 | ppl 64.41 | lr 0.000310535 | 6.6s
Epoch 07 | 00300/06880 | loss 4.1716 | ppl 64.82 | lr 0.0003101614 | 10.0s
Epoch 07 | 00400/06880 | loss 4.1752 | ppl 65.05 | lr 0.0003097891 | 13.2s
Epoch 07 | 00500/06880 | loss 4.1778 | ppl 65.22 | lr 0.0003094181 | 16.4s
Epoch 07 | 00600/06880 | loss 4.1829 | ppl 65.56 | lr 0.0003090485 | 19.7s
Epoch 07 | 00700/06880 | loss 4.1844 | ppl 65.66 | lr 0.0003086802 | 23.2s
Epoch 07 | 00800/06880 | loss 4.1845 | ppl 65.66 | lr 0.0003083132 | 26.5s
Epoch 07 | 00900/06880 | loss 4.1866 | ppl 65.80 | lr 0.0003079475 | 29.8s
Epoch 07 | 01000/06880 | loss 4.1877 | ppl 65.87 | lr 0.0003075831 | 33.1s
Epoch 07 | 01100/06880 | loss 4.1878 | ppl 65.88 | lr 0.00030722 | 36.4s
Epoch 07 | 01200/06880 | loss 4.1888 | ppl 65.95 | lr 0.0003068582 | 39.7s
Epoch 07 | 01300/06880 | loss 4.1895 | ppl 65.99 | lr 0.0003064977 | 43.0s
Epoch 07 | 01400/06880 | loss 4.1921 | ppl 66.16 | lr 0.0003061384 | 46.4s
Epoch 07 | 01500/06880 | loss 4.1925 | ppl 66.19 | lr 0.0003057804 | 49.6s
Epoch 07 | 01600/06880 | loss 4.1933 | ppl 66.24 | lr 0.0003054236 | 53.0s
Epoch 07 | 01700/06880 | loss 4.1934 | ppl 66.25 | lr 0.0003050681 | 56.3s
Epoch 07 | 01800/06880 | loss 4.1942 | ppl 66.30 | lr 0.0003047138 | 59.6s
Epoch 07 | 01900/06880 | loss 4.1954 | ppl 66.38 | lr 0.0003043608 | 62.9s
Epoch 07 | 02000/06880 | loss 4.1969 | ppl 66.48 | lr 0.000304009 | 66.2s
Epoch 07 | 02100/06880 | loss 4.1971 | ppl 66.50 | lr 0.0003036583 | 69.6s
Epoch 07 | 02200/06880 | loss 4.1970 | ppl 66.49 | lr 0.000303309 | 72.9s
Epoch 07 | 02300/06880 | loss 4.1972 | ppl 66.50 | lr 0.0003029608 | 76.1s
Epoch 07 | 02400/06880 | loss 4.1978 | ppl 66.54 | lr 0.0003026138 | 79.3s
Epoch 07 | 02500/06880 | loss 4.1984 | ppl 66.58 | lr 0.000302268 | 82.6s
Epoch 07 | 02600/06880 | loss 4.1999 | ppl 66.68 | lr 0.0003019233 | 85.9s
Epoch 07 | 02700/06880 | loss 4.2008 | ppl 66.74 | lr 0.0003015799 | 89.1s
Epoch 07 | 02800/06880 | loss 4.2020 | ppl 66.82 | lr 0.0003012376 | 92.4s
Epoch 07 | 02900/06880 | loss 4.2020 | ppl 66.82 | lr 0.0003008965 | 95.6s
Epoch 07 | 03000/06880 | loss 4.2025 | ppl 66.86 | lr 0.0003005565 | 98.9s
Epoch 07 | 03100/06880 | loss 4.2028 | ppl 66.88 | lr 0.0003002177 | 102.2s
Epoch 07 | 03200/06880 | loss 4.2036 | ppl 66.93 | lr 0.0002998801 | 105.7s
Epoch 07 | 03300/06880 | loss 4.2035 | ppl 66.92 | lr 0.0002995435 | 109.1s
Epoch 07 | 03400/06880 | loss 4.2042 | ppl 66.97 | lr 0.0002992081 | 112.4s
Epoch 07 | 03500/06880 | loss 4.2042 | ppl 66.96 | lr 0.0002988739 | 115.7s
Epoch 07 | 03600/06880 | loss 4.2044 | ppl 66.98 | lr 0.0002985407 | 119.0s
Epoch 07 | 03700/06880 | loss 4.2046 | ppl 67.00 | lr 0.0002982087 | 122.3s
Epoch 07 | 03800/06880 | loss 4.2046 | ppl 66.99 | lr 0.0002978777 | 125.6s
Epoch 07 | 03900/06880 | loss 4.2048 | ppl 67.01 | lr 0.0002975479 | 128.7s
Epoch 07 | 04000/06880 | loss 4.2049 | ppl 67.01 | lr 0.0002972191 | 132.0s
Epoch 07 | 04100/06880 | loss 4.2049 | ppl 67.01 | lr 0.0002968915 | 135.4s
Epoch 07 | 04200/06880 | loss 4.2052 | ppl 67.04 | lr 0.0002965649 | 138.7s
Epoch 07 | 04300/06880 | loss 4.2049 | ppl 67.02 | lr 0.0002962394 | 142.0s
Epoch 07 | 04400/06880 | loss 4.2051 | ppl 67.03 | lr 0.000295915 | 145.3s
Epoch 07 | 04500/06880 | loss 4.2055 | ppl 67.05 | lr 0.0002955916 | 148.7s
Epoch 07 | 04600/06880 | loss 4.2056 | ppl 67.06 | lr 0.0002952693 | 152.0s
Epoch 07 | 04700/06880 | loss 4.2058 | ppl 67.07 | lr 0.000294948 | 155.3s
Epoch 07 | 04800/06880 | loss 4.2057 | ppl 67.07 | lr 0.0002946278 | 158.7s
Epoch 07 | 04900/06880 | loss 4.2058 | ppl 67.07 | lr 0.0002943087 | 162.0s
Epoch 07 | 05000/06880 | loss 4.2054 | ppl 67.04 | lr 0.0002939905 | 165.3s
Epoch 07 | 05100/06880 | loss 4.2054 | ppl 67.04 | lr 0.0002936734 | 168.6s
Epoch 07 | 05200/06880 | loss 4.2053 | ppl 67.04 | lr 0.0002933573 | 172.1s
Epoch 07 | 05300/06880 | loss 4.2055 | ppl 67.05 | lr 0.0002930423 | 175.5s
Epoch 07 | 05400/06880 | loss 4.2056 | ppl 67.06 | lr 0.0002927282 | 178.8s
Epoch 07 | 05500/06880 | loss 4.2056 | ppl 67.06 | lr 0.0002924152 | 182.0s
Epoch 07 | 05600/06880 | loss 4.2055 | ppl 67.06 | lr 0.0002921031 | 185.2s
Epoch 07 | 05700/06880 | loss 4.2057 | ppl 67.06 | lr 0.0002917921 | 188.5s
Epoch 07 | 05800/06880 | loss 4.2057 | ppl 67.06 | lr 0.000291482 | 191.8s
Epoch 07 | 05900/06880 | loss 4.2057 | ppl 67.07 | lr 0.000291173 | 195.1s
Epoch 07 | 06000/06880 | loss 4.2056 | ppl 67.06 | lr 0.0002908649 | 198.3s
Epoch 07 | 06100/06880 | loss 4.2053 | ppl 67.04 | lr 0.0002905578 | 201.5s
Epoch 07 | 06200/06880 | loss 4.2051 | ppl 67.02 | lr 0.0002902516 | 204.7s
Epoch 07 | 06300/06880 | loss 4.2053 | ppl 67.04 | lr 0.0002899464 | 208.1s
Epoch 07 | 06400/06880 | loss 4.2051 | ppl 67.03 | lr 0.0002896422 | 211.5s
Epoch 07 | 06500/06880 | loss 4.2050 | ppl 67.02 | lr 0.000289339 | 214.9s
Epoch 07 | 06600/06880 | loss 4.2050 | ppl 67.02 | lr 0.0002890367 | 218.2s
Epoch 07 | 06700/06880 | loss 4.2051 | ppl 67.03 | lr 0.0002887353 | 221.5s
Epoch 07 | 06800/06880 | loss 4.2050 | ppl 67.02 | lr 0.0002884349 | 224.7s
Epoch 07 complete | train loss 4.2050 | dev loss 4.0943 | train BLEU 12.42 | dev BLEU 10.23 | 235.4s
Epoch 08 | 00100/06880 | loss 4.1312 | ppl 62.25 | lr 0.0002878965 | 3.3s
Epoch 08 | 00200/06880 | loss 4.1493 | ppl 63.39 | lr 0.0002875987 | 6.6s
Epoch 08 | 00300/06880 | loss 4.1492 | ppl 63.39 | lr 0.0002873018 | 9.9s
Epoch 08 | 00400/06880 | loss 4.1500 | ppl 63.44 | lr 0.0002870058 | 13.2s
Epoch 08 | 00500/06880 | loss 4.1516 | ppl 63.54 | lr 0.0002867107 | 16.5s
Epoch 08 | 00600/06880 | loss 4.1539 | ppl 63.68 | lr 0.0002864166 | 19.8s
Epoch 08 | 00700/06880 | loss 4.1572 | ppl 63.89 | lr 0.0002861233 | 23.0s
Epoch 08 | 00800/06880 | loss 4.1579 | ppl 63.94 | lr 0.000285831 | 26.4s
Epoch 08 | 00900/06880 | loss 4.1585 | ppl 63.98 | lr 0.0002855395 | 29.7s
Epoch 08 | 01000/06880 | loss 4.1622 | ppl 64.21 | lr 0.000285249 | 32.9s
Epoch 08 | 01100/06880 | loss 4.1642 | ppl 64.34 | lr 0.0002849593 | 36.1s
Epoch 08 | 01200/06880 | loss 4.1657 | ppl 64.44 | lr 0.0002846705 | 39.4s
Epoch 08 | 01300/06880 | loss 4.1683 | ppl 64.61 | lr 0.0002843825 | 42.7s
Epoch 08 | 01400/06880 | loss 4.1691 | ppl 64.66 | lr 0.0002840955 | 46.0s
Epoch 08 | 01500/06880 | loss 4.1696 | ppl 64.69 | lr 0.0002838093 | 49.5s
Epoch 08 | 01600/06880 | loss 4.1712 | ppl 64.79 | lr 0.000283524 | 52.7s
Epoch 08 | 01700/06880 | loss 4.1722 | ppl 64.86 | lr 0.0002832395 | 56.0s
Epoch 08 | 01800/06880 | loss 4.1727 | ppl 64.89 | lr 0.0002829559 | 59.2s
Epoch 08 | 01900/06880 | loss 4.1740 | ppl 64.97 | lr 0.0002826732 | 62.5s
Epoch 08 | 02000/06880 | loss 4.1754 | ppl 65.06 | lr 0.0002823912 | 65.7s
Epoch 08 | 02100/06880 | loss 4.1764 | ppl 65.13 | lr 0.0002821102 | 69.0s
Epoch 08 | 02200/06880 | loss 4.1776 | ppl 65.21 | lr 0.0002818299 | 72.3s
Epoch 08 | 02300/06880 | loss 4.1780 | ppl 65.23 | lr 0.0002815505 | 75.6s
Epoch 08 | 02400/06880 | loss 4.1793 | ppl 65.32 | lr 0.000281272 | 79.0s
Epoch 08 | 02500/06880 | loss 4.1798 | ppl 65.35 | lr 0.0002809942 | 82.3s
Epoch 08 | 02600/06880 | loss 4.1802 | ppl 65.38 | lr 0.0002807173 | 85.5s
Epoch 08 | 02700/06880 | loss 4.1817 | ppl 65.48 | lr 0.0002804412 | 88.7s
Epoch 08 | 02800/06880 | loss 4.1824 | ppl 65.52 | lr 0.0002801659 | 92.0s
Epoch 08 | 02900/06880 | loss 4.1825 | ppl 65.53 | lr 0.0002798914 | 95.3s
Epoch 08 | 03000/06880 | loss 4.1827 | ppl 65.54 | lr 0.0002796177 | 98.6s
Epoch 08 | 03100/06880 | loss 4.1824 | ppl 65.52 | lr 0.0002793449 | 101.8s
Epoch 08 | 03200/06880 | loss 4.1828 | ppl 65.55 | lr 0.0002790728 | 105.1s
Epoch 08 | 03300/06880 | loss 4.1831 | ppl 65.57 | lr 0.0002788015 | 108.3s
Epoch 08 | 03400/06880 | loss 4.1833 | ppl 65.58 | lr 0.000278531 | 111.6s
Epoch 08 | 03500/06880 | loss 4.1838 | ppl 65.62 | lr 0.0002782613 | 115.0s
Epoch 08 | 03600/06880 | loss 4.1840 | ppl 65.63 | lr 0.0002779924 | 118.3s
Epoch 08 | 03700/06880 | loss 4.1844 | ppl 65.65 | lr 0.0002777242 | 121.6s
Epoch 08 | 03800/06880 | loss 4.1845 | ppl 65.66 | lr 0.0002774568 | 124.9s
Epoch 08 | 03900/06880 | loss 4.1848 | ppl 65.68 | lr 0.0002771902 | 128.2s
Epoch 08 | 04000/06880 | loss 4.1853 | ppl 65.71 | lr 0.0002769244 | 131.5s
Epoch 08 | 04100/06880 | loss 4.1854 | ppl 65.72 | lr 0.0002766593 | 134.8s
Epoch 08 | 04200/06880 | loss 4.1859 | ppl 65.75 | lr 0.000276395 | 138.1s
Epoch 08 | 04300/06880 | loss 4.1863 | ppl 65.78 | lr 0.0002761314 | 141.4s
Epoch 08 | 04400/06880 | loss 4.1861 | ppl 65.77 | lr 0.0002758686 | 144.7s
Epoch 08 | 04500/06880 | loss 4.1862 | ppl 65.77 | lr 0.0002756066 | 148.0s
Epoch 08 | 04600/06880 | loss 4.1864 | ppl 65.78 | lr 0.0002753453 | 151.3s
Epoch 08 | 04700/06880 | loss 4.1865 | ppl 65.79 | lr 0.0002750847 | 154.7s
Epoch 08 | 04800/06880 | loss 4.1866 | ppl 65.80 | lr 0.0002748249 | 158.0s
Epoch 08 | 04900/06880 | loss 4.1865 | ppl 65.79 | lr 0.0002745658 | 161.2s
Epoch 08 | 05000/06880 | loss 4.1871 | ppl 65.83 | lr 0.0002743074 | 164.5s
Epoch 08 | 05100/06880 | loss 4.1869 | ppl 65.82 | lr 0.0002740498 | 167.9s
Epoch 08 | 05200/06880 | loss 4.1869 | ppl 65.82 | lr 0.0002737928 | 171.3s
Epoch 08 | 05300/06880 | loss 4.1871 | ppl 65.83 | lr 0.0002735366 | 174.6s
Epoch 08 | 05400/06880 | loss 4.1875 | ppl 65.86 | lr 0.0002732812 | 177.8s
Epoch 08 | 05500/06880 | loss 4.1877 | ppl 65.87 | lr 0.0002730264 | 181.0s
Epoch 08 | 05600/06880 | loss 4.1880 | ppl 65.89 | lr 0.0002727724 | 184.3s
Epoch 08 | 05700/06880 | loss 4.1888 | ppl 65.94 | lr 0.000272519 | 187.6s
Epoch 08 | 05800/06880 | loss 4.1888 | ppl 65.94 | lr 0.0002722664 | 190.8s
Epoch 08 | 05900/06880 | loss 4.1888 | ppl 65.94 | lr 0.0002720144 | 194.1s
Epoch 08 | 06000/06880 | loss 4.1890 | ppl 65.96 | lr 0.0002717632 | 197.3s
Epoch 08 | 06100/06880 | loss 4.1893 | ppl 65.98 | lr 0.0002715127 | 200.5s
Epoch 08 | 06200/06880 | loss 4.1895 | ppl 65.99 | lr 0.0002712628 | 203.9s
Epoch 08 | 06300/06880 | loss 4.1899 | ppl 66.01 | lr 0.0002710137 | 207.3s
Epoch 08 | 06400/06880 | loss 4.1900 | ppl 66.02 | lr 0.0002707652 | 210.6s
Epoch 08 | 06500/06880 | loss 4.1902 | ppl 66.04 | lr 0.0002705174 | 213.8s
Epoch 08 | 06600/06880 | loss 4.1903 | ppl 66.04 | lr 0.0002702703 | 217.2s
Epoch 08 | 06700/06880 | loss 4.1907 | ppl 66.07 | lr 0.0002700238 | 220.5s
Epoch 08 | 06800/06880 | loss 4.1907 | ppl 66.07 | lr 0.0002697781 | 223.9s
Epoch 08 complete | train loss 4.1906 | dev loss 4.0815 | train BLEU 12.20 | dev BLEU 9.71 | 234.5s
{
  "best_epoch": 7,
  "best_dev_bleu": 10.226169159696875,
  "best_dev_loss": 4.094331296611245,
  "best_model": "/data/student/i2311021/projects/100-swing-drill/chapter_10_2020/models/97_tuning/bs64_lr1em03_radam/best_model.pt",
  "batch_size": 64,
  "learning_rate": 0.001,
  "optimizer": "radam"
}

========================================================================
Trial: bs64_lr1em04_adamw
========================================================================
GPU: NVIDIA RTX PRO 6000 Blackwell Max-Q Workstation Edition
Train: 440,286, Dev: 1,166
Epoch 01 | 00100/06880 | loss 9.6659 | ppl 15770.28 | lr 2.5e-06 | 4.1s
Epoch 01 | 00200/06880 | loss 9.5903 | ppl 14621.78 | lr 5e-06 | 7.5s
Epoch 01 | 00300/06880 | loss 9.5205 | ppl 13636.92 | lr 7.5e-06 | 11.0s
Epoch 01 | 00400/06880 | loss 9.4481 | ppl 12683.92 | lr 1e-05 | 14.7s
Epoch 01 | 00500/06880 | loss 9.3674 | ppl 11700.38 | lr 1.25e-05 | 18.1s
Epoch 01 | 00600/06880 | loss 9.2763 | ppl 10681.31 | lr 1.5e-05 | 21.5s
Epoch 01 | 00700/06880 | loss 9.1755 | ppl 9657.38 | lr 1.75e-05 | 24.8s
Epoch 01 | 00800/06880 | loss 9.0683 | ppl 8675.48 | lr 2e-05 | 28.0s
Epoch 01 | 00900/06880 | loss 8.9553 | ppl 7749.05 | lr 2.25e-05 | 31.3s
Epoch 01 | 01000/06880 | loss 8.8454 | ppl 6942.59 | lr 2.5e-05 | 34.5s
Epoch 01 | 01100/06880 | loss 8.7395 | ppl 6244.47 | lr 2.75e-05 | 37.8s
Epoch 01 | 01200/06880 | loss 8.6398 | ppl 5652.15 | lr 3e-05 | 41.0s
Epoch 01 | 01300/06880 | loss 8.5488 | ppl 5160.63 | lr 3.25e-05 | 44.3s
Epoch 01 | 01400/06880 | loss 8.4658 | ppl 4749.73 | lr 3.5e-05 | 47.7s
Epoch 01 | 01500/06880 | loss 8.3880 | ppl 4393.88 | lr 3.75e-05 | 51.3s
Epoch 01 | 01600/06880 | loss 8.3136 | ppl 4078.93 | lr 4e-05 | 54.6s
Epoch 01 | 01700/06880 | loss 8.2439 | ppl 3804.20 | lr 4.25e-05 | 57.9s
Epoch 01 | 01800/06880 | loss 8.1781 | ppl 3562.17 | lr 4.5e-05 | 61.0s
Epoch 01 | 01900/06880 | loss 8.1145 | ppl 3342.71 | lr 4.75e-05 | 64.3s
Epoch 01 | 02000/06880 | loss 8.0535 | ppl 3144.63 | lr 5e-05 | 67.6s
Epoch 01 | 02100/06880 | loss 7.9963 | ppl 2970.01 | lr 5.25e-05 | 70.9s
Epoch 01 | 02200/06880 | loss 7.9414 | ppl 2811.30 | lr 5.5e-05 | 74.2s
Epoch 01 | 02300/06880 | loss 7.8882 | ppl 2665.56 | lr 5.75e-05 | 77.5s
Epoch 01 | 02400/06880 | loss 7.8376 | ppl 2534.09 | lr 6e-05 | 80.8s
Epoch 01 | 02500/06880 | loss 7.7888 | ppl 2413.31 | lr 6.25e-05 | 84.1s
Epoch 01 | 02600/06880 | loss 7.7420 | ppl 2303.14 | lr 6.5e-05 | 87.4s
Epoch 01 | 02700/06880 | loss 7.6964 | ppl 2200.31 | lr 6.75e-05 | 90.8s
Epoch 01 | 02800/06880 | loss 7.6532 | ppl 2107.41 | lr 7e-05 | 94.1s
Epoch 01 | 02900/06880 | loss 7.6118 | ppl 2021.82 | lr 7.25e-05 | 97.4s
Epoch 01 | 03000/06880 | loss 7.5708 | ppl 1940.77 | lr 7.5e-05 | 100.8s
Epoch 01 | 03100/06880 | loss 7.5312 | ppl 1865.36 | lr 7.75e-05 | 104.1s
Epoch 01 | 03200/06880 | loss 7.4936 | ppl 1796.52 | lr 8e-05 | 107.5s
Epoch 01 | 03300/06880 | loss 7.4577 | ppl 1733.16 | lr 8.25e-05 | 110.7s
Epoch 01 | 03400/06880 | loss 7.4222 | ppl 1672.74 | lr 8.5e-05 | 114.0s
Epoch 01 | 03500/06880 | loss 7.3873 | ppl 1615.31 | lr 8.75e-05 | 117.3s
Epoch 01 | 03600/06880 | loss 7.3538 | ppl 1562.10 | lr 9e-05 | 120.6s
Epoch 01 | 03700/06880 | loss 7.3211 | ppl 1511.92 | lr 9.25e-05 | 124.0s
Epoch 01 | 03800/06880 | loss 7.2898 | ppl 1465.24 | lr 9.5e-05 | 127.5s
Epoch 01 | 03900/06880 | loss 7.2589 | ppl 1420.69 | lr 9.75e-05 | 131.0s
Epoch 01 | 04000/06880 | loss 7.2289 | ppl 1378.71 | lr 0.0001 | 134.5s
Epoch 01 | 04100/06880 | loss 7.1998 | ppl 1339.19 | lr 9.877296e-05 | 138.1s
Epoch 01 | 04200/06880 | loss 7.1715 | ppl 1301.85 | lr 9.759001e-05 | 141.7s
Epoch 01 | 04300/06880 | loss 7.1441 | ppl 1266.59 | lr 9.644856e-05 | 145.2s
Epoch 01 | 04400/06880 | loss 7.1170 | ppl 1232.70 | lr 9.534626e-05 | 148.6s
Epoch 01 | 04500/06880 | loss 7.0910 | ppl 1201.11 | lr 9.42809e-05 | 151.9s
Epoch 01 | 04600/06880 | loss 7.0652 | ppl 1170.54 | lr 9.325048e-05 | 155.2s
Epoch 01 | 04700/06880 | loss 7.0405 | ppl 1141.96 | lr 9.225312e-05 | 158.6s
Epoch 01 | 04800/06880 | loss 7.0157 | ppl 1114.00 | lr 9.128709e-05 | 161.8s
Epoch 01 | 04900/06880 | loss 6.9916 | ppl 1087.41 | lr 9.035079e-05 | 165.1s
Epoch 01 | 05000/06880 | loss 6.9682 | ppl 1062.31 | lr 8.944272e-05 | 168.4s
Epoch 01 | 05100/06880 | loss 6.9458 | ppl 1038.82 | lr 8.856149e-05 | 171.5s
Epoch 01 | 05200/06880 | loss 6.9236 | ppl 1015.98 | lr 8.77058e-05 | 174.8s
Epoch 01 | 05300/06880 | loss 6.9020 | ppl 994.26 | lr 8.687445e-05 | 178.1s
Epoch 01 | 05400/06880 | loss 6.8807 | ppl 973.30 | lr 8.60663e-05 | 181.5s
Epoch 01 | 05500/06880 | loss 6.8599 | ppl 953.28 | lr 8.528029e-05 | 184.8s
Epoch 01 | 05600/06880 | loss 6.8398 | ppl 934.28 | lr 8.451543e-05 | 188.3s
Epoch 01 | 05700/06880 | loss 6.8200 | ppl 916.02 | lr 8.377078e-05 | 191.5s
Epoch 01 | 05800/06880 | loss 6.8004 | ppl 898.20 | lr 8.304548e-05 | 195.0s
Epoch 01 | 05900/06880 | loss 6.7816 | ppl 881.47 | lr 8.23387e-05 | 198.5s
Epoch 01 | 06000/06880 | loss 6.7632 | ppl 865.38 | lr 8.164966e-05 | 201.9s
Epoch 01 | 06100/06880 | loss 6.7453 | ppl 850.10 | lr 8.097763e-05 | 205.2s
Epoch 01 | 06200/06880 | loss 6.7275 | ppl 835.08 | lr 8.032193e-05 | 208.6s
Epoch 01 | 06300/06880 | loss 6.7102 | ppl 820.72 | lr 7.968191e-05 | 211.9s
Epoch 01 | 06400/06880 | loss 6.6931 | ppl 806.80 | lr 7.905694e-05 | 215.2s
Epoch 01 | 06500/06880 | loss 6.6764 | ppl 793.43 | lr 7.844645e-05 | 218.5s
Epoch 01 | 06600/06880 | loss 6.6600 | ppl 780.56 | lr 7.784989e-05 | 221.7s
Epoch 01 | 06700/06880 | loss 6.6442 | ppl 768.31 | lr 7.726674e-05 | 225.2s
Epoch 01 | 06800/06880 | loss 6.6283 | ppl 756.21 | lr 7.66965e-05 | 228.6s
/data/student/i2311021/conda_envs/100-swing-drill-gpu/lib/python3.10/site-packages/torch/nn/modules/transformer.py:531: UserWarning: The PyTorch API of nested tensors is in prototype stage and will change in the near future. We recommend specifying layout=torch.jagged when constructing a nested tensor, as this layout receives active development, has better operator coverage, and works with torch.compile. (Triggered internally at /pytorch/aten/src/ATen/NestedTensorImpl.cpp:178.)
  output = torch._nested_tensor_from_mask(
Epoch 01 complete | train loss 6.6163 | dev loss 5.6372 | train BLEU 1.99 | dev BLEU 1.31 | 240.0s
Epoch 02 | 00100/06880 | loss 5.5431 | ppl 255.46 | lr 7.570112e-05 | 3.5s
Epoch 02 | 00200/06880 | loss 5.5345 | ppl 253.29 | lr 7.51646e-05 | 7.1s
Epoch 02 | 00300/06880 | loss 5.5237 | ppl 250.57 | lr 7.463934e-05 | 10.5s
Epoch 02 | 00400/06880 | loss 5.5196 | ppl 249.54 | lr 7.412493e-05 | 13.8s
Epoch 02 | 00500/06880 | loss 5.5186 | ppl 249.29 | lr 7.362102e-05 | 17.1s
Epoch 02 | 00600/06880 | loss 5.5166 | ppl 248.79 | lr 7.312724e-05 | 20.4s
Epoch 02 | 00700/06880 | loss 5.5111 | ppl 247.43 | lr 7.264327e-05 | 23.7s
Epoch 02 | 00800/06880 | loss 5.5088 | ppl 246.86 | lr 7.216878e-05 | 27.0s
Epoch 02 | 00900/06880 | loss 5.5044 | ppl 245.78 | lr 7.170347e-05 | 30.4s
Epoch 02 | 01000/06880 | loss 5.5001 | ppl 244.72 | lr 7.124705e-05 | 33.6s
Epoch 02 | 01100/06880 | loss 5.4955 | ppl 243.58 | lr 7.079923e-05 | 36.9s
Epoch 02 | 01200/06880 | loss 5.4922 | ppl 242.79 | lr 7.035975e-05 | 40.1s
Epoch 02 | 01300/06880 | loss 5.4887 | ppl 241.93 | lr 6.992836e-05 | 43.4s
Epoch 02 | 01400/06880 | loss 5.4845 | ppl 240.92 | lr 6.95048e-05 | 46.7s
Epoch 02 | 01500/06880 | loss 5.4812 | ppl 240.14 | lr 6.908885e-05 | 50.0s
Epoch 02 | 01600/06880 | loss 5.4768 | ppl 239.07 | lr 6.868028e-05 | 53.2s
Epoch 02 | 01700/06880 | loss 5.4734 | ppl 238.28 | lr 6.827887e-05 | 56.6s
Epoch 02 | 01800/06880 | loss 5.4693 | ppl 237.30 | lr 6.788442e-05 | 60.1s
Epoch 02 | 01900/06880 | loss 5.4644 | ppl 236.14 | lr 6.749673e-05 | 63.7s
Epoch 02 | 02000/06880 | loss 5.4604 | ppl 235.18 | lr 6.711561e-05 | 67.2s
Epoch 02 | 02100/06880 | loss 5.4559 | ppl 234.13 | lr 6.674086e-05 | 70.8s
Epoch 02 | 02200/06880 | loss 5.4523 | ppl 233.28 | lr 6.637233e-05 | 74.3s
Epoch 02 | 02300/06880 | loss 5.4477 | ppl 232.23 | lr 6.600984e-05 | 77.6s
Epoch 02 | 02400/06880 | loss 5.4437 | ppl 231.29 | lr 6.565322e-05 | 80.9s
Epoch 02 | 02500/06880 | loss 5.4398 | ppl 230.41 | lr 6.530231e-05 | 84.2s
Epoch 02 | 02600/06880 | loss 5.4350 | ppl 229.30 | lr 6.495698e-05 | 87.7s
Epoch 02 | 02700/06880 | loss 5.4313 | ppl 228.44 | lr 6.461707e-05 | 91.3s
Epoch 02 | 02800/06880 | loss 5.4273 | ppl 227.53 | lr 6.428243e-05 | 94.9s
Epoch 02 | 02900/06880 | loss 5.4233 | ppl 226.62 | lr 6.395295e-05 | 98.4s
Epoch 02 | 03000/06880 | loss 5.4192 | ppl 225.69 | lr 6.362848e-05 | 101.8s
Epoch 02 | 03100/06880 | loss 5.4154 | ppl 224.85 | lr 6.330889e-05 | 105.4s
Epoch 02 | 03200/06880 | loss 5.4117 | ppl 224.02 | lr 6.299408e-05 | 108.9s
Epoch 02 | 03300/06880 | loss 5.4082 | ppl 223.23 | lr 6.268391e-05 | 112.3s
Epoch 02 | 03400/06880 | loss 5.4047 | ppl 222.44 | lr 6.237829e-05 | 115.7s
Epoch 02 | 03500/06880 | loss 5.4008 | ppl 221.57 | lr 6.207709e-05 | 119.0s
Epoch 02 | 03600/06880 | loss 5.3974 | ppl 220.84 | lr 6.178021e-05 | 122.4s
Epoch 02 | 03700/06880 | loss 5.3937 | ppl 220.01 | lr 6.148755e-05 | 125.9s
Epoch 02 | 03800/06880 | loss 5.3902 | ppl 219.25 | lr 6.119901e-05 | 129.3s
Epoch 02 | 03900/06880 | loss 5.3865 | ppl 218.43 | lr 6.091449e-05 | 132.7s
Epoch 02 | 04000/06880 | loss 5.3832 | ppl 217.72 | lr 6.063391e-05 | 136.0s
Epoch 02 | 04100/06880 | loss 5.3798 | ppl 216.99 | lr 6.035716e-05 | 139.4s
Epoch 02 | 04200/06880 | loss 5.3762 | ppl 216.20 | lr 6.008418e-05 | 142.7s
Epoch 02 | 04300/06880 | loss 5.3721 | ppl 215.31 | lr 5.981486e-05 | 146.1s
Epoch 02 | 04400/06880 | loss 5.3687 | ppl 214.59 | lr 5.954913e-05 | 149.5s
Epoch 02 | 04500/06880 | loss 5.3652 | ppl 213.82 | lr 5.928692e-05 | 153.0s
Epoch 02 | 04600/06880 | loss 5.3622 | ppl 213.20 | lr 5.902813e-05 | 156.3s
Epoch 02 | 04700/06880 | loss 5.3589 | ppl 212.49 | lr 5.877271e-05 | 159.6s
Epoch 02 | 04800/06880 | loss 5.3558 | ppl 211.84 | lr 5.852057e-05 | 163.0s
Epoch 02 | 04900/06880 | loss 5.3523 | ppl 211.10 | lr 5.827165e-05 | 166.4s
Epoch 02 | 05000/06880 | loss 5.3487 | ppl 210.34 | lr 5.802589e-05 | 169.7s
Epoch 02 | 05100/06880 | loss 5.3453 | ppl 209.62 | lr 5.77832e-05 | 173.0s
Epoch 02 | 05200/06880 | loss 5.3421 | ppl 208.96 | lr 5.754353e-05 | 176.3s
Epoch 02 | 05300/06880 | loss 5.3389 | ppl 208.28 | lr 5.730683e-05 | 179.6s
Epoch 02 | 05400/06880 | loss 5.3356 | ppl 207.60 | lr 5.707301e-05 | 182.9s
Epoch 02 | 05500/06880 | loss 5.3323 | ppl 206.91 | lr 5.684204e-05 | 186.3s
Epoch 02 | 05600/06880 | loss 5.3290 | ppl 206.23 | lr 5.661385e-05 | 189.6s
Epoch 02 | 05700/06880 | loss 5.3256 | ppl 205.54 | lr 5.638839e-05 | 192.9s
Epoch 02 | 05800/06880 | loss 5.3222 | ppl 204.84 | lr 5.61656e-05 | 196.2s
Epoch 02 | 05900/06880 | loss 5.3191 | ppl 204.21 | lr 5.594542e-05 | 199.4s
Epoch 02 | 06000/06880 | loss 5.3160 | ppl 203.56 | lr 5.572782e-05 | 202.8s
Epoch 02 | 06100/06880 | loss 5.3128 | ppl 202.92 | lr 5.551274e-05 | 206.1s
Epoch 02 | 06200/06880 | loss 5.3095 | ppl 202.26 | lr 5.530013e-05 | 209.4s
Epoch 02 | 06300/06880 | loss 5.3064 | ppl 201.62 | lr 5.508994e-05 | 212.7s
Epoch 02 | 06400/06880 | loss 5.3033 | ppl 201.01 | lr 5.488213e-05 | 216.0s
Epoch 02 | 06500/06880 | loss 5.3005 | ppl 200.43 | lr 5.467666e-05 | 219.4s
Epoch 02 | 06600/06880 | loss 5.2974 | ppl 199.82 | lr 5.447347e-05 | 223.0s
Epoch 02 | 06700/06880 | loss 5.2945 | ppl 199.24 | lr 5.427254e-05 | 226.5s
Epoch 02 | 06800/06880 | loss 5.2915 | ppl 198.64 | lr 5.407381e-05 | 230.1s
Epoch 02 complete | train loss 5.2893 | dev loss 5.1144 | train BLEU 4.41 | dev BLEU 3.24 | 241.2s
Epoch 03 | 00100/06880 | loss 5.0706 | ppl 159.27 | lr 5.372153e-05 | 3.4s
Epoch 03 | 00200/06880 | loss 5.0606 | ppl 157.68 | lr 5.352877e-05 | 6.8s
Epoch 03 | 00300/06880 | loss 5.0530 | ppl 156.50 | lr 5.333807e-05 | 10.2s
Epoch 03 | 00400/06880 | loss 5.0510 | ppl 156.18 | lr 5.31494e-05 | 13.6s
Epoch 03 | 00500/06880 | loss 5.0464 | ppl 155.46 | lr 5.296271e-05 | 16.9s
Epoch 03 | 00600/06880 | loss 5.0478 | ppl 155.67 | lr 5.277798e-05 | 20.3s
Epoch 03 | 00700/06880 | loss 5.0462 | ppl 155.44 | lr 5.259517e-05 | 23.7s
Epoch 03 | 00800/06880 | loss 5.0441 | ppl 155.10 | lr 5.241424e-05 | 27.3s
Epoch 03 | 00900/06880 | loss 5.0419 | ppl 154.76 | lr 5.223517e-05 | 30.8s
Epoch 03 | 01000/06880 | loss 5.0393 | ppl 154.35 | lr 5.205792e-05 | 34.2s
Epoch 03 | 01100/06880 | loss 5.0378 | ppl 154.14 | lr 5.188246e-05 | 37.5s
Epoch 03 | 01200/06880 | loss 5.0355 | ppl 153.77 | lr 5.170877e-05 | 40.8s
Epoch 03 | 01300/06880 | loss 5.0335 | ppl 153.47 | lr 5.153681e-05 | 44.0s
Epoch 03 | 01400/06880 | loss 5.0307 | ppl 153.04 | lr 5.136655e-05 | 47.3s
Epoch 03 | 01500/06880 | loss 5.0290 | ppl 152.79 | lr 5.119797e-05 | 50.6s
Epoch 03 | 01600/06880 | loss 5.0271 | ppl 152.50 | lr 5.103104e-05 | 54.1s
Epoch 03 | 01700/06880 | loss 5.0254 | ppl 152.24 | lr 5.086573e-05 | 57.6s
Epoch 03 | 01800/06880 | loss 5.0232 | ppl 151.90 | lr 5.070201e-05 | 60.9s
Epoch 03 | 01900/06880 | loss 5.0210 | ppl 151.56 | lr 5.053987e-05 | 64.5s
Epoch 03 | 02000/06880 | loss 5.0192 | ppl 151.29 | lr 5.037927e-05 | 68.1s
Epoch 03 | 02100/06880 | loss 5.0177 | ppl 151.07 | lr 5.02202e-05 | 71.6s
Epoch 03 | 02200/06880 | loss 5.0153 | ppl 150.71 | lr 5.006262e-05 | 75.2s
Epoch 03 | 02300/06880 | loss 5.0136 | ppl 150.44 | lr 4.990651e-05 | 78.9s
Epoch 03 | 02400/06880 | loss 5.0122 | ppl 150.23 | lr 4.975186e-05 | 82.7s
Epoch 03 | 02500/06880 | loss 5.0105 | ppl 149.98 | lr 4.959864e-05 | 86.3s
Epoch 03 | 02600/06880 | loss 5.0086 | ppl 149.70 | lr 4.944682e-05 | 89.9s
Epoch 03 | 02700/06880 | loss 5.0065 | ppl 149.38 | lr 4.929639e-05 | 93.1s
Epoch 03 | 02800/06880 | loss 5.0052 | ppl 149.19 | lr 4.914732e-05 | 96.4s
Epoch 03 | 02900/06880 | loss 5.0030 | ppl 148.86 | lr 4.89996e-05 | 99.6s
Epoch 03 | 03000/06880 | loss 5.0005 | ppl 148.48 | lr 4.88532e-05 | 102.8s
Epoch 03 | 03100/06880 | loss 4.9987 | ppl 148.22 | lr 4.87081e-05 | 106.0s
Epoch 03 | 03200/06880 | loss 4.9970 | ppl 147.97 | lr 4.856429e-05 | 109.3s
Epoch 03 | 03300/06880 | loss 4.9948 | ppl 147.64 | lr 4.842175e-05 | 112.6s
Epoch 03 | 03400/06880 | loss 4.9932 | ppl 147.41 | lr 4.828045e-05 | 116.1s
Epoch 03 | 03500/06880 | loss 4.9912 | ppl 147.11 | lr 4.814039e-05 | 119.5s
Epoch 03 | 03600/06880 | loss 4.9896 | ppl 146.88 | lr 4.800154e-05 | 123.0s
Epoch 03 | 03700/06880 | loss 4.9873 | ppl 146.54 | lr 4.786388e-05 | 126.5s
Epoch 03 | 03800/06880 | loss 4.9857 | ppl 146.30 | lr 4.77274e-05 | 130.0s
Epoch 03 | 03900/06880 | loss 4.9834 | ppl 145.97 | lr 4.759208e-05 | 133.6s
Epoch 03 | 04000/06880 | loss 4.9820 | ppl 145.77 | lr 4.74579e-05 | 137.2s
Epoch 03 | 04100/06880 | loss 4.9800 | ppl 145.48 | lr 4.732485e-05 | 140.9s
Epoch 03 | 04200/06880 | loss 4.9783 | ppl 145.23 | lr 4.719292e-05 | 144.4s
Epoch 03 | 04300/06880 | loss 4.9768 | ppl 145.01 | lr 4.706208e-05 | 147.8s
Epoch 03 | 04400/06880 | loss 4.9754 | ppl 144.81 | lr 4.693233e-05 | 151.0s
Epoch 03 | 04500/06880 | loss 4.9736 | ppl 144.54 | lr 4.680364e-05 | 154.4s
Epoch 03 | 04600/06880 | loss 4.9716 | ppl 144.26 | lr 4.6676e-05 | 157.7s
Epoch 03 | 04700/06880 | loss 4.9697 | ppl 143.98 | lr 4.654941e-05 | 161.1s
Epoch 03 | 04800/06880 | loss 4.9680 | ppl 143.74 | lr 4.642383e-05 | 164.5s
Epoch 03 | 04900/06880 | loss 4.9664 | ppl 143.51 | lr 4.629927e-05 | 167.8s
Epoch 03 | 05000/06880 | loss 4.9646 | ppl 143.25 | lr 4.617571e-05 | 171.2s
Epoch 03 | 05100/06880 | loss 4.9624 | ppl 142.94 | lr 4.605313e-05 | 174.5s
Epoch 03 | 05200/06880 | loss 4.9603 | ppl 142.64 | lr 4.593152e-05 | 177.9s
Epoch 03 | 05300/06880 | loss 4.9585 | ppl 142.38 | lr 4.581087e-05 | 181.1s
Epoch 03 | 05400/06880 | loss 4.9565 | ppl 142.10 | lr 4.569117e-05 | 184.5s
Epoch 03 | 05500/06880 | loss 4.9546 | ppl 141.82 | lr 4.55724e-05 | 187.8s
Epoch 03 | 05600/06880 | loss 4.9529 | ppl 141.59 | lr 4.545455e-05 | 191.1s
Epoch 03 | 05700/06880 | loss 4.9514 | ppl 141.37 | lr 4.533761e-05 | 194.3s
Epoch 03 | 05800/06880 | loss 4.9496 | ppl 141.13 | lr 4.522156e-05 | 197.6s
Epoch 03 | 05900/06880 | loss 4.9479 | ppl 140.87 | lr 4.510641e-05 | 200.7s
Epoch 03 | 06000/06880 | loss 4.9464 | ppl 140.66 | lr 4.499213e-05 | 203.9s
Epoch 03 | 06100/06880 | loss 4.9449 | ppl 140.45 | lr 4.487871e-05 | 207.2s
Epoch 03 | 06200/06880 | loss 4.9433 | ppl 140.24 | lr 4.476615e-05 | 210.6s
Epoch 03 | 06300/06880 | loss 4.9420 | ppl 140.05 | lr 4.465443e-05 | 213.9s
Epoch 03 | 06400/06880 | loss 4.9403 | ppl 139.82 | lr 4.454354e-05 | 217.5s
Epoch 03 | 06500/06880 | loss 4.9385 | ppl 139.56 | lr 4.443347e-05 | 221.0s
Epoch 03 | 06600/06880 | loss 4.9370 | ppl 139.35 | lr 4.432422e-05 | 224.5s
Epoch 03 | 06700/06880 | loss 4.9356 | ppl 139.15 | lr 4.421577e-05 | 227.9s
Epoch 03 | 06800/06880 | loss 4.9341 | ppl 138.94 | lr 4.410811e-05 | 231.1s
Epoch 03 complete | train loss 4.9327 | dev loss 4.8269 | train BLEU 5.92 | dev BLEU 4.60 | 242.1s
Epoch 04 | 00100/06880 | loss 4.8037 | ppl 121.96 | lr 4.391629e-05 | 3.4s
Epoch 04 | 00200/06880 | loss 4.7897 | ppl 120.26 | lr 4.38108e-05 | 6.7s
Epoch 04 | 00300/06880 | loss 4.7868 | ppl 119.92 | lr 4.370606e-05 | 9.9s
Epoch 04 | 00400/06880 | loss 4.7854 | ppl 119.75 | lr 4.360207e-05 | 13.1s
Epoch 04 | 00500/06880 | loss 4.7859 | ppl 119.81 | lr 4.349882e-05 | 16.4s
Epoch 04 | 00600/06880 | loss 4.7848 | ppl 119.68 | lr 4.33963e-05 | 19.5s
Epoch 04 | 00700/06880 | loss 4.7826 | ppl 119.41 | lr 4.329451e-05 | 22.8s
Epoch 04 | 00800/06880 | loss 4.7846 | ppl 119.65 | lr 4.319342e-05 | 26.1s
Epoch 04 | 00900/06880 | loss 4.7822 | ppl 119.37 | lr 4.309304e-05 | 29.4s
Epoch 04 | 01000/06880 | loss 4.7799 | ppl 119.10 | lr 4.299336e-05 | 32.7s
Epoch 04 | 01100/06880 | loss 4.7781 | ppl 118.88 | lr 4.289436e-05 | 35.9s
Epoch 04 | 01200/06880 | loss 4.7764 | ppl 118.67 | lr 4.279605e-05 | 39.2s
Epoch 04 | 01300/06880 | loss 4.7752 | ppl 118.53 | lr 4.269841e-05 | 42.4s
Epoch 04 | 01400/06880 | loss 4.7739 | ppl 118.38 | lr 4.260143e-05 | 45.8s
Epoch 04 | 01500/06880 | loss 4.7737 | ppl 118.36 | lr 4.250511e-05 | 49.3s
Epoch 04 | 01600/06880 | loss 4.7722 | ppl 118.18 | lr 4.240945e-05 | 52.9s
Epoch 04 | 01700/06880 | loss 4.7705 | ppl 117.98 | lr 4.231442e-05 | 56.4s
Epoch 04 | 01800/06880 | loss 4.7697 | ppl 117.88 | lr 4.222003e-05 | 59.7s
Epoch 04 | 01900/06880 | loss 4.7674 | ppl 117.62 | lr 4.212627e-05 | 63.0s
Epoch 04 | 02000/06880 | loss 4.7651 | ppl 117.34 | lr 4.203314e-05 | 66.5s
Epoch 04 | 02100/06880 | loss 4.7635 | ppl 117.16 | lr 4.194061e-05 | 70.0s
Epoch 04 | 02200/06880 | loss 4.7630 | ppl 117.09 | lr 4.18487e-05 | 73.5s
Epoch 04 | 02300/06880 | loss 4.7618 | ppl 116.96 | lr 4.175738e-05 | 77.0s
Epoch 04 | 02400/06880 | loss 4.7610 | ppl 116.86 | lr 4.166667e-05 | 80.5s
Epoch 04 | 02500/06880 | loss 4.7597 | ppl 116.71 | lr 4.157654e-05 | 83.8s
Epoch 04 | 02600/06880 | loss 4.7586 | ppl 116.58 | lr 4.148699e-05 | 87.0s
Epoch 04 | 02700/06880 | loss 4.7575 | ppl 116.46 | lr 4.139802e-05 | 90.4s
Epoch 04 | 02800/06880 | loss 4.7562 | ppl 116.30 | lr 4.130962e-05 | 93.9s
Epoch 04 | 02900/06880 | loss 4.7550 | ppl 116.17 | lr 4.122178e-05 | 97.4s
Epoch 04 | 03000/06880 | loss 4.7542 | ppl 116.07 | lr 4.11345e-05 | 100.8s
Epoch 04 | 03100/06880 | loss 4.7534 | ppl 115.98 | lr 4.104778e-05 | 104.2s
Epoch 04 | 03200/06880 | loss 4.7526 | ppl 115.88 | lr 4.09616e-05 | 107.7s
Epoch 04 | 03300/06880 | loss 4.7513 | ppl 115.73 | lr 4.087596e-05 | 111.0s
Epoch 04 | 03400/06880 | loss 4.7503 | ppl 115.61 | lr 4.079085e-05 | 114.3s
Epoch 04 | 03500/06880 | loss 4.7494 | ppl 115.52 | lr 4.070628e-05 | 117.9s
Epoch 04 | 03600/06880 | loss 4.7483 | ppl 115.39 | lr 4.062222e-05 | 121.2s
Epoch 04 | 03700/06880 | loss 4.7475 | ppl 115.29 | lr 4.053869e-05 | 124.8s
Epoch 04 | 03800/06880 | loss 4.7468 | ppl 115.21 | lr 4.045567e-05 | 128.3s
Epoch 04 | 03900/06880 | loss 4.7453 | ppl 115.04 | lr 4.037316e-05 | 131.7s
Epoch 04 | 04000/06880 | loss 4.7440 | ppl 114.89 | lr 4.029115e-05 | 135.1s
Epoch 04 | 04100/06880 | loss 4.7437 | ppl 114.86 | lr 4.020964e-05 | 138.7s
Epoch 04 | 04200/06880 | loss 4.7423 | ppl 114.70 | lr 4.012862e-05 | 142.2s
Epoch 04 | 04300/06880 | loss 4.7412 | ppl 114.57 | lr 4.004809e-05 | 145.8s
Epoch 04 | 04400/06880 | loss 4.7397 | ppl 114.40 | lr 3.996804e-05 | 149.4s
Epoch 04 | 04500/06880 | loss 4.7389 | ppl 114.30 | lr 3.988847e-05 | 152.9s
Epoch 04 | 04600/06880 | loss 4.7375 | ppl 114.15 | lr 3.980937e-05 | 156.4s
Epoch 04 | 04700/06880 | loss 4.7364 | ppl 114.02 | lr 3.973074e-05 | 159.8s
Epoch 04 | 04800/06880 | loss 4.7351 | ppl 113.87 | lr 3.965258e-05 | 163.4s
Epoch 04 | 04900/06880 | loss 4.7342 | ppl 113.78 | lr 3.957487e-05 | 166.7s
Epoch 04 | 05000/06880 | loss 4.7330 | ppl 113.64 | lr 3.949763e-05 | 170.1s
Epoch 04 | 05100/06880 | loss 4.7320 | ppl 113.52 | lr 3.942083e-05 | 173.5s
Epoch 04 | 05200/06880 | loss 4.7309 | ppl 113.40 | lr 3.934447e-05 | 176.8s
Epoch 04 | 05300/06880 | loss 4.7299 | ppl 113.29 | lr 3.926856e-05 | 180.1s
Epoch 04 | 05400/06880 | loss 4.7290 | ppl 113.18 | lr 3.919309e-05 | 183.3s
Epoch 04 | 05500/06880 | loss 4.7277 | ppl 113.03 | lr 3.911805e-05 | 186.6s
Epoch 04 | 05600/06880 | loss 4.7265 | ppl 112.90 | lr 3.904344e-05 | 189.9s
Epoch 04 | 05700/06880 | loss 4.7254 | ppl 112.78 | lr 3.896926e-05 | 193.1s
Epoch 04 | 05800/06880 | loss 4.7246 | ppl 112.69 | lr 3.889549e-05 | 196.5s
Epoch 04 | 05900/06880 | loss 4.7236 | ppl 112.58 | lr 3.882215e-05 | 199.8s
Epoch 04 | 06000/06880 | loss 4.7226 | ppl 112.47 | lr 3.874921e-05 | 203.2s
Epoch 04 | 06100/06880 | loss 4.7220 | ppl 112.40 | lr 3.867669e-05 | 206.5s
Epoch 04 | 06200/06880 | loss 4.7212 | ppl 112.30 | lr 3.860457e-05 | 209.8s
Epoch 04 | 06300/06880 | loss 4.7202 | ppl 112.19 | lr 3.853286e-05 | 213.1s
Epoch 04 | 06400/06880 | loss 4.7192 | ppl 112.07 | lr 3.846154e-05 | 216.4s
Epoch 04 | 06500/06880 | loss 4.7182 | ppl 111.96 | lr 3.839062e-05 | 219.7s
Epoch 04 | 06600/06880 | loss 4.7169 | ppl 111.82 | lr 3.832008e-05 | 223.0s
Epoch 04 | 06700/06880 | loss 4.7158 | ppl 111.70 | lr 3.824994e-05 | 226.3s
Epoch 04 | 06800/06880 | loss 4.7146 | ppl 111.56 | lr 3.818018e-05 | 229.5s
Epoch 04 complete | train loss 4.7138 | dev loss 4.6403 | train BLEU 7.27 | dev BLEU 5.48 | 239.9s
Epoch 05 | 00100/06880 | loss 4.6065 | ppl 100.14 | lr 3.805556e-05 | 3.4s
Epoch 05 | 00200/06880 | loss 4.6063 | ppl 100.12 | lr 3.798686e-05 | 6.8s
Epoch 05 | 00300/06880 | loss 4.6058 | ppl 100.06 | lr 3.791852e-05 | 10.2s
Epoch 05 | 00400/06880 | loss 4.6104 | ppl 100.52 | lr 3.785056e-05 | 13.6s
Epoch 05 | 00500/06880 | loss 4.6085 | ppl 100.34 | lr 3.778296e-05 | 16.9s
Epoch 05 | 00600/06880 | loss 4.6066 | ppl 100.15 | lr 3.771571e-05 | 20.3s
Epoch 05 | 00700/06880 | loss 4.6054 | ppl 100.02 | lr 3.764883e-05 | 23.6s
Epoch 05 | 00800/06880 | loss 4.6049 | ppl 99.97 | lr 3.75823e-05 | 26.9s
Epoch 05 | 00900/06880 | loss 4.6055 | ppl 100.04 | lr 3.751612e-05 | 30.2s
Epoch 05 | 01000/06880 | loss 4.6044 | ppl 99.92 | lr 3.745029e-05 | 33.6s
Epoch 05 | 01100/06880 | loss 4.6055 | ppl 100.03 | lr 3.738481e-05 | 37.2s
Epoch 05 | 01200/06880 | loss 4.6062 | ppl 100.10 | lr 3.731967e-05 | 40.7s
Epoch 05 | 01300/06880 | loss 4.6053 | ppl 100.01 | lr 3.725487e-05 | 44.1s
Epoch 05 | 01400/06880 | loss 4.6035 | ppl 99.83 | lr 3.71904e-05 | 47.6s
Epoch 05 | 01500/06880 | loss 4.6019 | ppl 99.67 | lr 3.712627e-05 | 51.1s
Epoch 05 | 01600/06880 | loss 4.6008 | ppl 99.57 | lr 3.706247e-05 | 54.6s
Epoch 05 | 01700/06880 | loss 4.6003 | ppl 99.51 | lr 3.699899e-05 | 57.9s
Epoch 05 | 01800/06880 | loss 4.5990 | ppl 99.38 | lr 3.693584e-05 | 61.2s
Epoch 05 | 01900/06880 | loss 4.5978 | ppl 99.27 | lr 3.687302e-05 | 64.7s
Epoch 05 | 02000/06880 | loss 4.5976 | ppl 99.25 | lr 3.681051e-05 | 68.0s
Epoch 05 | 02100/06880 | loss 4.5960 | ppl 99.08 | lr 3.674832e-05 | 71.5s
Epoch 05 | 02200/06880 | loss 4.5956 | ppl 99.05 | lr 3.668644e-05 | 74.9s
Epoch 05 | 02300/06880 | loss 4.5942 | ppl 98.91 | lr 3.662488e-05 | 78.3s
Epoch 05 | 02400/06880 | loss 4.5924 | ppl 98.73 | lr 3.656362e-05 | 81.7s
Epoch 05 | 02500/06880 | loss 4.5924 | ppl 98.73 | lr 3.650267e-05 | 85.0s
Epoch 05 | 02600/06880 | loss 4.5920 | ppl 98.69 | lr 3.644203e-05 | 88.5s
Epoch 05 | 02700/06880 | loss 4.5911 | ppl 98.60 | lr 3.638168e-05 | 91.8s
Epoch 05 | 02800/06880 | loss 4.5911 | ppl 98.60 | lr 3.632164e-05 | 95.0s
Epoch 05 | 02900/06880 | loss 4.5903 | ppl 98.52 | lr 3.626189e-05 | 98.3s
Epoch 05 | 03000/06880 | loss 4.5896 | ppl 98.45 | lr 3.620243e-05 | 101.5s
Epoch 05 | 03100/06880 | loss 4.5885 | ppl 98.35 | lr 3.614327e-05 | 104.8s
Epoch 05 | 03200/06880 | loss 4.5882 | ppl 98.31 | lr 3.608439e-05 | 108.1s
Epoch 05 | 03300/06880 | loss 4.5869 | ppl 98.19 | lr 3.60258e-05 | 111.4s
Epoch 05 | 03400/06880 | loss 4.5865 | ppl 98.15 | lr 3.59675e-05 | 114.7s
Epoch 05 | 03500/06880 | loss 4.5855 | ppl 98.05 | lr 3.590948e-05 | 118.0s
Epoch 05 | 03600/06880 | loss 4.5845 | ppl 97.95 | lr 3.585174e-05 | 121.3s
Epoch 05 | 03700/06880 | loss 4.5837 | ppl 97.87 | lr 3.579427e-05 | 124.6s
Epoch 05 | 03800/06880 | loss 4.5833 | ppl 97.84 | lr 3.573708e-05 | 127.9s
Epoch 05 | 03900/06880 | loss 4.5822 | ppl 97.73 | lr 3.568017e-05 | 131.2s
Epoch 05 | 04000/06880 | loss 4.5817 | ppl 97.68 | lr 3.562352e-05 | 134.6s
Epoch 05 | 04100/06880 | loss 4.5812 | ppl 97.63 | lr 3.556715e-05 | 138.1s
Epoch 05 | 04200/06880 | loss 4.5802 | ppl 97.53 | lr 3.551104e-05 | 141.4s
Epoch 05 | 04300/06880 | loss 4.5797 | ppl 97.49 | lr 3.54552e-05 | 144.7s
Epoch 05 | 04400/06880 | loss 4.5787 | ppl 97.39 | lr 3.539962e-05 | 148.0s
Epoch 05 | 04500/06880 | loss 4.5780 | ppl 97.32 | lr 3.53443e-05 | 151.4s
Epoch 05 | 04600/06880 | loss 4.5774 | ppl 97.26 | lr 3.528923e-05 | 154.6s
Epoch 05 | 04700/06880 | loss 4.5767 | ppl 97.19 | lr 3.523443e-05 | 157.9s
Epoch 05 | 04800/06880 | loss 4.5759 | ppl 97.11 | lr 3.517988e-05 | 161.2s
Epoch 05 | 04900/06880 | loss 4.5751 | ppl 97.03 | lr 3.512558e-05 | 164.5s
Epoch 05 | 05000/06880 | loss 4.5743 | ppl 96.96 | lr 3.507153e-05 | 167.8s
Epoch 05 | 05100/06880 | loss 4.5734 | ppl 96.88 | lr 3.501773e-05 | 171.1s
Epoch 05 | 05200/06880 | loss 4.5723 | ppl 96.76 | lr 3.496418e-05 | 174.3s
Epoch 05 | 05300/06880 | loss 4.5715 | ppl 96.68 | lr 3.491087e-05 | 177.7s
Epoch 05 | 05400/06880 | loss 4.5710 | ppl 96.64 | lr 3.485781e-05 | 180.9s
Epoch 05 | 05500/06880 | loss 4.5699 | ppl 96.53 | lr 3.480499e-05 | 184.1s
Epoch 05 | 05600/06880 | loss 4.5690 | ppl 96.45 | lr 3.47524e-05 | 187.6s
Epoch 05 | 05700/06880 | loss 4.5689 | ppl 96.44 | lr 3.470006e-05 | 191.1s
Epoch 05 | 05800/06880 | loss 4.5685 | ppl 96.40 | lr 3.464795e-05 | 194.5s
Epoch 05 | 05900/06880 | loss 4.5679 | ppl 96.35 | lr 3.459607e-05 | 197.8s
Epoch 05 | 06000/06880 | loss 4.5670 | ppl 96.25 | lr 3.454443e-05 | 201.2s
Epoch 05 | 06100/06880 | loss 4.5665 | ppl 96.20 | lr 3.449301e-05 | 204.6s
Epoch 05 | 06200/06880 | loss 4.5656 | ppl 96.12 | lr 3.444183e-05 | 207.9s
Epoch 05 | 06300/06880 | loss 4.5646 | ppl 96.03 | lr 3.439087e-05 | 211.2s
Epoch 05 | 06400/06880 | loss 4.5639 | ppl 95.96 | lr 3.434014e-05 | 214.5s
Epoch 05 | 06500/06880 | loss 4.5632 | ppl 95.89 | lr 3.428963e-05 | 217.8s
Epoch 05 | 06600/06880 | loss 4.5624 | ppl 95.81 | lr 3.423935e-05 | 221.2s
Epoch 05 | 06700/06880 | loss 4.5617 | ppl 95.75 | lr 3.418928e-05 | 224.5s
Epoch 05 | 06800/06880 | loss 4.5610 | ppl 95.68 | lr 3.413944e-05 | 227.9s
Epoch 05 complete | train loss 4.5605 | dev loss 4.5080 | train BLEU 8.82 | dev BLEU 6.71 | 238.6s
Epoch 06 | 00100/06880 | loss 4.5040 | ppl 90.38 | lr 3.405026e-05 | 3.5s
Epoch 06 | 00200/06880 | loss 4.4902 | ppl 89.14 | lr 3.400102e-05 | 6.9s
Epoch 06 | 00300/06880 | loss 4.4934 | ppl 89.43 | lr 3.395199e-05 | 10.3s
Epoch 06 | 00400/06880 | loss 4.4879 | ppl 88.93 | lr 3.390318e-05 | 13.6s
Epoch 06 | 00500/06880 | loss 4.4845 | ppl 88.64 | lr 3.385457e-05 | 16.9s
Epoch 06 | 00600/06880 | loss 4.4824 | ppl 88.45 | lr 3.380617e-05 | 20.3s
Epoch 06 | 00700/06880 | loss 4.4806 | ppl 88.29 | lr 3.375798e-05 | 23.6s
Epoch 06 | 00800/06880 | loss 4.4803 | ppl 88.26 | lr 3.370999e-05 | 27.0s
Epoch 06 | 00900/06880 | loss 4.4806 | ppl 88.29 | lr 3.366221e-05 | 30.4s
Epoch 06 | 01000/06880 | loss 4.4791 | ppl 88.16 | lr 3.361463e-05 | 33.8s
Epoch 06 | 01100/06880 | loss 4.4792 | ppl 88.16 | lr 3.356725e-05 | 37.2s
Epoch 06 | 01200/06880 | loss 4.4793 | ppl 88.18 | lr 3.352008e-05 | 40.7s
Epoch 06 | 01300/06880 | loss 4.4791 | ppl 88.16 | lr 3.34731e-05 | 44.1s
Epoch 06 | 01400/06880 | loss 4.4790 | ppl 88.15 | lr 3.342631e-05 | 47.7s
Epoch 06 | 01500/06880 | loss 4.4778 | ppl 88.04 | lr 3.337973e-05 | 51.3s
Epoch 06 | 01600/06880 | loss 4.4768 | ppl 87.95 | lr 3.333333e-05 | 54.8s
Epoch 06 | 01700/06880 | loss 4.4764 | ppl 87.92 | lr 3.328713e-05 | 58.3s
Epoch 06 | 01800/06880 | loss 4.4756 | ppl 87.85 | lr 3.324112e-05 | 61.6s
Epoch 06 | 01900/06880 | loss 4.4750 | ppl 87.80 | lr 3.319531e-05 | 64.8s
Epoch 06 | 02000/06880 | loss 4.4748 | ppl 87.77 | lr 3.314968e-05 | 68.2s
Epoch 06 | 02100/06880 | loss 4.4741 | ppl 87.71 | lr 3.310424e-05 | 71.5s
Epoch 06 | 02200/06880 | loss 4.4725 | ppl 87.57 | lr 3.305898e-05 | 74.9s
Epoch 06 | 02300/06880 | loss 4.4721 | ppl 87.54 | lr 3.301391e-05 | 78.5s
Epoch 06 | 02400/06880 | loss 4.4714 | ppl 87.48 | lr 3.296902e-05 | 81.9s
Epoch 06 | 02500/06880 | loss 4.4707 | ppl 87.42 | lr 3.292432e-05 | 85.3s
Epoch 06 | 02600/06880 | loss 4.4703 | ppl 87.38 | lr 3.28798e-05 | 88.6s
Epoch 06 | 02700/06880 | loss 4.4698 | ppl 87.34 | lr 3.283546e-05 | 91.8s
Epoch 06 | 02800/06880 | loss 4.4690 | ppl 87.27 | lr 3.279129e-05 | 95.2s
Epoch 06 | 02900/06880 | loss 4.4681 | ppl 87.19 | lr 3.274731e-05 | 98.6s
Epoch 06 | 03000/06880 | loss 4.4675 | ppl 87.14 | lr 3.27035e-05 | 101.9s
Epoch 06 | 03100/06880 | loss 4.4663 | ppl 87.03 | lr 3.265986e-05 | 105.5s
Epoch 06 | 03200/06880 | loss 4.4655 | ppl 86.97 | lr 3.26164e-05 | 109.0s
Epoch 06 | 03300/06880 | loss 4.4650 | ppl 86.92 | lr 3.257312e-05 | 112.4s
Epoch 06 | 03400/06880 | loss 4.4643 | ppl 86.86 | lr 3.253e-05 | 115.6s
Epoch 06 | 03500/06880 | loss 4.4636 | ppl 86.80 | lr 3.248706e-05 | 119.1s
Epoch 06 | 03600/06880 | loss 4.4627 | ppl 86.72 | lr 3.244428e-05 | 122.5s
Epoch 06 | 03700/06880 | loss 4.4623 | ppl 86.69 | lr 3.240168e-05 | 125.9s
Epoch 06 | 03800/06880 | loss 4.4618 | ppl 86.64 | lr 3.235924e-05 | 129.2s
Epoch 06 | 03900/06880 | loss 4.4613 | ppl 86.60 | lr 3.231697e-05 | 132.5s
Epoch 06 | 04000/06880 | loss 4.4607 | ppl 86.55 | lr 3.227486e-05 | 135.8s
Epoch 06 | 04100/06880 | loss 4.4597 | ppl 86.46 | lr 3.223292e-05 | 139.1s
Epoch 06 | 04200/06880 | loss 4.4590 | ppl 86.40 | lr 3.219114e-05 | 142.5s
Epoch 06 | 04300/06880 | loss 4.4584 | ppl 86.35 | lr 3.214952e-05 | 145.8s
Epoch 06 | 04400/06880 | loss 4.4583 | ppl 86.34 | lr 3.210806e-05 | 149.1s
Epoch 06 | 04500/06880 | loss 4.4576 | ppl 86.28 | lr 3.206677e-05 | 152.4s
Epoch 06 | 04600/06880 | loss 4.4568 | ppl 86.21 | lr 3.202563e-05 | 155.7s
Epoch 06 | 04700/06880 | loss 4.4561 | ppl 86.15 | lr 3.198465e-05 | 159.1s
Epoch 06 | 04800/06880 | loss 4.4557 | ppl 86.12 | lr 3.194383e-05 | 162.4s
Epoch 06 | 04900/06880 | loss 4.4551 | ppl 86.06 | lr 3.190316e-05 | 165.7s
Epoch 06 | 05000/06880 | loss 4.4544 | ppl 86.01 | lr 3.186265e-05 | 169.0s
Epoch 06 | 05100/06880 | loss 4.4535 | ppl 85.92 | lr 3.182229e-05 | 172.3s
Epoch 06 | 05200/06880 | loss 4.4534 | ppl 85.92 | lr 3.178209e-05 | 175.6s
Epoch 06 | 05300/06880 | loss 4.4527 | ppl 85.86 | lr 3.174203e-05 | 178.9s
Epoch 06 | 05400/06880 | loss 4.4525 | ppl 85.84 | lr 3.170213e-05 | 182.2s
Epoch 06 | 05500/06880 | loss 4.4518 | ppl 85.78 | lr 3.166238e-05 | 185.4s
Epoch 06 | 05600/06880 | loss 4.4513 | ppl 85.74 | lr 3.162278e-05 | 188.7s
Epoch 06 | 05700/06880 | loss 4.4511 | ppl 85.72 | lr 3.158332e-05 | 192.0s
Epoch 06 | 05800/06880 | loss 4.4505 | ppl 85.67 | lr 3.154401e-05 | 195.4s
Epoch 06 | 05900/06880 | loss 4.4496 | ppl 85.59 | lr 3.150485e-05 | 198.7s
Epoch 06 | 06000/06880 | loss 4.4490 | ppl 85.54 | lr 3.146584e-05 | 202.3s
Epoch 06 | 06100/06880 | loss 4.4482 | ppl 85.47 | lr 3.142697e-05 | 205.7s
Epoch 06 | 06200/06880 | loss 4.4474 | ppl 85.40 | lr 3.138824e-05 | 209.2s
Epoch 06 | 06300/06880 | loss 4.4471 | ppl 85.38 | lr 3.134966e-05 | 212.5s
Epoch 06 | 06400/06880 | loss 4.4469 | ppl 85.36 | lr 3.131121e-05 | 215.7s
Epoch 06 | 06500/06880 | loss 4.4465 | ppl 85.33 | lr 3.127291e-05 | 219.0s
Epoch 06 | 06600/06880 | loss 4.4456 | ppl 85.25 | lr 3.123475e-05 | 222.3s
Epoch 06 | 06700/06880 | loss 4.4448 | ppl 85.18 | lr 3.119673e-05 | 225.6s
Epoch 06 | 06800/06880 | loss 4.4440 | ppl 85.11 | lr 3.115885e-05 | 228.9s
Epoch 06 complete | train loss 4.4435 | dev loss 4.4041 | train BLEU 9.78 | dev BLEU 7.50 | 239.1s
Epoch 07 | 00100/06880 | loss 4.3778 | ppl 79.66 | lr 3.1091e-05 | 3.3s
Epoch 07 | 00200/06880 | loss 4.3692 | ppl 78.98 | lr 3.10535e-05 | 6.7s
Epoch 07 | 00300/06880 | loss 4.3718 | ppl 79.19 | lr 3.101614e-05 | 10.0s
Epoch 07 | 00400/06880 | loss 4.3728 | ppl 79.26 | lr 3.097891e-05 | 13.3s
Epoch 07 | 00500/06880 | loss 4.3741 | ppl 79.36 | lr 3.094181e-05 | 16.6s
Epoch 07 | 00600/06880 | loss 4.3767 | ppl 79.58 | lr 3.090485e-05 | 19.9s
Epoch 07 | 00700/06880 | loss 4.3761 | ppl 79.53 | lr 3.086802e-05 | 23.2s
Epoch 07 | 00800/06880 | loss 4.3742 | ppl 79.38 | lr 3.083132e-05 | 26.5s
Epoch 07 | 00900/06880 | loss 4.3745 | ppl 79.40 | lr 3.079475e-05 | 29.7s
Epoch 07 | 01000/06880 | loss 4.3742 | ppl 79.37 | lr 3.075831e-05 | 32.9s
Epoch 07 | 01100/06880 | loss 4.3735 | ppl 79.32 | lr 3.0722e-05 | 36.2s
Epoch 07 | 01200/06880 | loss 4.3729 | ppl 79.28 | lr 3.068582e-05 | 39.3s
Epoch 07 | 01300/06880 | loss 4.3719 | ppl 79.19 | lr 3.064977e-05 | 42.6s
Epoch 07 | 01400/06880 | loss 4.3729 | ppl 79.27 | lr 3.061384e-05 | 45.8s
Epoch 07 | 01500/06880 | loss 4.3723 | ppl 79.23 | lr 3.057804e-05 | 49.2s
Epoch 07 | 01600/06880 | loss 4.3716 | ppl 79.17 | lr 3.054236e-05 | 52.5s
Epoch 07 | 01700/06880 | loss 4.3707 | ppl 79.10 | lr 3.050681e-05 | 55.7s
Epoch 07 | 01800/06880 | loss 4.3703 | ppl 79.07 | lr 3.047138e-05 | 59.0s
Epoch 07 | 01900/06880 | loss 4.3707 | ppl 79.10 | lr 3.043608e-05 | 62.6s
Epoch 07 | 02000/06880 | loss 4.3710 | ppl 79.12 | lr 3.04009e-05 | 65.9s
Epoch 07 | 02100/06880 | loss 4.3703 | ppl 79.07 | lr 3.036583e-05 | 69.2s
Epoch 07 | 02200/06880 | loss 4.3693 | ppl 78.99 | lr 3.03309e-05 | 72.5s
Epoch 07 | 02300/06880 | loss 4.3685 | ppl 78.92 | lr 3.029608e-05 | 75.8s
Epoch 07 | 02400/06880 | loss 4.3684 | ppl 78.92 | lr 3.026138e-05 | 79.0s
Epoch 07 | 02500/06880 | loss 4.3681 | ppl 78.89 | lr 3.02268e-05 | 82.5s
Epoch 07 | 02600/06880 | loss 4.3687 | ppl 78.94 | lr 3.019233e-05 | 86.0s
Epoch 07 | 02700/06880 | loss 4.3687 | ppl 78.94 | lr 3.015799e-05 | 89.3s
Epoch 07 | 02800/06880 | loss 4.3689 | ppl 78.96 | lr 3.012376e-05 | 92.6s
Epoch 07 | 02900/06880 | loss 4.3685 | ppl 78.92 | lr 3.008965e-05 | 96.0s
Epoch 07 | 03000/06880 | loss 4.3683 | ppl 78.91 | lr 3.005565e-05 | 99.5s
Epoch 07 | 03100/06880 | loss 4.3678 | ppl 78.87 | lr 3.002177e-05 | 103.0s
Epoch 07 | 03200/06880 | loss 4.3679 | ppl 78.87 | lr 2.998801e-05 | 106.4s
Epoch 07 | 03300/06880 | loss 4.3670 | ppl 78.81 | lr 2.995435e-05 | 109.9s
Epoch 07 | 03400/06880 | loss 4.3670 | ppl 78.81 | lr 2.992081e-05 | 113.4s
Epoch 07 | 03500/06880 | loss 4.3663 | ppl 78.75 | lr 2.988739e-05 | 116.8s
Epoch 07 | 03600/06880 | loss 4.3657 | ppl 78.70 | lr 2.985407e-05 | 120.3s
Epoch 07 | 03700/06880 | loss 4.3653 | ppl 78.67 | lr 2.982087e-05 | 123.7s
Epoch 07 | 03800/06880 | loss 4.3646 | ppl 78.62 | lr 2.978777e-05 | 127.1s
Epoch 07 | 03900/06880 | loss 4.3643 | ppl 78.59 | lr 2.975479e-05 | 130.5s
Epoch 07 | 04000/06880 | loss 4.3636 | ppl 78.54 | lr 2.972191e-05 | 134.1s
Epoch 07 | 04100/06880 | loss 4.3630 | ppl 78.49 | lr 2.968915e-05 | 137.6s
Epoch 07 | 04200/06880 | loss 4.3628 | ppl 78.48 | lr 2.965649e-05 | 141.2s
Epoch 07 | 04300/06880 | loss 4.3619 | ppl 78.41 | lr 2.962394e-05 | 144.7s
Epoch 07 | 04400/06880 | loss 4.3615 | ppl 78.37 | lr 2.95915e-05 | 148.2s
Epoch 07 | 04500/06880 | loss 4.3612 | ppl 78.35 | lr 2.955916e-05 | 151.7s
Epoch 07 | 04600/06880 | loss 4.3606 | ppl 78.31 | lr 2.952693e-05 | 155.0s
Epoch 07 | 04700/06880 | loss 4.3604 | ppl 78.29 | lr 2.94948e-05 | 158.6s
Epoch 07 | 04800/06880 | loss 4.3599 | ppl 78.25 | lr 2.946278e-05 | 162.1s
Epoch 07 | 04900/06880 | loss 4.3593 | ppl 78.20 | lr 2.943087e-05 | 165.7s
Epoch 07 | 05000/06880 | loss 4.3583 | ppl 78.13 | lr 2.939905e-05 | 169.2s
Epoch 07 | 05100/06880 | loss 4.3578 | ppl 78.08 | lr 2.936734e-05 | 172.7s
Epoch 07 | 05200/06880 | loss 4.3572 | ppl 78.04 | lr 2.933573e-05 | 176.2s
Epoch 07 | 05300/06880 | loss 4.3567 | ppl 78.00 | lr 2.930423e-05 | 179.9s
Epoch 07 | 05400/06880 | loss 4.3563 | ppl 77.97 | lr 2.927282e-05 | 183.4s
Epoch 07 | 05500/06880 | loss 4.3558 | ppl 77.93 | lr 2.924152e-05 | 187.0s
Epoch 07 | 05600/06880 | loss 4.3552 | ppl 77.88 | lr 2.921031e-05 | 190.5s
Epoch 07 | 05700/06880 | loss 4.3548 | ppl 77.85 | lr 2.917921e-05 | 193.9s
Epoch 07 | 05800/06880 | loss 4.3542 | ppl 77.81 | lr 2.91482e-05 | 197.4s
Epoch 07 | 05900/06880 | loss 4.3539 | ppl 77.78 | lr 2.91173e-05 | 200.9s
Epoch 07 | 06000/06880 | loss 4.3532 | ppl 77.73 | lr 2.908649e-05 | 204.5s
Epoch 07 | 06100/06880 | loss 4.3525 | ppl 77.67 | lr 2.905578e-05 | 208.0s
Epoch 07 | 06200/06880 | loss 4.3518 | ppl 77.62 | lr 2.902516e-05 | 211.5s
Epoch 07 | 06300/06880 | loss 4.3516 | ppl 77.60 | lr 2.899464e-05 | 215.1s
Epoch 07 | 06400/06880 | loss 4.3509 | ppl 77.55 | lr 2.896422e-05 | 218.6s
Epoch 07 | 06500/06880 | loss 4.3503 | ppl 77.50 | lr 2.89339e-05 | 222.0s
Epoch 07 | 06600/06880 | loss 4.3498 | ppl 77.47 | lr 2.890367e-05 | 225.6s
Epoch 07 | 06700/06880 | loss 4.3494 | ppl 77.43 | lr 2.887353e-05 | 229.1s
Epoch 07 | 06800/06880 | loss 4.3487 | ppl 77.38 | lr 2.884349e-05 | 232.5s
Epoch 07 complete | train loss 4.3484 | dev loss 4.3188 | train BLEU 10.97 | dev BLEU 8.11 | 243.6s
Epoch 08 | 00100/06880 | loss 4.2695 | ppl 71.48 | lr 2.878965e-05 | 3.6s
Epoch 08 | 00200/06880 | loss 4.2866 | ppl 72.72 | lr 2.875987e-05 | 7.3s
Epoch 08 | 00300/06880 | loss 4.2819 | ppl 72.38 | lr 2.873018e-05 | 10.8s
Epoch 08 | 00400/06880 | loss 4.2802 | ppl 72.26 | lr 2.870058e-05 | 14.3s
Epoch 08 | 00500/06880 | loss 4.2800 | ppl 72.24 | lr 2.867107e-05 | 17.8s
Epoch 08 | 00600/06880 | loss 4.2804 | ppl 72.27 | lr 2.864166e-05 | 21.3s
Epoch 08 | 00700/06880 | loss 4.2816 | ppl 72.35 | lr 2.861233e-05 | 24.9s
Epoch 08 | 00800/06880 | loss 4.2800 | ppl 72.24 | lr 2.85831e-05 | 28.6s
Epoch 08 | 00900/06880 | loss 4.2788 | ppl 72.15 | lr 2.855395e-05 | 32.2s
Epoch 08 | 01000/06880 | loss 4.2808 | ppl 72.30 | lr 2.85249e-05 | 35.7s
Epoch 08 | 01100/06880 | loss 4.2816 | ppl 72.36 | lr 2.849593e-05 | 39.1s
Epoch 08 | 01200/06880 | loss 4.2822 | ppl 72.40 | lr 2.846705e-05 | 42.6s
Epoch 08 | 01300/06880 | loss 4.2832 | ppl 72.48 | lr 2.843825e-05 | 46.1s
Epoch 08 | 01400/06880 | loss 4.2827 | ppl 72.43 | lr 2.840955e-05 | 49.5s
Epoch 08 | 01500/06880 | loss 4.2820 | ppl 72.39 | lr 2.838093e-05 | 53.0s
Epoch 08 | 01600/06880 | loss 4.2822 | ppl 72.40 | lr 2.83524e-05 | 56.4s
Epoch 08 | 01700/06880 | loss 4.2822 | ppl 72.40 | lr 2.832395e-05 | 60.0s
Epoch 08 | 01800/06880 | loss 4.2816 | ppl 72.36 | lr 2.829559e-05 | 63.5s
Epoch 08 | 01900/06880 | loss 4.2821 | ppl 72.39 | lr 2.826732e-05 | 67.0s
Epoch 08 | 02000/06880 | loss 4.2828 | ppl 72.45 | lr 2.823912e-05 | 70.5s
Epoch 08 | 02100/06880 | loss 4.2831 | ppl 72.46 | lr 2.821102e-05 | 74.0s
Epoch 08 | 02200/06880 | loss 4.2836 | ppl 72.50 | lr 2.818299e-05 | 77.5s
Epoch 08 | 02300/06880 | loss 4.2832 | ppl 72.48 | lr 2.815505e-05 | 81.0s
Epoch 08 | 02400/06880 | loss 4.2837 | ppl 72.51 | lr 2.81272e-05 | 84.5s
Epoch 08 | 02500/06880 | loss 4.2833 | ppl 72.48 | lr 2.809942e-05 | 88.0s
Epoch 08 | 02600/06880 | loss 4.2830 | ppl 72.46 | lr 2.807173e-05 | 91.5s
Epoch 08 | 02700/06880 | loss 4.2838 | ppl 72.51 | lr 2.804412e-05 | 95.0s
Epoch 08 | 02800/06880 | loss 4.2837 | ppl 72.51 | lr 2.801659e-05 | 98.4s
Epoch 08 | 02900/06880 | loss 4.2831 | ppl 72.46 | lr 2.798914e-05 | 101.9s
Epoch 08 | 03000/06880 | loss 4.2825 | ppl 72.42 | lr 2.796177e-05 | 105.4s
Epoch 08 | 03100/06880 | loss 4.2815 | ppl 72.35 | lr 2.793449e-05 | 108.8s
Epoch 08 | 03200/06880 | loss 4.2812 | ppl 72.33 | lr 2.790728e-05 | 112.3s
Epoch 08 | 03300/06880 | loss 4.2808 | ppl 72.30 | lr 2.788015e-05 | 115.9s
Epoch 08 | 03400/06880 | loss 4.2804 | ppl 72.27 | lr 2.78531e-05 | 119.3s
Epoch 08 | 03500/06880 | loss 4.2802 | ppl 72.26 | lr 2.782613e-05 | 122.8s
Epoch 08 | 03600/06880 | loss 4.2798 | ppl 72.23 | lr 2.779924e-05 | 126.3s
Epoch 08 | 03700/06880 | loss 4.2793 | ppl 72.19 | lr 2.777242e-05 | 129.8s
Epoch 08 | 03800/06880 | loss 4.2790 | ppl 72.17 | lr 2.774568e-05 | 133.3s
Epoch 08 | 03900/06880 | loss 4.2786 | ppl 72.14 | lr 2.771902e-05 | 136.7s
Epoch 08 | 04000/06880 | loss 4.2784 | ppl 72.13 | lr 2.769244e-05 | 140.2s
Epoch 08 | 04100/06880 | loss 4.2780 | ppl 72.10 | lr 2.766593e-05 | 143.6s
Epoch 08 | 04200/06880 | loss 4.2780 | ppl 72.09 | lr 2.76395e-05 | 147.1s
Epoch 08 | 04300/06880 | loss 4.2778 | ppl 72.08 | lr 2.761314e-05 | 150.6s
Epoch 08 | 04400/06880 | loss 4.2770 | ppl 72.02 | lr 2.758686e-05 | 154.0s
Epoch 08 | 04500/06880 | loss 4.2764 | ppl 71.98 | lr 2.756066e-05 | 157.6s
Epoch 08 | 04600/06880 | loss 4.2761 | ppl 71.96 | lr 2.753453e-05 | 161.1s
Epoch 08 | 04700/06880 | loss 4.2757 | ppl 71.93 | lr 2.750847e-05 | 164.5s
Epoch 08 | 04800/06880 | loss 4.2752 | ppl 71.90 | lr 2.748249e-05 | 168.0s
Epoch 08 | 04900/06880 | loss 4.2747 | ppl 71.86 | lr 2.745658e-05 | 171.4s
Epoch 08 | 05000/06880 | loss 4.2749 | ppl 71.87 | lr 2.743074e-05 | 174.8s
Epoch 08 | 05100/06880 | loss 4.2740 | ppl 71.81 | lr 2.740498e-05 | 178.6s
Epoch 08 | 05200/06880 | loss 4.2735 | ppl 71.77 | lr 2.737928e-05 | 182.1s
Epoch 08 | 05300/06880 | loss 4.2732 | ppl 71.75 | lr 2.735366e-05 | 185.7s
Epoch 08 | 05400/06880 | loss 4.2731 | ppl 71.74 | lr 2.732812e-05 | 189.1s
Epoch 08 | 05500/06880 | loss 4.2728 | ppl 71.72 | lr 2.730264e-05 | 192.7s
Epoch 08 | 05600/06880 | loss 4.2726 | ppl 71.71 | lr 2.727724e-05 | 196.3s
Epoch 08 | 05700/06880 | loss 4.2727 | ppl 71.72 | lr 2.72519e-05 | 199.9s
Epoch 08 | 05800/06880 | loss 4.2722 | ppl 71.68 | lr 2.722664e-05 | 203.6s
Epoch 08 | 05900/06880 | loss 4.2718 | ppl 71.65 | lr 2.720144e-05 | 207.2s
Epoch 08 | 06000/06880 | loss 4.2715 | ppl 71.63 | lr 2.717632e-05 | 210.8s
Epoch 08 | 06100/06880 | loss 4.2714 | ppl 71.62 | lr 2.715127e-05 | 214.4s
Epoch 08 | 06200/06880 | loss 4.2711 | ppl 71.60 | lr 2.712628e-05 | 218.0s
Epoch 08 | 06300/06880 | loss 4.2709 | ppl 71.59 | lr 2.710137e-05 | 221.5s
Epoch 08 | 06400/06880 | loss 4.2707 | ppl 71.57 | lr 2.707652e-05 | 225.0s
Epoch 08 | 06500/06880 | loss 4.2705 | ppl 71.55 | lr 2.705174e-05 | 228.6s
Epoch 08 | 06600/06880 | loss 4.2702 | ppl 71.53 | lr 2.702703e-05 | 232.2s
Epoch 08 | 06700/06880 | loss 4.2702 | ppl 71.53 | lr 2.700238e-05 | 235.8s
Epoch 08 | 06800/06880 | loss 4.2698 | ppl 71.51 | lr 2.697781e-05 | 239.3s
Epoch 08 complete | train loss 4.2694 | dev loss 4.2500 | train BLEU 12.01 | dev BLEU 9.05 | 250.2s
{
  "best_epoch": 8,
  "best_dev_bleu": 9.049537654498508,
  "best_dev_loss": 4.249987080618691,
  "best_model": "/data/student/i2311021/projects/100-swing-drill/chapter_10_2020/models/97_tuning/bs64_lr1em04_adamw/best_model.pt",
  "batch_size": 64,
  "learning_rate": 0.0001,
  "optimizer": "adamw"
}

========================================================================
Trial: bs64_lr1em06_radam
========================================================================
GPU: NVIDIA RTX PRO 6000 Blackwell Max-Q Workstation Edition
Train: 440,286, Dev: 1,166
Epoch 01 | 00100/06880 | loss 9.7038 | ppl 16379.13 | lr 2.5e-08 | 4.5s
Epoch 01 | 00200/06880 | loss 9.7028 | ppl 16363.46 | lr 5e-08 | 8.0s
Epoch 01 | 00300/06880 | loss 9.7007 | ppl 16329.42 | lr 7.5e-08 | 11.4s
Epoch 01 | 00400/06880 | loss 9.6978 | ppl 16282.48 | lr 1e-07 | 14.9s
Epoch 01 | 00500/06880 | loss 9.6943 | ppl 16225.63 | lr 1.25e-07 | 18.5s
Epoch 01 | 00600/06880 | loss 9.6899 | ppl 16153.59 | lr 1.5e-07 | 22.0s
Epoch 01 | 00700/06880 | loss 9.6848 | ppl 16071.27 | lr 1.75e-07 | 25.4s
Epoch 01 | 00800/06880 | loss 9.6790 | ppl 15979.09 | lr 2e-07 | 28.8s
Epoch 01 | 00900/06880 | loss 9.6727 | ppl 15878.54 | lr 2.25e-07 | 32.3s
Epoch 01 | 01000/06880 | loss 9.6659 | ppl 15771.33 | lr 2.5e-07 | 35.7s
Epoch 01 | 01100/06880 | loss 9.6589 | ppl 15660.18 | lr 2.75e-07 | 39.3s
Epoch 01 | 01200/06880 | loss 9.6514 | ppl 15543.92 | lr 3e-07 | 42.8s
Epoch 01 | 01300/06880 | loss 9.6437 | ppl 15424.52 | lr 3.25e-07 | 46.4s
Epoch 01 | 01400/06880 | loss 9.6361 | ppl 15307.27 | lr 3.5e-07 | 49.9s
Epoch 01 | 01500/06880 | loss 9.6284 | ppl 15190.09 | lr 3.75e-07 | 53.4s
Epoch 01 | 01600/06880 | loss 9.6207 | ppl 15073.50 | lr 4e-07 | 56.8s
Epoch 01 | 01700/06880 | loss 9.6131 | ppl 14960.05 | lr 4.25e-07 | 60.3s
Epoch 01 | 01800/06880 | loss 9.6058 | ppl 14850.59 | lr 4.5e-07 | 63.8s
Epoch 01 | 01900/06880 | loss 9.5985 | ppl 14742.25 | lr 4.75e-07 | 67.2s
Epoch 01 | 02000/06880 | loss 9.5912 | ppl 14635.23 | lr 5e-07 | 70.7s
Epoch 01 | 02100/06880 | loss 9.5842 | ppl 14532.81 | lr 5.25e-07 | 74.2s
Epoch 01 | 02200/06880 | loss 9.5772 | ppl 14431.62 | lr 5.5e-07 | 77.8s
Epoch 01 | 02300/06880 | loss 9.5702 | ppl 14331.77 | lr 5.75e-07 | 81.3s
Epoch 01 | 02400/06880 | loss 9.5633 | ppl 14232.88 | lr 6e-07 | 84.8s
Epoch 01 | 02500/06880 | loss 9.5565 | ppl 14135.65 | lr 6.25e-07 | 88.2s
Epoch 01 | 02600/06880 | loss 9.5497 | ppl 14040.00 | lr 6.5e-07 | 91.7s
Epoch 01 | 02700/06880 | loss 9.5428 | ppl 13944.33 | lr 6.75e-07 | 95.2s
Epoch 01 | 02800/06880 | loss 9.5360 | ppl 13849.89 | lr 7e-07 | 98.7s
Epoch 01 | 02900/06880 | loss 9.5293 | ppl 13756.83 | lr 7.25e-07 | 102.2s
Epoch 01 | 03000/06880 | loss 9.5224 | ppl 13662.24 | lr 7.5e-07 | 105.7s
Epoch 01 | 03100/06880 | loss 9.5154 | ppl 13566.99 | lr 7.75e-07 | 109.2s
Epoch 01 | 03200/06880 | loss 9.5085 | ppl 13473.94 | lr 8e-07 | 112.7s
Epoch 01 | 03300/06880 | loss 9.5017 | ppl 13382.40 | lr 8.25e-07 | 116.2s
Epoch 01 | 03400/06880 | loss 9.4947 | ppl 13289.25 | lr 8.5e-07 | 119.7s
Epoch 01 | 03500/06880 | loss 9.4876 | ppl 13194.59 | lr 8.75e-07 | 123.3s
Epoch 01 | 03600/06880 | loss 9.4804 | ppl 13100.76 | lr 9e-07 | 126.8s
Epoch 01 | 03700/06880 | loss 9.4731 | ppl 13005.54 | lr 9.25e-07 | 130.3s
Epoch 01 | 03800/06880 | loss 9.4659 | ppl 12911.34 | lr 9.5e-07 | 133.7s
Epoch 01 | 03900/06880 | loss 9.4584 | ppl 12815.10 | lr 9.75e-07 | 137.2s
Epoch 01 | 04000/06880 | loss 9.4508 | ppl 12718.79 | lr 1e-06 | 140.6s
Epoch 01 | 04100/06880 | loss 9.4432 | ppl 12622.06 | lr 9.877296e-07 | 144.1s
Epoch 01 | 04200/06880 | loss 9.4355 | ppl 12525.67 | lr 9.759001e-07 | 147.6s
Epoch 01 | 04300/06880 | loss 9.4278 | ppl 12429.20 | lr 9.644856e-07 | 151.0s
Epoch 01 | 04400/06880 | loss 9.4199 | ppl 12331.65 | lr 9.534626e-07 | 154.4s
Epoch 01 | 04500/06880 | loss 9.4121 | ppl 12235.56 | lr 9.42809e-07 | 157.9s
Epoch 01 | 04600/06880 | loss 9.4041 | ppl 12138.62 | lr 9.325048e-07 | 161.3s
Epoch 01 | 04700/06880 | loss 9.3962 | ppl 12042.49 | lr 9.225312e-07 | 164.8s
Epoch 01 | 04800/06880 | loss 9.3881 | ppl 11945.16 | lr 9.128709e-07 | 168.3s
Epoch 01 | 04900/06880 | loss 9.3799 | ppl 11848.29 | lr 9.035079e-07 | 171.8s
Epoch 01 | 05000/06880 | loss 9.3719 | ppl 11753.18 | lr 8.944272e-07 | 175.3s
Epoch 01 | 05100/06880 | loss 9.3639 | ppl 11660.02 | lr 8.856149e-07 | 178.8s
Epoch 01 | 05200/06880 | loss 9.3558 | ppl 11566.20 | lr 8.77058e-07 | 182.3s
Epoch 01 | 05300/06880 | loss 9.3477 | ppl 11472.93 | lr 8.687445e-07 | 185.7s
Epoch 01 | 05400/06880 | loss 9.3396 | ppl 11380.01 | lr 8.60663e-07 | 189.2s
Epoch 01 | 05500/06880 | loss 9.3315 | ppl 11288.12 | lr 8.528029e-07 | 192.8s
Epoch 01 | 05600/06880 | loss 9.3235 | ppl 11197.98 | lr 8.451543e-07 | 196.3s
Epoch 01 | 05700/06880 | loss 9.3155 | ppl 11108.95 | lr 8.377078e-07 | 199.7s
Epoch 01 | 05800/06880 | loss 9.3074 | ppl 11019.72 | lr 8.304548e-07 | 203.2s
Epoch 01 | 05900/06880 | loss 9.2995 | ppl 10932.36 | lr 8.23387e-07 | 206.7s
Epoch 01 | 06000/06880 | loss 9.2915 | ppl 10845.79 | lr 8.164966e-07 | 210.2s
Epoch 01 | 06100/06880 | loss 9.2837 | ppl 10761.68 | lr 8.097763e-07 | 213.7s
Epoch 01 | 06200/06880 | loss 9.2758 | ppl 10676.91 | lr 8.032193e-07 | 217.2s
Epoch 01 | 06300/06880 | loss 9.2680 | ppl 10593.89 | lr 7.968191e-07 | 220.6s
Epoch 01 | 06400/06880 | loss 9.2602 | ppl 10511.57 | lr 7.905694e-07 | 224.0s
Epoch 01 | 06500/06880 | loss 9.2525 | ppl 10430.42 | lr 7.844645e-07 | 227.5s
Epoch 01 | 06600/06880 | loss 9.2447 | ppl 10349.72 | lr 7.784989e-07 | 231.0s
Epoch 01 | 06700/06880 | loss 9.2371 | ppl 10270.79 | lr 7.726674e-07 | 234.5s
Epoch 01 | 06800/06880 | loss 9.2293 | ppl 10191.39 | lr 7.66965e-07 | 238.0s
/data/student/i2311021/conda_envs/100-swing-drill-gpu/lib/python3.10/site-packages/torch/nn/modules/transformer.py:531: UserWarning: The PyTorch API of nested tensors is in prototype stage and will change in the near future. We recommend specifying layout=torch.jagged when constructing a nested tensor, as this layout receives active development, has better operator coverage, and works with torch.compile. (Triggered internally at /pytorch/aten/src/ATen/NestedTensorImpl.cpp:178.)
  output = torch._nested_tensor_from_mask(
Epoch 01 complete | train loss 9.2232 | dev loss 8.6936 | train BLEU 0.00 | dev BLEU 0.00 | 250.2s
Epoch 02 | 00100/06880 | loss 8.6927 | ppl 5959.48 | lr 7.570112e-07 | 3.5s
Epoch 02 | 00200/06880 | loss 8.6840 | ppl 5907.59 | lr 7.51646e-07 | 7.0s
Epoch 02 | 00300/06880 | loss 8.6777 | ppl 5870.49 | lr 7.463934e-07 | 10.5s
Epoch 02 | 00400/06880 | loss 8.6712 | ppl 5832.54 | lr 7.412493e-07 | 14.0s
Epoch 02 | 00500/06880 | loss 8.6656 | ppl 5799.87 | lr 7.362102e-07 | 17.4s
Epoch 02 | 00600/06880 | loss 8.6600 | ppl 5767.57 | lr 7.312724e-07 | 20.9s
Epoch 02 | 00700/06880 | loss 8.6539 | ppl 5732.28 | lr 7.264327e-07 | 24.5s
Epoch 02 | 00800/06880 | loss 8.6479 | ppl 5698.16 | lr 7.216878e-07 | 28.0s
Epoch 02 | 00900/06880 | loss 8.6422 | ppl 5665.97 | lr 7.170347e-07 | 31.5s
Epoch 02 | 01000/06880 | loss 8.6362 | ppl 5631.86 | lr 7.124705e-07 | 35.1s
Epoch 02 | 01100/06880 | loss 8.6302 | ppl 5598.06 | lr 7.079923e-07 | 38.7s
Epoch 02 | 01200/06880 | loss 8.6244 | ppl 5565.81 | lr 7.035975e-07 | 42.3s
Epoch 02 | 01300/06880 | loss 8.6186 | ppl 5533.78 | lr 6.992836e-07 | 45.7s
Epoch 02 | 01400/06880 | loss 8.6128 | ppl 5501.87 | lr 6.95048e-07 | 49.2s
Epoch 02 | 01500/06880 | loss 8.6072 | ppl 5470.83 | lr 6.908885e-07 | 52.7s
Epoch 02 | 01600/06880 | loss 8.6016 | ppl 5440.36 | lr 6.868028e-07 | 56.2s
Epoch 02 | 01700/06880 | loss 8.5962 | ppl 5410.84 | lr 6.827887e-07 | 59.6s
Epoch 02 | 01800/06880 | loss 8.5907 | ppl 5381.52 | lr 6.788442e-07 | 63.1s
Epoch 02 | 01900/06880 | loss 8.5852 | ppl 5351.77 | lr 6.749673e-07 | 66.6s
Epoch 02 | 02000/06880 | loss 8.5798 | ppl 5322.86 | lr 6.711561e-07 | 70.1s
Epoch 02 | 02100/06880 | loss 8.5745 | ppl 5294.82 | lr 6.674086e-07 | 73.6s
Epoch 02 | 02200/06880 | loss 8.5692 | ppl 5266.93 | lr 6.637233e-07 | 77.0s
Epoch 02 | 02300/06880 | loss 8.5639 | ppl 5239.15 | lr 6.600984e-07 | 80.5s
Epoch 02 | 02400/06880 | loss 8.5585 | ppl 5210.90 | lr 6.565322e-07 | 83.9s
Epoch 02 | 02500/06880 | loss 8.5531 | ppl 5182.95 | lr 6.530231e-07 | 87.4s
Epoch 02 | 02600/06880 | loss 8.5478 | ppl 5155.58 | lr 6.495698e-07 | 90.9s
Epoch 02 | 02700/06880 | loss 8.5426 | ppl 5128.90 | lr 6.461707e-07 | 94.4s
Epoch 02 | 02800/06880 | loss 8.5374 | ppl 5101.85 | lr 6.428243e-07 | 97.9s
Epoch 02 | 02900/06880 | loss 8.5322 | ppl 5075.83 | lr 6.395295e-07 | 101.5s
Epoch 02 | 03000/06880 | loss 8.5271 | ppl 5049.64 | lr 6.362848e-07 | 105.0s
Epoch 02 | 03100/06880 | loss 8.5221 | ppl 5024.62 | lr 6.330889e-07 | 108.5s
Epoch 02 | 03200/06880 | loss 8.5170 | ppl 4998.96 | lr 6.299408e-07 | 112.0s
Epoch 02 | 03300/06880 | loss 8.5120 | ppl 4973.93 | lr 6.268391e-07 | 115.5s
Epoch 02 | 03400/06880 | loss 8.5070 | ppl 4949.25 | lr 6.237829e-07 | 119.0s
Epoch 02 | 03500/06880 | loss 8.5021 | ppl 4924.86 | lr 6.207709e-07 | 122.6s
Epoch 02 | 03600/06880 | loss 8.4971 | ppl 4900.73 | lr 6.178021e-07 | 126.1s
Epoch 02 | 03700/06880 | loss 8.4922 | ppl 4876.61 | lr 6.148755e-07 | 129.5s
Epoch 02 | 03800/06880 | loss 8.4874 | ppl 4853.32 | lr 6.119901e-07 | 133.0s
Epoch 02 | 03900/06880 | loss 8.4826 | ppl 4830.19 | lr 6.091449e-07 | 136.5s
Epoch 02 | 04000/06880 | loss 8.4778 | ppl 4807.08 | lr 6.063391e-07 | 140.0s
Epoch 02 | 04100/06880 | loss 8.4731 | ppl 4784.46 | lr 6.035716e-07 | 143.5s
Epoch 02 | 04200/06880 | loss 8.4685 | ppl 4762.36 | lr 6.008418e-07 | 147.0s
Epoch 02 | 04300/06880 | loss 8.4638 | ppl 4739.99 | lr 5.981486e-07 | 150.5s
Epoch 02 | 04400/06880 | loss 8.4593 | ppl 4718.58 | lr 5.954913e-07 | 153.9s
Epoch 02 | 04500/06880 | loss 8.4546 | ppl 4696.67 | lr 5.928692e-07 | 157.3s
Epoch 02 | 04600/06880 | loss 8.4501 | ppl 4675.57 | lr 5.902813e-07 | 160.8s
Epoch 02 | 04700/06880 | loss 8.4456 | ppl 4654.67 | lr 5.877271e-07 | 164.3s
Epoch 02 | 04800/06880 | loss 8.4412 | ppl 4634.16 | lr 5.852057e-07 | 167.8s
Epoch 02 | 04900/06880 | loss 8.4367 | ppl 4613.31 | lr 5.827165e-07 | 171.1s
Epoch 02 | 05000/06880 | loss 8.4321 | ppl 4592.33 | lr 5.802589e-07 | 174.7s
Epoch 02 | 05100/06880 | loss 8.4277 | ppl 4572.19 | lr 5.77832e-07 | 178.2s
Epoch 02 | 05200/06880 | loss 8.4234 | ppl 4552.46 | lr 5.754353e-07 | 181.8s
Epoch 02 | 05300/06880 | loss 8.4190 | ppl 4532.40 | lr 5.730683e-07 | 185.4s
Epoch 02 | 05400/06880 | loss 8.4147 | ppl 4512.98 | lr 5.707301e-07 | 188.9s
Epoch 02 | 05500/06880 | loss 8.4105 | ppl 4493.87 | lr 5.684204e-07 | 192.4s
Epoch 02 | 05600/06880 | loss 8.4062 | ppl 4474.85 | lr 5.661385e-07 | 195.9s
Epoch 02 | 05700/06880 | loss 8.4019 | ppl 4455.53 | lr 5.638839e-07 | 199.4s
Epoch 02 | 05800/06880 | loss 8.3977 | ppl 4436.71 | lr 5.61656e-07 | 202.9s
Epoch 02 | 05900/06880 | loss 8.3934 | ppl 4417.81 | lr 5.594542e-07 | 206.4s
Epoch 02 | 06000/06880 | loss 8.3891 | ppl 4398.95 | lr 5.572782e-07 | 209.9s
Epoch 02 | 06100/06880 | loss 8.3850 | ppl 4380.78 | lr 5.551274e-07 | 213.4s
Epoch 02 | 06200/06880 | loss 8.3809 | ppl 4362.83 | lr 5.530013e-07 | 216.9s
Epoch 02 | 06300/06880 | loss 8.3768 | ppl 4345.29 | lr 5.508994e-07 | 220.3s
Epoch 02 | 06400/06880 | loss 8.3727 | ppl 4327.25 | lr 5.488213e-07 | 223.8s
Epoch 02 | 06500/06880 | loss 8.3687 | ppl 4309.81 | lr 5.467666e-07 | 227.3s
Epoch 02 | 06600/06880 | loss 8.3646 | ppl 4292.44 | lr 5.447347e-07 | 230.8s
Epoch 02 | 06700/06880 | loss 8.3606 | ppl 4275.44 | lr 5.427254e-07 | 234.3s
Epoch 02 | 06800/06880 | loss 8.3566 | ppl 4258.29 | lr 5.407381e-07 | 237.7s
Epoch 02 complete | train loss 8.3535 | dev loss 8.1027 | train BLEU 0.01 | dev BLEU 0.01 | 249.4s
Epoch 03 | 00100/06880 | loss 8.0818 | ppl 3234.98 | lr 5.372153e-07 | 3.6s
Epoch 03 | 00200/06880 | loss 8.0771 | ppl 3219.73 | lr 5.352877e-07 | 7.0s
Epoch 03 | 00300/06880 | loss 8.0730 | ppl 3206.73 | lr 5.333807e-07 | 10.5s
Epoch 03 | 00400/06880 | loss 8.0690 | ppl 3194.04 | lr 5.31494e-07 | 14.0s
Epoch 03 | 00500/06880 | loss 8.0653 | ppl 3181.96 | lr 5.296271e-07 | 17.6s
Epoch 03 | 00600/06880 | loss 8.0632 | ppl 3175.30 | lr 5.277798e-07 | 21.1s
Epoch 03 | 00700/06880 | loss 8.0606 | ppl 3167.32 | lr 5.259517e-07 | 24.7s
Epoch 03 | 00800/06880 | loss 8.0574 | ppl 3157.22 | lr 5.241424e-07 | 28.2s
Epoch 03 | 00900/06880 | loss 8.0543 | ppl 3147.43 | lr 5.223517e-07 | 31.7s
Epoch 03 | 01000/06880 | loss 8.0511 | ppl 3137.16 | lr 5.205792e-07 | 35.2s
Epoch 03 | 01100/06880 | loss 8.0483 | ppl 3128.43 | lr 5.188246e-07 | 38.6s
Epoch 03 | 01200/06880 | loss 8.0451 | ppl 3118.36 | lr 5.170877e-07 | 42.1s
Epoch 03 | 01300/06880 | loss 8.0421 | ppl 3109.11 | lr 5.153681e-07 | 45.7s
Epoch 03 | 01400/06880 | loss 8.0391 | ppl 3099.80 | lr 5.136655e-07 | 49.2s
Epoch 03 | 01500/06880 | loss 8.0361 | ppl 3090.53 | lr 5.119797e-07 | 52.7s
Epoch 03 | 01600/06880 | loss 8.0332 | ppl 3081.64 | lr 5.103104e-07 | 56.3s
Epoch 03 | 01700/06880 | loss 8.0307 | ppl 3073.75 | lr 5.086573e-07 | 59.8s
Epoch 03 | 01800/06880 | loss 8.0274 | ppl 3063.85 | lr 5.070201e-07 | 63.2s
Epoch 03 | 01900/06880 | loss 8.0244 | ppl 3054.64 | lr 5.053987e-07 | 66.8s
Epoch 03 | 02000/06880 | loss 8.0218 | ppl 3046.52 | lr 5.037927e-07 | 70.2s
Epoch 03 | 02100/06880 | loss 8.0191 | ppl 3038.35 | lr 5.02202e-07 | 73.8s
Epoch 03 | 02200/06880 | loss 8.0162 | ppl 3029.77 | lr 5.006262e-07 | 77.3s
Epoch 03 | 02300/06880 | loss 8.0137 | ppl 3022.10 | lr 4.990651e-07 | 80.8s
Epoch 03 | 02400/06880 | loss 8.0112 | ppl 3014.53 | lr 4.975186e-07 | 84.3s
Epoch 03 | 02500/06880 | loss 8.0086 | ppl 3006.56 | lr 4.959864e-07 | 87.8s
Epoch 03 | 02600/06880 | loss 8.0059 | ppl 2998.71 | lr 4.944682e-07 | 91.3s
Epoch 03 | 02700/06880 | loss 8.0032 | ppl 2990.40 | lr 4.929639e-07 | 94.8s
Epoch 03 | 02800/06880 | loss 8.0007 | ppl 2983.18 | lr 4.914732e-07 | 98.3s
Epoch 03 | 02900/06880 | loss 7.9982 | ppl 2975.55 | lr 4.89996e-07 | 101.8s
Epoch 03 | 03000/06880 | loss 7.9956 | ppl 2967.89 | lr 4.88532e-07 | 105.2s
Epoch 03 | 03100/06880 | loss 7.9930 | ppl 2960.23 | lr 4.87081e-07 | 108.6s
Epoch 03 | 03200/06880 | loss 7.9905 | ppl 2952.68 | lr 4.856429e-07 | 112.1s
Epoch 03 | 03300/06880 | loss 7.9878 | ppl 2944.95 | lr 4.842175e-07 | 115.6s
Epoch 03 | 03400/06880 | loss 7.9854 | ppl 2937.72 | lr 4.828045e-07 | 119.0s
Epoch 03 | 03500/06880 | loss 7.9829 | ppl 2930.31 | lr 4.814039e-07 | 122.6s
Epoch 03 | 03600/06880 | loss 7.9804 | ppl 2923.24 | lr 4.800154e-07 | 126.1s
Epoch 03 | 03700/06880 | loss 7.9779 | ppl 2915.94 | lr 4.786388e-07 | 129.6s
Epoch 03 | 03800/06880 | loss 7.9757 | ppl 2909.47 | lr 4.77274e-07 | 133.1s
Epoch 03 | 03900/06880 | loss 7.9733 | ppl 2902.49 | lr 4.759208e-07 | 136.6s
Epoch 03 | 04000/06880 | loss 7.9710 | ppl 2895.73 | lr 4.74579e-07 | 140.1s
Epoch 03 | 04100/06880 | loss 7.9687 | ppl 2888.96 | lr 4.732485e-07 | 143.6s
Epoch 03 | 04200/06880 | loss 7.9663 | ppl 2882.20 | lr 4.719292e-07 | 147.1s
Epoch 03 | 04300/06880 | loss 7.9639 | ppl 2875.37 | lr 4.706208e-07 | 150.5s
Epoch 03 | 04400/06880 | loss 7.9617 | ppl 2868.90 | lr 4.693233e-07 | 154.0s
Epoch 03 | 04500/06880 | loss 7.9593 | ppl 2862.11 | lr 4.680364e-07 | 157.5s
Epoch 03 | 04600/06880 | loss 7.9569 | ppl 2855.34 | lr 4.6676e-07 | 161.0s
Epoch 03 | 04700/06880 | loss 7.9546 | ppl 2848.76 | lr 4.654941e-07 | 164.4s
Epoch 03 | 04800/06880 | loss 7.9523 | ppl 2842.01 | lr 4.642383e-07 | 167.9s
Epoch 03 | 04900/06880 | loss 7.9500 | ppl 2835.52 | lr 4.629927e-07 | 171.4s
Epoch 03 | 05000/06880 | loss 7.9477 | ppl 2829.17 | lr 4.617571e-07 | 174.9s
Epoch 03 | 05100/06880 | loss 7.9453 | ppl 2822.35 | lr 4.605313e-07 | 178.5s
Epoch 03 | 05200/06880 | loss 7.9429 | ppl 2815.54 | lr 4.593152e-07 | 181.9s
Epoch 03 | 05300/06880 | loss 7.9407 | ppl 2809.37 | lr 4.581087e-07 | 185.4s
Epoch 03 | 05400/06880 | loss 7.9384 | ppl 2802.79 | lr 4.569117e-07 | 188.8s
Epoch 03 | 05500/06880 | loss 7.9361 | ppl 2796.37 | lr 4.55724e-07 | 192.3s
Epoch 03 | 05600/06880 | loss 7.9339 | ppl 2790.42 | lr 4.545455e-07 | 195.8s
Epoch 03 | 05700/06880 | loss 7.9318 | ppl 2784.40 | lr 4.533761e-07 | 199.3s
Epoch 03 | 05800/06880 | loss 7.9296 | ppl 2778.38 | lr 4.522156e-07 | 202.8s
Epoch 03 | 05900/06880 | loss 7.9274 | ppl 2772.34 | lr 4.510641e-07 | 206.3s
Epoch 03 | 06000/06880 | loss 7.9253 | ppl 2766.42 | lr 4.499213e-07 | 209.7s
Epoch 03 | 06100/06880 | loss 7.9233 | ppl 2760.79 | lr 4.487871e-07 | 213.1s
Epoch 03 | 06200/06880 | loss 7.9212 | ppl 2754.99 | lr 4.476615e-07 | 216.5s
Epoch 03 | 06300/06880 | loss 7.9192 | ppl 2749.48 | lr 4.465443e-07 | 220.0s
Epoch 03 | 06400/06880 | loss 7.9170 | ppl 2743.49 | lr 4.454354e-07 | 223.5s
Epoch 03 | 06500/06880 | loss 7.9149 | ppl 2737.83 | lr 4.443347e-07 | 227.0s
Epoch 03 | 06600/06880 | loss 7.9129 | ppl 2732.33 | lr 4.432422e-07 | 230.5s
Epoch 03 | 06700/06880 | loss 7.9110 | ppl 2727.18 | lr 4.421577e-07 | 234.1s
Epoch 03 | 06800/06880 | loss 7.9090 | ppl 2721.72 | lr 4.410811e-07 | 237.6s
Epoch 03 complete | train loss 7.9074 | dev loss 7.8132 | train BLEU 0.00 | dev BLEU 0.00 | 249.6s
Epoch 04 | 00100/06880 | loss 7.7692 | ppl 2366.53 | lr 4.391629e-07 | 3.6s
Epoch 04 | 00200/06880 | loss 7.7635 | ppl 2353.12 | lr 4.38108e-07 | 7.1s
Epoch 04 | 00300/06880 | loss 7.7639 | ppl 2354.12 | lr 4.370606e-07 | 10.6s
Epoch 04 | 00400/06880 | loss 7.7614 | ppl 2348.20 | lr 4.360207e-07 | 14.1s
Epoch 04 | 00500/06880 | loss 7.7604 | ppl 2345.89 | lr 4.349882e-07 | 17.5s
Epoch 04 | 00600/06880 | loss 7.7583 | ppl 2340.99 | lr 4.33963e-07 | 21.0s
Epoch 04 | 00700/06880 | loss 7.7567 | ppl 2337.24 | lr 4.329451e-07 | 24.5s
Epoch 04 | 00800/06880 | loss 7.7554 | ppl 2334.04 | lr 4.319342e-07 | 28.0s
Epoch 04 | 00900/06880 | loss 7.7543 | ppl 2331.64 | lr 4.309304e-07 | 31.5s
Epoch 04 | 01000/06880 | loss 7.7534 | ppl 2329.50 | lr 4.299336e-07 | 35.0s
Epoch 04 | 01100/06880 | loss 7.7519 | ppl 2325.92 | lr 4.289436e-07 | 38.5s
Epoch 04 | 01200/06880 | loss 7.7504 | ppl 2322.45 | lr 4.279605e-07 | 42.1s
Epoch 04 | 01300/06880 | loss 7.7489 | ppl 2319.13 | lr 4.269841e-07 | 45.5s
Epoch 04 | 01400/06880 | loss 7.7475 | ppl 2315.69 | lr 4.260143e-07 | 49.0s
Epoch 04 | 01500/06880 | loss 7.7461 | ppl 2312.52 | lr 4.250511e-07 | 52.4s
Epoch 04 | 01600/06880 | loss 7.7447 | ppl 2309.26 | lr 4.240945e-07 | 55.9s
Epoch 04 | 01700/06880 | loss 7.7429 | ppl 2305.26 | lr 4.231442e-07 | 59.5s
Epoch 04 | 01800/06880 | loss 7.7414 | ppl 2301.58 | lr 4.222003e-07 | 63.0s
Epoch 04 | 01900/06880 | loss 7.7396 | ppl 2297.45 | lr 4.212627e-07 | 66.5s
Epoch 04 | 02000/06880 | loss 7.7380 | ppl 2293.84 | lr 4.203314e-07 | 70.0s
Epoch 04 | 02100/06880 | loss 7.7365 | ppl 2290.51 | lr 4.194061e-07 | 73.5s
Epoch 04 | 02200/06880 | loss 7.7352 | ppl 2287.46 | lr 4.18487e-07 | 77.0s
Epoch 04 | 02300/06880 | loss 7.7340 | ppl 2284.78 | lr 4.175738e-07 | 80.5s
Epoch 04 | 02400/06880 | loss 7.7330 | ppl 2282.48 | lr 4.166667e-07 | 84.1s
Epoch 04 | 02500/06880 | loss 7.7318 | ppl 2279.67 | lr 4.157654e-07 | 87.7s
Epoch 04 | 02600/06880 | loss 7.7303 | ppl 2276.36 | lr 4.148699e-07 | 91.2s
Epoch 04 | 02700/06880 | loss 7.7289 | ppl 2273.01 | lr 4.139802e-07 | 94.7s
Epoch 04 | 02800/06880 | loss 7.7274 | ppl 2269.66 | lr 4.130962e-07 | 98.2s
Epoch 04 | 02900/06880 | loss 7.7260 | ppl 2266.62 | lr 4.122178e-07 | 101.7s
Epoch 04 | 03000/06880 | loss 7.7247 | ppl 2263.64 | lr 4.11345e-07 | 105.1s
Epoch 04 | 03100/06880 | loss 7.7235 | ppl 2260.80 | lr 4.104778e-07 | 108.6s
Epoch 04 | 03200/06880 | loss 7.7220 | ppl 2257.55 | lr 4.09616e-07 | 112.1s
Epoch 04 | 03300/06880 | loss 7.7208 | ppl 2254.78 | lr 4.087596e-07 | 115.7s
Epoch 04 | 03400/06880 | loss 7.7195 | ppl 2251.72 | lr 4.079085e-07 | 119.1s
Epoch 04 | 03500/06880 | loss 7.7180 | ppl 2248.52 | lr 4.070628e-07 | 122.6s
Epoch 04 | 03600/06880 | loss 7.7168 | ppl 2245.71 | lr 4.062222e-07 | 126.1s
Epoch 04 | 03700/06880 | loss 7.7157 | ppl 2243.20 | lr 4.053869e-07 | 129.6s
Epoch 04 | 03800/06880 | loss 7.7144 | ppl 2240.41 | lr 4.045567e-07 | 133.0s
Epoch 04 | 03900/06880 | loss 7.7132 | ppl 2237.76 | lr 4.037316e-07 | 136.6s
Epoch 04 | 04000/06880 | loss 7.7120 | ppl 2235.02 | lr 4.029115e-07 | 140.1s
Epoch 04 | 04100/06880 | loss 7.7110 | ppl 2232.72 | lr 4.020964e-07 | 143.5s
Epoch 04 | 04200/06880 | loss 7.7096 | ppl 2229.58 | lr 4.012862e-07 | 147.0s
Epoch 04 | 04300/06880 | loss 7.7082 | ppl 2226.47 | lr 4.004809e-07 | 150.5s
Epoch 04 | 04400/06880 | loss 7.7069 | ppl 2223.66 | lr 3.996804e-07 | 154.1s
Epoch 04 | 04500/06880 | loss 7.7058 | ppl 2221.19 | lr 3.988847e-07 | 157.4s
Epoch 04 | 04600/06880 | loss 7.7045 | ppl 2218.39 | lr 3.980937e-07 | 160.8s
Epoch 04 | 04700/06880 | loss 7.7032 | ppl 2215.38 | lr 3.973074e-07 | 164.3s
Epoch 04 | 04800/06880 | loss 7.7019 | ppl 2212.57 | lr 3.965258e-07 | 167.8s
Epoch 04 | 04900/06880 | loss 7.7007 | ppl 2209.96 | lr 3.957487e-07 | 171.3s
Epoch 04 | 05000/06880 | loss 7.6997 | ppl 2207.59 | lr 3.949763e-07 | 174.7s
Epoch 04 | 05100/06880 | loss 7.6985 | ppl 2204.99 | lr 3.942083e-07 | 178.2s
Epoch 04 | 05200/06880 | loss 7.6972 | ppl 2202.17 | lr 3.934447e-07 | 181.7s
Epoch 04 | 05300/06880 | loss 7.6960 | ppl 2199.54 | lr 3.926856e-07 | 185.1s
Epoch 04 | 05400/06880 | loss 7.6948 | ppl 2196.96 | lr 3.919309e-07 | 188.6s
Epoch 04 | 05500/06880 | loss 7.6936 | ppl 2194.15 | lr 3.911805e-07 | 192.0s
Epoch 04 | 05600/06880 | loss 7.6923 | ppl 2191.33 | lr 3.904344e-07 | 195.5s
Epoch 04 | 05700/06880 | loss 7.6911 | ppl 2188.83 | lr 3.896926e-07 | 199.0s
Epoch 04 | 05800/06880 | loss 7.6900 | ppl 2186.36 | lr 3.889549e-07 | 202.5s
Epoch 04 | 05900/06880 | loss 7.6888 | ppl 2183.84 | lr 3.882215e-07 | 205.9s
Epoch 04 | 06000/06880 | loss 7.6877 | ppl 2181.29 | lr 3.874921e-07 | 209.4s
Epoch 04 | 06100/06880 | loss 7.6867 | ppl 2179.13 | lr 3.867669e-07 | 212.9s
Epoch 04 | 06200/06880 | loss 7.6856 | ppl 2176.85 | lr 3.860457e-07 | 216.4s
Epoch 04 | 06300/06880 | loss 7.6844 | ppl 2174.24 | lr 3.853286e-07 | 219.9s
Epoch 04 | 06400/06880 | loss 7.6833 | ppl 2171.88 | lr 3.846154e-07 | 223.3s
Epoch 04 | 06500/06880 | loss 7.6822 | ppl 2169.44 | lr 3.839062e-07 | 226.8s
Epoch 04 | 06600/06880 | loss 7.6810 | ppl 2166.85 | lr 3.832008e-07 | 230.3s
Epoch 04 | 06700/06880 | loss 7.6799 | ppl 2164.35 | lr 3.824994e-07 | 233.8s
Epoch 04 | 06800/06880 | loss 7.6788 | ppl 2162.06 | lr 3.818018e-07 | 237.1s
Epoch 04 complete | train loss 7.6780 | dev loss 7.6601 | train BLEU 0.00 | dev BLEU 0.00 | 249.2s
Epoch 05 | 00100/06880 | loss 7.6007 | ppl 1999.69 | lr 3.805556e-07 | 3.5s
Epoch 05 | 00200/06880 | loss 7.6010 | ppl 2000.20 | lr 3.798686e-07 | 7.0s
Epoch 05 | 00300/06880 | loss 7.6010 | ppl 2000.23 | lr 3.791852e-07 | 10.4s
Epoch 05 | 00400/06880 | loss 7.6013 | ppl 2000.83 | lr 3.785056e-07 | 13.9s
Epoch 05 | 00500/06880 | loss 7.5984 | ppl 1995.08 | lr 3.778296e-07 | 17.2s
Epoch 05 | 00600/06880 | loss 7.5969 | ppl 1991.98 | lr 3.771571e-07 | 20.7s
Epoch 05 | 00700/06880 | loss 7.5965 | ppl 1991.26 | lr 3.764883e-07 | 24.1s
Epoch 05 | 00800/06880 | loss 7.5961 | ppl 1990.35 | lr 3.75823e-07 | 27.6s
Epoch 05 | 00900/06880 | loss 7.5960 | ppl 1990.26 | lr 3.751612e-07 | 31.1s
Epoch 05 | 01000/06880 | loss 7.5948 | ppl 1987.74 | lr 3.745029e-07 | 34.6s
Epoch 05 | 01100/06880 | loss 7.5944 | ppl 1987.12 | lr 3.738481e-07 | 38.1s
Epoch 05 | 01200/06880 | loss 7.5943 | ppl 1986.86 | lr 3.731967e-07 | 41.6s
Epoch 05 | 01300/06880 | loss 7.5937 | ppl 1985.72 | lr 3.725487e-07 | 45.1s
Epoch 05 | 01400/06880 | loss 7.5927 | ppl 1983.69 | lr 3.71904e-07 | 48.6s
Epoch 05 | 01500/06880 | loss 7.5918 | ppl 1981.95 | lr 3.712627e-07 | 52.1s
Epoch 05 | 01600/06880 | loss 7.5911 | ppl 1980.49 | lr 3.706247e-07 | 55.6s
Epoch 05 | 01700/06880 | loss 7.5900 | ppl 1978.24 | lr 3.699899e-07 | 59.1s
Epoch 05 | 01800/06880 | loss 7.5890 | ppl 1976.40 | lr 3.693584e-07 | 62.7s
Epoch 05 | 01900/06880 | loss 7.5874 | ppl 1973.27 | lr 3.687302e-07 | 66.1s
Epoch 05 | 02000/06880 | loss 7.5866 | ppl 1971.58 | lr 3.681051e-07 | 69.5s
Epoch 05 | 02100/06880 | loss 7.5855 | ppl 1969.35 | lr 3.674832e-07 | 73.1s
Epoch 05 | 02200/06880 | loss 7.5846 | ppl 1967.71 | lr 3.668644e-07 | 76.6s
Epoch 05 | 02300/06880 | loss 7.5835 | ppl 1965.59 | lr 3.662488e-07 | 80.1s
Epoch 05 | 02400/06880 | loss 7.5825 | ppl 1963.62 | lr 3.656362e-07 | 83.6s
Epoch 05 | 02500/06880 | loss 7.5817 | ppl 1961.95 | lr 3.650267e-07 | 87.0s
Epoch 05 | 02600/06880 | loss 7.5812 | ppl 1961.03 | lr 3.644203e-07 | 90.6s
Epoch 05 | 02700/06880 | loss 7.5805 | ppl 1959.62 | lr 3.638168e-07 | 94.1s
Epoch 05 | 02800/06880 | loss 7.5802 | ppl 1958.94 | lr 3.632164e-07 | 97.6s
Epoch 05 | 02900/06880 | loss 7.5794 | ppl 1957.37 | lr 3.626189e-07 | 101.1s
Epoch 05 | 03000/06880 | loss 7.5787 | ppl 1956.09 | lr 3.620243e-07 | 104.5s
Epoch 05 | 03100/06880 | loss 7.5781 | ppl 1954.90 | lr 3.614327e-07 | 108.1s
Epoch 05 | 03200/06880 | loss 7.5775 | ppl 1953.66 | lr 3.608439e-07 | 111.5s
Epoch 05 | 03300/06880 | loss 7.5767 | ppl 1952.08 | lr 3.60258e-07 | 115.0s
Epoch 05 | 03400/06880 | loss 7.5761 | ppl 1950.92 | lr 3.59675e-07 | 118.5s
Epoch 05 | 03500/06880 | loss 7.5752 | ppl 1949.34 | lr 3.590948e-07 | 121.9s
Epoch 05 | 03600/06880 | loss 7.5746 | ppl 1948.02 | lr 3.585174e-07 | 125.4s
Epoch 05 | 03700/06880 | loss 7.5737 | ppl 1946.30 | lr 3.579427e-07 | 128.8s
Epoch 05 | 03800/06880 | loss 7.5731 | ppl 1945.19 | lr 3.573708e-07 | 132.2s
Epoch 05 | 03900/06880 | loss 7.5723 | ppl 1943.61 | lr 3.568017e-07 | 135.7s
Epoch 05 | 04000/06880 | loss 7.5717 | ppl 1942.42 | lr 3.562352e-07 | 139.4s
Epoch 05 | 04100/06880 | loss 7.5711 | ppl 1941.27 | lr 3.556715e-07 | 143.2s
Epoch 05 | 04200/06880 | loss 7.5704 | ppl 1939.86 | lr 3.551104e-07 | 146.9s
Epoch 05 | 04300/06880 | loss 7.5698 | ppl 1938.68 | lr 3.54552e-07 | 150.4s
Epoch 05 | 04400/06880 | loss 7.5691 | ppl 1937.31 | lr 3.539962e-07 | 153.9s
Epoch 05 | 04500/06880 | loss 7.5683 | ppl 1935.86 | lr 3.53443e-07 | 157.3s
Epoch 05 | 04600/06880 | loss 7.5676 | ppl 1934.56 | lr 3.528923e-07 | 160.8s
Epoch 05 | 04700/06880 | loss 7.5670 | ppl 1933.31 | lr 3.523443e-07 | 164.4s
Epoch 05 | 04800/06880 | loss 7.5663 | ppl 1931.90 | lr 3.517988e-07 | 167.9s
Epoch 05 | 04900/06880 | loss 7.5656 | ppl 1930.64 | lr 3.512558e-07 | 171.4s
Epoch 05 | 05000/06880 | loss 7.5648 | ppl 1929.06 | lr 3.507153e-07 | 174.9s
Epoch 05 | 05100/06880 | loss 7.5640 | ppl 1927.59 | lr 3.501773e-07 | 178.4s
Epoch 05 | 05200/06880 | loss 7.5632 | ppl 1926.00 | lr 3.496418e-07 | 181.9s
Epoch 05 | 05300/06880 | loss 7.5626 | ppl 1924.88 | lr 3.491087e-07 | 185.4s
Epoch 05 | 05400/06880 | loss 7.5620 | ppl 1923.74 | lr 3.485781e-07 | 189.0s
Epoch 05 | 05500/06880 | loss 7.5614 | ppl 1922.50 | lr 3.480499e-07 | 192.5s
Epoch 05 | 05600/06880 | loss 7.5607 | ppl 1921.09 | lr 3.47524e-07 | 196.0s
Epoch 05 | 05700/06880 | loss 7.5602 | ppl 1920.26 | lr 3.470006e-07 | 199.5s
Epoch 05 | 05800/06880 | loss 7.5596 | ppl 1919.07 | lr 3.464795e-07 | 203.0s
Epoch 05 | 05900/06880 | loss 7.5591 | ppl 1918.15 | lr 3.459607e-07 | 206.5s
Epoch 05 | 06000/06880 | loss 7.5584 | ppl 1916.72 | lr 3.454443e-07 | 210.0s
Epoch 05 | 06100/06880 | loss 7.5579 | ppl 1915.83 | lr 3.449301e-07 | 213.5s
Epoch 05 | 06200/06880 | loss 7.5574 | ppl 1914.77 | lr 3.444183e-07 | 217.0s
Epoch 05 | 06300/06880 | loss 7.5567 | ppl 1913.51 | lr 3.439087e-07 | 220.4s
Epoch 05 | 06400/06880 | loss 7.5560 | ppl 1912.23 | lr 3.434014e-07 | 223.9s
Epoch 05 | 06500/06880 | loss 7.5555 | ppl 1911.18 | lr 3.428963e-07 | 227.4s
Epoch 05 | 06600/06880 | loss 7.5549 | ppl 1910.05 | lr 3.423935e-07 | 230.9s
Epoch 05 | 06700/06880 | loss 7.5543 | ppl 1908.86 | lr 3.418928e-07 | 234.4s
Epoch 05 | 06800/06880 | loss 7.5536 | ppl 1907.60 | lr 3.413944e-07 | 237.9s
Epoch 05 complete | train loss 7.5532 | dev loss 7.5741 | train BLEU 0.01 | dev BLEU 0.01 | 250.0s
Epoch 06 | 00100/06880 | loss 7.5200 | ppl 1844.56 | lr 3.405026e-07 | 3.6s
Epoch 06 | 00200/06880 | loss 7.5154 | ppl 1836.10 | lr 3.400102e-07 | 7.0s
Epoch 06 | 00300/06880 | loss 7.5124 | ppl 1830.59 | lr 3.395199e-07 | 10.5s
Epoch 06 | 00400/06880 | loss 7.5124 | ppl 1830.60 | lr 3.390318e-07 | 13.9s
Epoch 06 | 00500/06880 | loss 7.5111 | ppl 1828.25 | lr 3.385457e-07 | 17.3s
Epoch 06 | 00600/06880 | loss 7.5089 | ppl 1824.24 | lr 3.380617e-07 | 20.8s
Epoch 06 | 00700/06880 | loss 7.5088 | ppl 1823.95 | lr 3.375798e-07 | 24.2s
Epoch 06 | 00800/06880 | loss 7.5084 | ppl 1823.38 | lr 3.370999e-07 | 27.7s
Epoch 06 | 00900/06880 | loss 7.5085 | ppl 1823.52 | lr 3.366221e-07 | 31.1s
Epoch 06 | 01000/06880 | loss 7.5079 | ppl 1822.43 | lr 3.361463e-07 | 34.6s
Epoch 06 | 01100/06880 | loss 7.5077 | ppl 1822.05 | lr 3.356725e-07 | 38.2s
Epoch 06 | 01200/06880 | loss 7.5079 | ppl 1822.31 | lr 3.352008e-07 | 41.7s
Epoch 06 | 01300/06880 | loss 7.5064 | ppl 1819.61 | lr 3.34731e-07 | 45.1s
Epoch 06 | 01400/06880 | loss 7.5061 | ppl 1819.08 | lr 3.342631e-07 | 48.6s
Epoch 06 | 01500/06880 | loss 7.5052 | ppl 1817.38 | lr 3.337973e-07 | 52.0s
Epoch 06 | 01600/06880 | loss 7.5043 | ppl 1815.77 | lr 3.333333e-07 | 55.4s
Epoch 06 | 01700/06880 | loss 7.5040 | ppl 1815.31 | lr 3.328713e-07 | 58.9s
Epoch 06 | 01800/06880 | loss 7.5035 | ppl 1814.42 | lr 3.324112e-07 | 62.5s
Epoch 06 | 01900/06880 | loss 7.5031 | ppl 1813.72 | lr 3.319531e-07 | 66.0s
Epoch 06 | 02000/06880 | loss 7.5028 | ppl 1813.15 | lr 3.314968e-07 | 69.5s
Epoch 06 | 02100/06880 | loss 7.5022 | ppl 1812.10 | lr 3.310424e-07 | 73.0s
Epoch 06 | 02200/06880 | loss 7.5013 | ppl 1810.45 | lr 3.305898e-07 | 76.5s
Epoch 06 | 02300/06880 | loss 7.5007 | ppl 1809.28 | lr 3.301391e-07 | 80.0s
Epoch 06 | 02400/06880 | loss 7.5001 | ppl 1808.20 | lr 3.296902e-07 | 83.5s
Epoch 06 | 02500/06880 | loss 7.4997 | ppl 1807.59 | lr 3.292432e-07 | 87.0s
Epoch 06 | 02600/06880 | loss 7.4993 | ppl 1806.74 | lr 3.28798e-07 | 90.5s
Epoch 06 | 02700/06880 | loss 7.4989 | ppl 1805.99 | lr 3.283546e-07 | 94.1s
Epoch 06 | 02800/06880 | loss 7.4985 | ppl 1805.41 | lr 3.279129e-07 | 97.6s
Epoch 06 | 02900/06880 | loss 7.4980 | ppl 1804.36 | lr 3.274731e-07 | 101.3s
Epoch 06 | 03000/06880 | loss 7.4971 | ppl 1802.87 | lr 3.27035e-07 | 104.9s
Epoch 06 | 03100/06880 | loss 7.4966 | ppl 1801.90 | lr 3.265986e-07 | 108.4s
Epoch 06 | 03200/06880 | loss 7.4962 | ppl 1801.22 | lr 3.26164e-07 | 111.9s
Epoch 06 | 03300/06880 | loss 7.4955 | ppl 1799.86 | lr 3.257312e-07 | 115.4s
Epoch 06 | 03400/06880 | loss 7.4949 | ppl 1798.88 | lr 3.253e-07 | 118.8s
Epoch 06 | 03500/06880 | loss 7.4945 | ppl 1798.16 | lr 3.248706e-07 | 122.4s
Epoch 06 | 03600/06880 | loss 7.4938 | ppl 1796.94 | lr 3.244428e-07 | 125.8s
Epoch 06 | 03700/06880 | loss 7.4936 | ppl 1796.49 | lr 3.240168e-07 | 129.3s
Epoch 06 | 03800/06880 | loss 7.4932 | ppl 1795.71 | lr 3.235924e-07 | 132.8s
Epoch 06 | 03900/06880 | loss 7.4929 | ppl 1795.32 | lr 3.231697e-07 | 136.2s
Epoch 06 | 04000/06880 | loss 7.4926 | ppl 1794.70 | lr 3.227486e-07 | 139.7s
Epoch 06 | 04100/06880 | loss 7.4921 | ppl 1793.88 | lr 3.223292e-07 | 143.1s
Epoch 06 | 04200/06880 | loss 7.4915 | ppl 1792.83 | lr 3.219114e-07 | 146.6s
Epoch 06 | 04300/06880 | loss 7.4911 | ppl 1792.00 | lr 3.214952e-07 | 150.0s
Epoch 06 | 04400/06880 | loss 7.4907 | ppl 1791.35 | lr 3.210806e-07 | 153.5s
Epoch 06 | 04500/06880 | loss 7.4904 | ppl 1790.68 | lr 3.206677e-07 | 156.9s
Epoch 06 | 04600/06880 | loss 7.4900 | ppl 1790.06 | lr 3.202563e-07 | 160.4s
Epoch 06 | 04700/06880 | loss 7.4895 | ppl 1789.15 | lr 3.198465e-07 | 163.9s
Epoch 06 | 04800/06880 | loss 7.4891 | ppl 1788.47 | lr 3.194383e-07 | 167.4s
Epoch 06 | 04900/06880 | loss 7.4887 | ppl 1787.74 | lr 3.190316e-07 | 171.0s
Epoch 06 | 05000/06880 | loss 7.4883 | ppl 1786.97 | lr 3.186265e-07 | 174.5s
Epoch 06 | 05100/06880 | loss 7.4876 | ppl 1785.81 | lr 3.182229e-07 | 178.0s
Epoch 06 | 05200/06880 | loss 7.4874 | ppl 1785.42 | lr 3.178209e-07 | 181.6s
Epoch 06 | 05300/06880 | loss 7.4868 | ppl 1784.41 | lr 3.174203e-07 | 185.1s
Epoch 06 | 05400/06880 | loss 7.4865 | ppl 1783.73 | lr 3.170213e-07 | 188.4s
Epoch 06 | 05500/06880 | loss 7.4859 | ppl 1782.79 | lr 3.166238e-07 | 191.9s
Epoch 06 | 05600/06880 | loss 7.4856 | ppl 1782.18 | lr 3.162278e-07 | 195.4s
Epoch 06 | 05700/06880 | loss 7.4852 | ppl 1781.48 | lr 3.158332e-07 | 198.9s
Epoch 06 | 05800/06880 | loss 7.4847 | ppl 1780.53 | lr 3.154401e-07 | 202.4s
Epoch 06 | 05900/06880 | loss 7.4840 | ppl 1779.43 | lr 3.150485e-07 | 205.9s
Epoch 06 | 06000/06880 | loss 7.4836 | ppl 1778.64 | lr 3.146584e-07 | 209.4s
Epoch 06 | 06100/06880 | loss 7.4830 | ppl 1777.64 | lr 3.142697e-07 | 213.0s
Epoch 06 | 06200/06880 | loss 7.4826 | ppl 1776.90 | lr 3.138824e-07 | 216.4s
Epoch 06 | 06300/06880 | loss 7.4822 | ppl 1776.21 | lr 3.134966e-07 | 219.8s
Epoch 06 | 06400/06880 | loss 7.4820 | ppl 1775.81 | lr 3.131121e-07 | 223.3s
Epoch 06 | 06500/06880 | loss 7.4815 | ppl 1774.90 | lr 3.127291e-07 | 226.8s
Epoch 06 | 06600/06880 | loss 7.4810 | ppl 1774.05 | lr 3.123475e-07 | 230.2s
Epoch 06 | 06700/06880 | loss 7.4806 | ppl 1773.32 | lr 3.119673e-07 | 233.6s
Epoch 06 | 06800/06880 | loss 7.4801 | ppl 1772.44 | lr 3.115885e-07 | 237.1s
Epoch 06 complete | train loss 7.4798 | dev loss 7.5112 | train BLEU 0.00 | dev BLEU 0.00 | 249.4s
Epoch 07 | 00100/06880 | loss 7.4479 | ppl 1716.30 | lr 3.1091e-07 | 3.5s
Epoch 07 | 00200/06880 | loss 7.4450 | ppl 1711.21 | lr 3.10535e-07 | 7.1s
Epoch 07 | 00300/06880 | loss 7.4449 | ppl 1711.09 | lr 3.101614e-07 | 10.5s
Epoch 07 | 00400/06880 | loss 7.4441 | ppl 1709.78 | lr 3.097891e-07 | 14.1s
Epoch 07 | 00500/06880 | loss 7.4440 | ppl 1709.58 | lr 3.094181e-07 | 17.5s
Epoch 07 | 00600/06880 | loss 7.4449 | ppl 1711.05 | lr 3.090485e-07 | 21.0s
Epoch 07 | 00700/06880 | loss 7.4450 | ppl 1711.22 | lr 3.086802e-07 | 24.5s
Epoch 07 | 00800/06880 | loss 7.4446 | ppl 1710.65 | lr 3.083132e-07 | 28.0s
Epoch 07 | 00900/06880 | loss 7.4451 | ppl 1711.39 | lr 3.079475e-07 | 31.5s
Epoch 07 | 01000/06880 | loss 7.4449 | ppl 1711.10 | lr 3.075831e-07 | 35.1s
Epoch 07 | 01100/06880 | loss 7.4441 | ppl 1709.71 | lr 3.0722e-07 | 38.6s
Epoch 07 | 01200/06880 | loss 7.4433 | ppl 1708.41 | lr 3.068582e-07 | 42.2s
Epoch 07 | 01300/06880 | loss 7.4432 | ppl 1708.15 | lr 3.064977e-07 | 45.6s
Epoch 07 | 01400/06880 | loss 7.4431 | ppl 1708.09 | lr 3.061384e-07 | 49.0s
Epoch 07 | 01500/06880 | loss 7.4429 | ppl 1707.67 | lr 3.057804e-07 | 52.5s
Epoch 07 | 01600/06880 | loss 7.4424 | ppl 1706.85 | lr 3.054236e-07 | 55.9s
Epoch 07 | 01700/06880 | loss 7.4422 | ppl 1706.46 | lr 3.050681e-07 | 59.4s
Epoch 07 | 01800/06880 | loss 7.4415 | ppl 1705.34 | lr 3.047138e-07 | 62.8s
Epoch 07 | 01900/06880 | loss 7.4415 | ppl 1705.31 | lr 3.043608e-07 | 66.4s
Epoch 07 | 02000/06880 | loss 7.4411 | ppl 1704.67 | lr 3.04009e-07 | 70.0s
Epoch 07 | 02100/06880 | loss 7.4404 | ppl 1703.42 | lr 3.036583e-07 | 73.5s
Epoch 07 | 02200/06880 | loss 7.4400 | ppl 1702.72 | lr 3.03309e-07 | 77.0s
Epoch 07 | 02300/06880 | loss 7.4395 | ppl 1701.91 | lr 3.029608e-07 | 80.4s
Epoch 07 | 02400/06880 | loss 7.4390 | ppl 1701.07 | lr 3.026138e-07 | 83.8s
Epoch 07 | 02500/06880 | loss 7.4386 | ppl 1700.35 | lr 3.02268e-07 | 87.3s
Epoch 07 | 02600/06880 | loss 7.4386 | ppl 1700.30 | lr 3.019233e-07 | 90.8s
Epoch 07 | 02700/06880 | loss 7.4380 | ppl 1699.41 | lr 3.015799e-07 | 94.3s
Epoch 07 | 02800/06880 | loss 7.4379 | ppl 1699.19 | lr 3.012376e-07 | 97.8s
Epoch 07 | 02900/06880 | loss 7.4377 | ppl 1698.88 | lr 3.008965e-07 | 101.3s
Epoch 07 | 03000/06880 | loss 7.4373 | ppl 1698.08 | lr 3.005565e-07 | 104.8s
Epoch 07 | 03100/06880 | loss 7.4368 | ppl 1697.28 | lr 3.002177e-07 | 108.3s
Epoch 07 | 03200/06880 | loss 7.4365 | ppl 1696.76 | lr 2.998801e-07 | 111.8s
Epoch 07 | 03300/06880 | loss 7.4359 | ppl 1695.75 | lr 2.995435e-07 | 115.2s
Epoch 07 | 03400/06880 | loss 7.4356 | ppl 1695.25 | lr 2.992081e-07 | 118.7s
Epoch 07 | 03500/06880 | loss 7.4349 | ppl 1694.10 | lr 2.988739e-07 | 122.2s
Epoch 07 | 03600/06880 | loss 7.4344 | ppl 1693.32 | lr 2.985407e-07 | 125.7s
Epoch 07 | 03700/06880 | loss 7.4340 | ppl 1692.61 | lr 2.982087e-07 | 129.1s
Epoch 07 | 03800/06880 | loss 7.4335 | ppl 1691.77 | lr 2.978777e-07 | 132.6s
Epoch 07 | 03900/06880 | loss 7.4334 | ppl 1691.56 | lr 2.975479e-07 | 136.1s
Epoch 07 | 04000/06880 | loss 7.4329 | ppl 1690.64 | lr 2.972191e-07 | 139.7s
Epoch 07 | 04100/06880 | loss 7.4324 | ppl 1689.79 | lr 2.968915e-07 | 143.3s
Epoch 07 | 04200/06880 | loss 7.4321 | ppl 1689.42 | lr 2.965649e-07 | 146.8s
Epoch 07 | 04300/06880 | loss 7.4314 | ppl 1688.20 | lr 2.962394e-07 | 150.2s
Epoch 07 | 04400/06880 | loss 7.4309 | ppl 1687.33 | lr 2.95915e-07 | 153.7s
Epoch 07 | 04500/06880 | loss 7.4305 | ppl 1686.66 | lr 2.955916e-07 | 157.3s
Epoch 07 | 04600/06880 | loss 7.4300 | ppl 1685.78 | lr 2.952693e-07 | 160.8s
Epoch 07 | 04700/06880 | loss 7.4295 | ppl 1684.96 | lr 2.94948e-07 | 164.3s
Epoch 07 | 04800/06880 | loss 7.4290 | ppl 1684.10 | lr 2.946278e-07 | 167.9s
Epoch 07 | 04900/06880 | loss 7.4285 | ppl 1683.35 | lr 2.943087e-07 | 171.5s
Epoch 07 | 05000/06880 | loss 7.4281 | ppl 1682.67 | lr 2.939905e-07 | 175.1s
Epoch 07 | 05100/06880 | loss 7.4276 | ppl 1681.74 | lr 2.936734e-07 | 178.5s
Epoch 07 | 05200/06880 | loss 7.4272 | ppl 1681.07 | lr 2.933573e-07 | 182.0s
Epoch 07 | 05300/06880 | loss 7.4267 | ppl 1680.30 | lr 2.930423e-07 | 185.4s
Epoch 07 | 05400/06880 | loss 7.4264 | ppl 1679.75 | lr 2.927282e-07 | 188.8s
Epoch 07 | 05500/06880 | loss 7.4260 | ppl 1679.06 | lr 2.924152e-07 | 192.3s
Epoch 07 | 05600/06880 | loss 7.4255 | ppl 1678.28 | lr 2.921031e-07 | 195.6s
Epoch 07 | 05700/06880 | loss 7.4251 | ppl 1677.49 | lr 2.917921e-07 | 199.1s
Epoch 07 | 05800/06880 | loss 7.4246 | ppl 1676.76 | lr 2.91482e-07 | 202.6s
Epoch 07 | 05900/06880 | loss 7.4243 | ppl 1676.27 | lr 2.91173e-07 | 206.1s
Epoch 07 | 06000/06880 | loss 7.4239 | ppl 1675.51 | lr 2.908649e-07 | 209.6s
Epoch 07 | 06100/06880 | loss 7.4235 | ppl 1674.87 | lr 2.905578e-07 | 213.0s
Epoch 07 | 06200/06880 | loss 7.4229 | ppl 1673.92 | lr 2.902516e-07 | 216.5s
Epoch 07 | 06300/06880 | loss 7.4226 | ppl 1673.35 | lr 2.899464e-07 | 220.0s
Epoch 07 | 06400/06880 | loss 7.4220 | ppl 1672.44 | lr 2.896422e-07 | 223.4s
Epoch 07 | 06500/06880 | loss 7.4216 | ppl 1671.71 | lr 2.89339e-07 | 226.8s
Epoch 07 | 06600/06880 | loss 7.4211 | ppl 1670.89 | lr 2.890367e-07 | 230.3s
Epoch 07 | 06700/06880 | loss 7.4207 | ppl 1670.16 | lr 2.887353e-07 | 233.9s
Epoch 07 | 06800/06880 | loss 7.4203 | ppl 1669.46 | lr 2.884349e-07 | 237.4s
Epoch 07 complete | train loss 7.4199 | dev loss 7.4524 | train BLEU 0.00 | dev BLEU 0.00 | 249.7s
Epoch 08 | 00100/06880 | loss 7.3916 | ppl 1622.32 | lr 2.878965e-07 | 3.6s
Epoch 08 | 00200/06880 | loss 7.3930 | ppl 1624.53 | lr 2.875987e-07 | 7.2s
Epoch 08 | 00300/06880 | loss 7.3888 | ppl 1617.81 | lr 2.873018e-07 | 10.7s
Epoch 08 | 00400/06880 | loss 7.3883 | ppl 1616.89 | lr 2.870058e-07 | 14.4s
Epoch 08 | 00500/06880 | loss 7.3861 | ppl 1613.46 | lr 2.867107e-07 | 18.0s
Epoch 08 | 00600/06880 | loss 7.3868 | ppl 1614.57 | lr 2.864166e-07 | 21.4s
Epoch 08 | 00700/06880 | loss 7.3870 | ppl 1614.89 | lr 2.861233e-07 | 24.9s
Epoch 08 | 00800/06880 | loss 7.3858 | ppl 1612.93 | lr 2.85831e-07 | 28.3s
Epoch 08 | 00900/06880 | loss 7.3849 | ppl 1611.41 | lr 2.855395e-07 | 31.8s
Epoch 08 | 01000/06880 | loss 7.3850 | ppl 1611.61 | lr 2.85249e-07 | 35.3s
Epoch 08 | 01100/06880 | loss 7.3845 | ppl 1610.78 | lr 2.849593e-07 | 38.8s
Epoch 08 | 01200/06880 | loss 7.3844 | ppl 1610.59 | lr 2.846705e-07 | 42.3s
Epoch 08 | 01300/06880 | loss 7.3844 | ppl 1610.60 | lr 2.843825e-07 | 45.8s
Epoch 08 | 01400/06880 | loss 7.3839 | ppl 1609.80 | lr 2.840955e-07 | 49.4s
Epoch 08 | 01500/06880 | loss 7.3833 | ppl 1608.93 | lr 2.838093e-07 | 52.9s
Epoch 08 | 01600/06880 | loss 7.3826 | ppl 1607.77 | lr 2.83524e-07 | 56.4s
Epoch 08 | 01700/06880 | loss 7.3820 | ppl 1606.85 | lr 2.832395e-07 | 59.9s
Epoch 08 | 01800/06880 | loss 7.3819 | ppl 1606.60 | lr 2.829559e-07 | 63.5s
Epoch 08 | 01900/06880 | loss 7.3817 | ppl 1606.39 | lr 2.826732e-07 | 67.0s
Epoch 08 | 02000/06880 | loss 7.3817 | ppl 1606.24 | lr 2.823912e-07 | 70.5s
Epoch 08 | 02100/06880 | loss 7.3814 | ppl 1605.84 | lr 2.821102e-07 | 74.0s
Epoch 08 | 02200/06880 | loss 7.3813 | ppl 1605.66 | lr 2.818299e-07 | 77.4s
Epoch 08 | 02300/06880 | loss 7.3808 | ppl 1604.80 | lr 2.815505e-07 | 80.9s
Epoch 08 | 02400/06880 | loss 7.3806 | ppl 1604.57 | lr 2.81272e-07 | 84.3s
Epoch 08 | 02500/06880 | loss 7.3802 | ppl 1603.83 | lr 2.809942e-07 | 87.9s
Epoch 08 | 02600/06880 | loss 7.3798 | ppl 1603.31 | lr 2.807173e-07 | 91.4s
Epoch 08 | 02700/06880 | loss 7.3798 | ppl 1603.23 | lr 2.804412e-07 | 94.9s
Epoch 08 | 02800/06880 | loss 7.3791 | ppl 1602.12 | lr 2.801659e-07 | 98.3s
Epoch 08 | 02900/06880 | loss 7.3783 | ppl 1600.88 | lr 2.798914e-07 | 101.7s
Epoch 08 | 03000/06880 | loss 7.3779 | ppl 1600.27 | lr 2.796177e-07 | 105.2s
Epoch 08 | 03100/06880 | loss 7.3774 | ppl 1599.36 | lr 2.793449e-07 | 108.6s
Epoch 08 | 03200/06880 | loss 7.3770 | ppl 1598.80 | lr 2.790728e-07 | 112.0s
Epoch 08 | 03300/06880 | loss 7.3767 | ppl 1598.28 | lr 2.788015e-07 | 115.5s
Epoch 08 | 03400/06880 | loss 7.3761 | ppl 1597.39 | lr 2.78531e-07 | 118.9s
Epoch 08 | 03500/06880 | loss 7.3757 | ppl 1596.68 | lr 2.782613e-07 | 122.3s
Epoch 08 | 03600/06880 | loss 7.3754 | ppl 1596.21 | lr 2.779924e-07 | 125.9s
Epoch 08 | 03700/06880 | loss 7.3749 | ppl 1595.45 | lr 2.777242e-07 | 129.4s
Epoch 08 | 03800/06880 | loss 7.3746 | ppl 1594.94 | lr 2.774568e-07 | 132.8s
Epoch 08 | 03900/06880 | loss 7.3741 | ppl 1594.18 | lr 2.771902e-07 | 136.3s
Epoch 08 | 04000/06880 | loss 7.3738 | ppl 1593.73 | lr 2.769244e-07 | 139.8s
Epoch 08 | 04100/06880 | loss 7.3733 | ppl 1592.87 | lr 2.766593e-07 | 143.3s
Epoch 08 | 04200/06880 | loss 7.3730 | ppl 1592.48 | lr 2.76395e-07 | 146.9s
Epoch 08 | 04300/06880 | loss 7.3726 | ppl 1591.77 | lr 2.761314e-07 | 150.4s
Epoch 08 | 04400/06880 | loss 7.3722 | ppl 1591.09 | lr 2.758686e-07 | 153.9s
Epoch 08 | 04500/06880 | loss 7.3718 | ppl 1590.56 | lr 2.756066e-07 | 157.4s
Epoch 08 | 04600/06880 | loss 7.3714 | ppl 1589.83 | lr 2.753453e-07 | 160.9s
Epoch 08 | 04700/06880 | loss 7.3708 | ppl 1588.86 | lr 2.750847e-07 | 164.3s
Epoch 08 | 04800/06880 | loss 7.3706 | ppl 1588.60 | lr 2.748249e-07 | 167.9s
Epoch 08 | 04900/06880 | loss 7.3703 | ppl 1588.08 | lr 2.745658e-07 | 171.3s
Epoch 08 | 05000/06880 | loss 7.3700 | ppl 1587.60 | lr 2.743074e-07 | 174.7s
Epoch 08 | 05100/06880 | loss 7.3694 | ppl 1586.62 | lr 2.740498e-07 | 178.2s
Epoch 08 | 05200/06880 | loss 7.3689 | ppl 1585.82 | lr 2.737928e-07 | 181.7s
Epoch 08 | 05300/06880 | loss 7.3685 | ppl 1585.30 | lr 2.735366e-07 | 185.2s
Epoch 08 | 05400/06880 | loss 7.3683 | ppl 1584.91 | lr 2.732812e-07 | 188.7s
Epoch 08 | 05500/06880 | loss 7.3679 | ppl 1584.36 | lr 2.730264e-07 | 192.1s
Epoch 08 | 05600/06880 | loss 7.3677 | ppl 1583.93 | lr 2.727724e-07 | 195.6s
Epoch 08 | 05700/06880 | loss 7.3674 | ppl 1583.56 | lr 2.72519e-07 | 199.1s
Epoch 08 | 05800/06880 | loss 7.3671 | ppl 1583.10 | lr 2.722664e-07 | 202.7s
Epoch 08 | 05900/06880 | loss 7.3666 | ppl 1582.27 | lr 2.720144e-07 | 206.3s
Epoch 08 | 06000/06880 | loss 7.3662 | ppl 1581.69 | lr 2.717632e-07 | 209.8s
Epoch 08 | 06100/06880 | loss 7.3657 | ppl 1580.84 | lr 2.715127e-07 | 213.4s
Epoch 08 | 06200/06880 | loss 7.3653 | ppl 1580.11 | lr 2.712628e-07 | 216.8s
Epoch 08 | 06300/06880 | loss 7.3651 | ppl 1579.85 | lr 2.710137e-07 | 220.3s
Epoch 08 | 06400/06880 | loss 7.3647 | ppl 1579.20 | lr 2.707652e-07 | 223.8s
Epoch 08 | 06500/06880 | loss 7.3643 | ppl 1578.57 | lr 2.705174e-07 | 227.4s
Epoch 08 | 06600/06880 | loss 7.3640 | ppl 1578.06 | lr 2.702703e-07 | 230.9s
Epoch 08 | 06700/06880 | loss 7.3635 | ppl 1577.29 | lr 2.700238e-07 | 234.4s
Epoch 08 | 06800/06880 | loss 7.3631 | ppl 1576.68 | lr 2.697781e-07 | 238.0s
Epoch 08 complete | train loss 7.3628 | dev loss 7.3969 | train BLEU 0.00 | dev BLEU 0.00 | 250.2s
{
  "best_epoch": 5,
  "best_dev_bleu": 0.012201941153821259,
  "best_dev_loss": 7.57408487397635,
  "best_model": "/data/student/i2311021/projects/100-swing-drill/chapter_10_2020/models/97_tuning/bs64_lr1em06_radam/best_model.pt",
  "batch_size": 64,
  "learning_rate": 1e-06,
  "optimizer": "radam"
}

========================================================================
Trial: bs32_lr3em05_radam
========================================================================
GPU: NVIDIA RTX PRO 6000 Blackwell Max-Q Workstation Edition
Train: 440,286, Dev: 1,166
Epoch 01 | 00100/13759 | loss 9.6971 | ppl 16270.05 | lr 7.5e-07 | 4.5s
Epoch 01 | 00200/13759 | loss 9.6700 | ppl 15834.81 | lr 1.5e-06 | 8.0s
Epoch 01 | 00300/13759 | loss 9.6297 | ppl 15209.28 | lr 2.25e-06 | 11.5s
Epoch 01 | 00400/13759 | loss 9.5904 | ppl 14623.88 | lr 3e-06 | 15.1s
Epoch 01 | 00500/13759 | loss 9.5534 | ppl 14093.15 | lr 3.75e-06 | 18.6s
Epoch 01 | 00600/13759 | loss 9.5161 | ppl 13575.97 | lr 4.5e-06 | 22.0s
Epoch 01 | 00700/13759 | loss 9.4774 | ppl 13060.74 | lr 5.25e-06 | 25.6s
Epoch 01 | 00800/13759 | loss 9.4365 | ppl 12538.04 | lr 6e-06 | 29.1s
Epoch 01 | 00900/13759 | loss 9.3935 | ppl 12009.87 | lr 6.75e-06 | 32.5s
Epoch 01 | 01000/13759 | loss 9.3472 | ppl 11466.85 | lr 7.5e-06 | 36.0s
Epoch 01 | 01100/13759 | loss 9.2978 | ppl 10913.86 | lr 8.25e-06 | 39.4s
Epoch 01 | 01200/13759 | loss 9.2466 | ppl 10368.83 | lr 9e-06 | 42.9s
Epoch 01 | 01300/13759 | loss 9.1924 | ppl 9822.04 | lr 9.75e-06 | 46.3s
Epoch 01 | 01400/13759 | loss 9.1356 | ppl 9279.49 | lr 1.05e-05 | 49.8s
Epoch 01 | 01500/13759 | loss 9.0769 | ppl 8750.64 | lr 1.125e-05 | 53.2s
Epoch 01 | 01600/13759 | loss 9.0183 | ppl 8252.38 | lr 1.2e-05 | 56.7s
Epoch 01 | 01700/13759 | loss 8.9572 | ppl 7763.86 | lr 1.275e-05 | 60.1s
Epoch 01 | 01800/13759 | loss 8.8966 | ppl 7307.42 | lr 1.35e-05 | 63.6s
Epoch 01 | 01900/13759 | loss 8.8390 | ppl 6898.23 | lr 1.425e-05 | 67.2s
Epoch 01 | 02000/13759 | loss 8.7808 | ppl 6508.37 | lr 1.5e-05 | 70.7s
Epoch 01 | 02100/13759 | loss 8.7260 | ppl 6161.16 | lr 1.575e-05 | 74.2s
Epoch 01 | 02200/13759 | loss 8.6734 | ppl 5845.47 | lr 1.65e-05 | 77.6s
Epoch 01 | 02300/13759 | loss 8.6224 | ppl 5554.52 | lr 1.725e-05 | 81.1s
Epoch 01 | 02400/13759 | loss 8.5755 | ppl 5300.04 | lr 1.8e-05 | 84.5s
Epoch 01 | 02500/13759 | loss 8.5298 | ppl 5063.55 | lr 1.875e-05 | 87.9s
Epoch 01 | 02600/13759 | loss 8.4865 | ppl 4848.83 | lr 1.95e-05 | 91.4s
Epoch 01 | 02700/13759 | loss 8.4449 | ppl 4651.28 | lr 2.025e-05 | 94.8s
Epoch 01 | 02800/13759 | loss 8.4051 | ppl 4469.78 | lr 2.1e-05 | 98.2s
Epoch 01 | 02900/13759 | loss 8.3663 | ppl 4299.87 | lr 2.175e-05 | 101.6s
Epoch 01 | 03000/13759 | loss 8.3288 | ppl 4141.52 | lr 2.25e-05 | 105.0s
Epoch 01 | 03100/13759 | loss 8.2920 | ppl 3991.97 | lr 2.325e-05 | 108.4s
Epoch 01 | 03200/13759 | loss 8.2565 | ppl 3852.73 | lr 2.4e-05 | 111.9s
Epoch 01 | 03300/13759 | loss 8.2223 | ppl 3722.94 | lr 2.475e-05 | 115.3s
Epoch 01 | 03400/13759 | loss 8.1891 | ppl 3601.35 | lr 2.55e-05 | 118.7s
Epoch 01 | 03500/13759 | loss 8.1571 | ppl 3487.99 | lr 2.625e-05 | 122.1s
Epoch 01 | 03600/13759 | loss 8.1258 | ppl 3380.50 | lr 2.7e-05 | 125.6s
Epoch 01 | 03700/13759 | loss 8.0945 | ppl 3276.53 | lr 2.775e-05 | 129.0s
Epoch 01 | 03800/13759 | loss 8.0648 | ppl 3180.54 | lr 2.85e-05 | 132.5s
Epoch 01 | 03900/13759 | loss 8.0354 | ppl 3088.34 | lr 2.925e-05 | 136.0s
Epoch 01 | 04000/13759 | loss 8.0064 | ppl 3000.07 | lr 3e-05 | 139.5s
Epoch 01 | 04100/13759 | loss 7.9792 | ppl 2919.65 | lr 2.963189e-05 | 142.9s
Epoch 01 | 04200/13759 | loss 7.9519 | ppl 2840.95 | lr 2.9277e-05 | 146.4s
Epoch 01 | 04300/13759 | loss 7.9257 | ppl 2767.39 | lr 2.893457e-05 | 149.8s
Epoch 01 | 04400/13759 | loss 7.8998 | ppl 2696.86 | lr 2.860388e-05 | 153.3s
Epoch 01 | 04500/13759 | loss 7.8746 | ppl 2629.71 | lr 2.828427e-05 | 156.7s
Epoch 01 | 04600/13759 | loss 7.8498 | ppl 2565.16 | lr 2.797514e-05 | 160.2s
Epoch 01 | 04700/13759 | loss 7.8262 | ppl 2505.34 | lr 2.767594e-05 | 163.7s
Epoch 01 | 04800/13759 | loss 7.8025 | ppl 2446.63 | lr 2.738613e-05 | 167.1s
Epoch 01 | 04900/13759 | loss 7.7793 | ppl 2390.71 | lr 2.710524e-05 | 170.5s
Epoch 01 | 05000/13759 | loss 7.7573 | ppl 2338.52 | lr 2.683282e-05 | 174.0s
Epoch 01 | 05100/13759 | loss 7.7354 | ppl 2287.95 | lr 2.656845e-05 | 177.4s
Epoch 01 | 05200/13759 | loss 7.7144 | ppl 2240.38 | lr 2.631174e-05 | 180.9s
Epoch 01 | 05300/13759 | loss 7.6936 | ppl 2194.25 | lr 2.606233e-05 | 184.4s
Epoch 01 | 05400/13759 | loss 7.6731 | ppl 2149.67 | lr 2.581989e-05 | 187.8s
Epoch 01 | 05500/13759 | loss 7.6536 | ppl 2108.18 | lr 2.558409e-05 | 191.2s
Epoch 01 | 05600/13759 | loss 7.6345 | ppl 2068.26 | lr 2.535463e-05 | 194.6s
Epoch 01 | 05700/13759 | loss 7.6159 | ppl 2030.14 | lr 2.513123e-05 | 198.1s
Epoch 01 | 05800/13759 | loss 7.5978 | ppl 1993.89 | lr 2.491364e-05 | 201.5s
Epoch 01 | 05900/13759 | loss 7.5794 | ppl 1957.44 | lr 2.470161e-05 | 204.9s
Epoch 01 | 06000/13759 | loss 7.5620 | ppl 1923.72 | lr 2.44949e-05 | 208.3s
Epoch 01 | 06100/13759 | loss 7.5447 | ppl 1890.73 | lr 2.429329e-05 | 211.8s
Epoch 01 | 06200/13759 | loss 7.5277 | ppl 1858.85 | lr 2.409658e-05 | 215.3s
Epoch 01 | 06300/13759 | loss 7.5116 | ppl 1829.20 | lr 2.390457e-05 | 218.8s
Epoch 01 | 06400/13759 | loss 7.4957 | ppl 1800.34 | lr 2.371708e-05 | 222.2s
Epoch 01 | 06500/13759 | loss 7.4802 | ppl 1772.65 | lr 2.353394e-05 | 225.7s
Epoch 01 | 06600/13759 | loss 7.4655 | ppl 1746.66 | lr 2.335497e-05 | 229.0s
Epoch 01 | 06700/13759 | loss 7.4507 | ppl 1721.01 | lr 2.318002e-05 | 232.4s
Epoch 01 | 06800/13759 | loss 7.4359 | ppl 1695.76 | lr 2.300895e-05 | 235.8s
Epoch 01 | 06900/13759 | loss 7.4214 | ppl 1671.29 | lr 2.284161e-05 | 239.3s
Epoch 01 | 07000/13759 | loss 7.4069 | ppl 1647.35 | lr 2.267787e-05 | 242.7s
Epoch 01 | 07100/13759 | loss 7.3933 | ppl 1625.01 | lr 2.25176e-05 | 246.2s
Epoch 01 | 07200/13759 | loss 7.3795 | ppl 1602.86 | lr 2.236068e-05 | 249.6s
Epoch 01 | 07300/13759 | loss 7.3661 | ppl 1581.51 | lr 2.2207e-05 | 253.0s
Epoch 01 | 07400/13759 | loss 7.3531 | ppl 1561.05 | lr 2.205644e-05 | 256.4s
Epoch 01 | 07500/13759 | loss 7.3403 | ppl 1541.18 | lr 2.19089e-05 | 259.9s
Epoch 01 | 07600/13759 | loss 7.3280 | ppl 1522.38 | lr 2.176429e-05 | 263.3s
Epoch 01 | 07700/13759 | loss 7.3153 | ppl 1503.20 | lr 2.16225e-05 | 266.7s
Epoch 01 | 07800/13759 | loss 7.3036 | ppl 1485.59 | lr 2.148345e-05 | 270.1s
Epoch 01 | 07900/13759 | loss 7.2917 | ppl 1468.08 | lr 2.134704e-05 | 273.6s
Epoch 01 | 08000/13759 | loss 7.2799 | ppl 1450.90 | lr 2.12132e-05 | 277.1s
Epoch 01 | 08100/13759 | loss 7.2684 | ppl 1434.21 | lr 2.108185e-05 | 280.5s
Epoch 01 | 08200/13759 | loss 7.2572 | ppl 1418.32 | lr 2.095291e-05 | 284.0s
Epoch 01 | 08300/13759 | loss 7.2462 | ppl 1402.72 | lr 2.08263e-05 | 287.4s
Epoch 01 | 08400/13759 | loss 7.2353 | ppl 1387.59 | lr 2.070197e-05 | 290.8s
Epoch 01 | 08500/13759 | loss 7.2245 | ppl 1372.61 | lr 2.057983e-05 | 294.3s
Epoch 01 | 08600/13759 | loss 7.2142 | ppl 1358.53 | lr 2.045983e-05 | 297.7s
Epoch 01 | 08700/13759 | loss 7.2036 | ppl 1344.29 | lr 2.034191e-05 | 301.1s
Epoch 01 | 08800/13759 | loss 7.1934 | ppl 1330.57 | lr 2.0226e-05 | 304.5s
Epoch 01 | 08900/13759 | loss 7.1835 | ppl 1317.45 | lr 2.011205e-05 | 307.9s
Epoch 01 | 09000/13759 | loss 7.1736 | ppl 1304.55 | lr 2e-05 | 311.3s
Epoch 01 | 09100/13759 | loss 7.1638 | ppl 1291.77 | lr 1.988981e-05 | 314.7s
Epoch 01 | 09200/13759 | loss 7.1541 | ppl 1279.34 | lr 1.978141e-05 | 318.2s
Epoch 01 | 09300/13759 | loss 7.1449 | ppl 1267.58 | lr 1.967478e-05 | 321.7s
Epoch 01 | 09400/13759 | loss 7.1355 | ppl 1255.72 | lr 1.956984e-05 | 325.2s
Epoch 01 | 09500/13759 | loss 7.1262 | ppl 1244.19 | lr 1.946657e-05 | 328.7s
Epoch 01 | 09600/13759 | loss 7.1169 | ppl 1232.59 | lr 1.936492e-05 | 332.2s
Epoch 01 | 09700/13759 | loss 7.1076 | ppl 1221.18 | lr 1.926484e-05 | 335.7s
Epoch 01 | 09800/13759 | loss 7.0987 | ppl 1210.39 | lr 1.91663e-05 | 339.2s
Epoch 01 | 09900/13759 | loss 7.0899 | ppl 1199.75 | lr 1.906925e-05 | 342.7s
Epoch 01 | 10000/13759 | loss 7.0812 | ppl 1189.43 | lr 1.897367e-05 | 346.2s
Epoch 01 | 10100/13759 | loss 7.0729 | ppl 1179.52 | lr 1.88795e-05 | 349.5s
Epoch 01 | 10200/13759 | loss 7.0648 | ppl 1170.03 | lr 1.878673e-05 | 352.9s
Epoch 01 | 10300/13759 | loss 7.0565 | ppl 1160.33 | lr 1.869531e-05 | 356.3s
Epoch 01 | 10400/13759 | loss 7.0484 | ppl 1151.02 | lr 1.860521e-05 | 359.9s
Epoch 01 | 10500/13759 | loss 7.0403 | ppl 1141.76 | lr 1.85164e-05 | 363.3s
Epoch 01 | 10600/13759 | loss 7.0325 | ppl 1132.91 | lr 1.842885e-05 | 366.7s
Epoch 01 | 10700/13759 | loss 7.0246 | ppl 1123.91 | lr 1.834254e-05 | 370.1s
Epoch 01 | 10800/13759 | loss 7.0168 | ppl 1115.25 | lr 1.825742e-05 | 373.6s
Epoch 01 | 10900/13759 | loss 7.0092 | ppl 1106.79 | lr 1.817348e-05 | 377.0s
Epoch 01 | 11000/13759 | loss 7.0015 | ppl 1098.31 | lr 1.809068e-05 | 380.5s
Epoch 01 | 11100/13759 | loss 6.9942 | ppl 1090.29 | lr 1.800901e-05 | 383.9s
Epoch 01 | 11200/13759 | loss 6.9868 | ppl 1082.22 | lr 1.792843e-05 | 387.3s
Epoch 01 | 11300/13759 | loss 6.9795 | ppl 1074.41 | lr 1.784892e-05 | 390.7s
Epoch 01 | 11400/13759 | loss 6.9723 | ppl 1066.64 | lr 1.777047e-05 | 394.1s
Epoch 01 | 11500/13759 | loss 6.9651 | ppl 1059.07 | lr 1.769303e-05 | 397.6s
Epoch 01 | 11600/13759 | loss 6.9579 | ppl 1051.46 | lr 1.761661e-05 | 401.0s
Epoch 01 | 11700/13759 | loss 6.9510 | ppl 1044.19 | lr 1.754116e-05 | 404.4s
Epoch 01 | 11800/13759 | loss 6.9443 | ppl 1037.18 | lr 1.746668e-05 | 407.9s
Epoch 01 | 11900/13759 | loss 6.9376 | ppl 1030.28 | lr 1.739313e-05 | 411.3s
Epoch 01 | 12000/13759 | loss 6.9309 | ppl 1023.40 | lr 1.732051e-05 | 414.8s
Epoch 01 | 12100/13759 | loss 6.9244 | ppl 1016.76 | lr 1.724879e-05 | 418.0s
Epoch 01 | 12200/13759 | loss 6.9180 | ppl 1010.32 | lr 1.717795e-05 | 421.5s
Epoch 01 | 12300/13759 | loss 6.9116 | ppl 1003.88 | lr 1.710798e-05 | 424.9s
Epoch 01 | 12400/13759 | loss 6.9052 | ppl 997.42 | lr 1.703886e-05 | 428.3s
Epoch 01 | 12500/13759 | loss 6.8988 | ppl 991.10 | lr 1.697056e-05 | 431.7s
Epoch 01 | 12600/13759 | loss 6.8927 | ppl 985.04 | lr 1.690309e-05 | 435.2s
Epoch 01 | 12700/13759 | loss 6.8866 | ppl 979.05 | lr 1.683641e-05 | 438.6s
Epoch 01 | 12800/13759 | loss 6.8804 | ppl 973.00 | lr 1.677051e-05 | 442.1s
Epoch 01 | 12900/13759 | loss 6.8744 | ppl 967.23 | lr 1.670538e-05 | 445.5s
Epoch 01 | 13000/13759 | loss 6.8683 | ppl 961.32 | lr 1.664101e-05 | 448.8s
Epoch 01 | 13100/13759 | loss 6.8623 | ppl 955.55 | lr 1.657737e-05 | 452.3s
Epoch 01 | 13200/13759 | loss 6.8566 | ppl 950.12 | lr 1.651446e-05 | 455.7s
Epoch 01 | 13300/13759 | loss 6.8511 | ppl 944.88 | lr 1.645225e-05 | 459.2s
Epoch 01 | 13400/13759 | loss 6.8453 | ppl 939.45 | lr 1.639075e-05 | 462.6s
Epoch 01 | 13500/13759 | loss 6.8396 | ppl 934.12 | lr 1.632993e-05 | 466.1s
Epoch 01 | 13600/13759 | loss 6.8339 | ppl 928.82 | lr 1.626978e-05 | 469.6s
Epoch 01 | 13700/13759 | loss 6.8286 | ppl 923.85 | lr 1.62103e-05 | 473.0s
/data/student/i2311021/conda_envs/100-swing-drill-gpu/lib/python3.10/site-packages/torch/nn/modules/transformer.py:531: UserWarning: The PyTorch API of nested tensors is in prototype stage and will change in the near future. We recommend specifying layout=torch.jagged when constructing a nested tensor, as this layout receives active development, has better operator coverage, and works with torch.compile. (Triggered internally at /pytorch/aten/src/ATen/NestedTensorImpl.cpp:178.)
  output = torch._nested_tensor_from_mask(
Epoch 01 complete | train loss 6.8254 | dev loss 6.1848 | train BLEU 0.64 | dev BLEU 0.58 | 484.3s
Epoch 02 | 00100/13759 | loss 6.0780 | ppl 436.16 | lr 1.611704e-05 | 3.5s
Epoch 02 | 00200/13759 | loss 6.0675 | ppl 431.61 | lr 1.605921e-05 | 6.9s
Epoch 02 | 00300/13759 | loss 6.0654 | ppl 430.68 | lr 1.600199e-05 | 10.3s
Epoch 02 | 00400/13759 | loss 6.0593 | ppl 428.06 | lr 1.594538e-05 | 13.7s
Epoch 02 | 00500/13759 | loss 6.0546 | ppl 426.07 | lr 1.588937e-05 | 17.1s
Epoch 02 | 00600/13759 | loss 6.0516 | ppl 424.80 | lr 1.583395e-05 | 20.6s
Epoch 02 | 00700/13759 | loss 6.0481 | ppl 423.29 | lr 1.57791e-05 | 24.0s
Epoch 02 | 00800/13759 | loss 6.0482 | ppl 423.33 | lr 1.572481e-05 | 27.4s
Epoch 02 | 00900/13759 | loss 6.0484 | ppl 423.41 | lr 1.567109e-05 | 30.9s
Epoch 02 | 01000/13759 | loss 6.0486 | ppl 423.51 | lr 1.561791e-05 | 34.3s
Epoch 02 | 01100/13759 | loss 6.0494 | ppl 423.85 | lr 1.556526e-05 | 37.8s
Epoch 02 | 01200/13759 | loss 6.0481 | ppl 423.29 | lr 1.551315e-05 | 41.2s
Epoch 02 | 01300/13759 | loss 6.0454 | ppl 422.18 | lr 1.546156e-05 | 44.6s
Epoch 02 | 01400/13759 | loss 6.0440 | ppl 421.57 | lr 1.541047e-05 | 48.0s
Epoch 02 | 01500/13759 | loss 6.0427 | ppl 421.03 | lr 1.535989e-05 | 51.4s
Epoch 02 | 01600/13759 | loss 6.0432 | ppl 421.25 | lr 1.530981e-05 | 54.9s
Epoch 02 | 01700/13759 | loss 6.0422 | ppl 420.84 | lr 1.526021e-05 | 58.3s
Epoch 02 | 01800/13759 | loss 6.0410 | ppl 420.30 | lr 1.521109e-05 | 61.7s
Epoch 02 | 01900/13759 | loss 6.0392 | ppl 419.55 | lr 1.516244e-05 | 65.1s
Epoch 02 | 02000/13759 | loss 6.0384 | ppl 419.22 | lr 1.511426e-05 | 68.6s
Epoch 02 | 02100/13759 | loss 6.0369 | ppl 418.61 | lr 1.506653e-05 | 72.0s
Epoch 02 | 02200/13759 | loss 6.0355 | ppl 417.99 | lr 1.501926e-05 | 75.4s
Epoch 02 | 02300/13759 | loss 6.0343 | ppl 417.49 | lr 1.497242e-05 | 78.9s
Epoch 02 | 02400/13759 | loss 6.0336 | ppl 417.20 | lr 1.492602e-05 | 82.4s
Epoch 02 | 02500/13759 | loss 6.0318 | ppl 416.47 | lr 1.488005e-05 | 85.8s
Epoch 02 | 02600/13759 | loss 6.0312 | ppl 416.23 | lr 1.48345e-05 | 89.3s
Epoch 02 | 02700/13759 | loss 6.0298 | ppl 415.62 | lr 1.478937e-05 | 92.6s
Epoch 02 | 02800/13759 | loss 6.0286 | ppl 415.14 | lr 1.474464e-05 | 96.0s
Epoch 02 | 02900/13759 | loss 6.0276 | ppl 414.70 | lr 1.470032e-05 | 99.4s
Epoch 02 | 03000/13759 | loss 6.0271 | ppl 414.52 | lr 1.46564e-05 | 102.9s
Epoch 02 | 03100/13759 | loss 6.0258 | ppl 413.97 | lr 1.461286e-05 | 106.3s
Epoch 02 | 03200/13759 | loss 6.0246 | ppl 413.48 | lr 1.456972e-05 | 109.7s
Epoch 02 | 03300/13759 | loss 6.0236 | ppl 413.05 | lr 1.452695e-05 | 113.1s
Epoch 02 | 03400/13759 | loss 6.0229 | ppl 412.76 | lr 1.448456e-05 | 116.5s
Epoch 02 | 03500/13759 | loss 6.0217 | ppl 412.26 | lr 1.444254e-05 | 119.9s
Epoch 02 | 03600/13759 | loss 6.0209 | ppl 411.93 | lr 1.440088e-05 | 123.4s
Epoch 02 | 03700/13759 | loss 6.0195 | ppl 411.37 | lr 1.435957e-05 | 126.8s
Epoch 02 | 03800/13759 | loss 6.0178 | ppl 410.65 | lr 1.431863e-05 | 130.3s
Epoch 02 | 03900/13759 | loss 6.0165 | ppl 410.13 | lr 1.427803e-05 | 133.7s
Epoch 02 | 04000/13759 | loss 6.0154 | ppl 409.70 | lr 1.423777e-05 | 137.2s
Epoch 02 | 04100/13759 | loss 6.0138 | ppl 409.05 | lr 1.419785e-05 | 140.6s
Epoch 02 | 04200/13759 | loss 6.0129 | ppl 408.65 | lr 1.415827e-05 | 144.1s
Epoch 02 | 04300/13759 | loss 6.0117 | ppl 408.18 | lr 1.411902e-05 | 147.7s
Epoch 02 | 04400/13759 | loss 6.0108 | ppl 407.80 | lr 1.408009e-05 | 151.2s
Epoch 02 | 04500/13759 | loss 6.0095 | ppl 407.29 | lr 1.404148e-05 | 154.7s
Epoch 02 | 04600/13759 | loss 6.0082 | ppl 406.77 | lr 1.400318e-05 | 158.2s
Epoch 02 | 04700/13759 | loss 6.0068 | ppl 406.20 | lr 1.39652e-05 | 161.6s
Epoch 02 | 04800/13759 | loss 6.0056 | ppl 405.68 | lr 1.392753e-05 | 165.1s
Epoch 02 | 04900/13759 | loss 6.0047 | ppl 405.31 | lr 1.389015e-05 | 168.5s
Epoch 02 | 05000/13759 | loss 6.0034 | ppl 404.81 | lr 1.385308e-05 | 171.8s
Epoch 02 | 05100/13759 | loss 6.0022 | ppl 404.31 | lr 1.381631e-05 | 175.3s
Epoch 02 | 05200/13759 | loss 6.0004 | ppl 403.57 | lr 1.377982e-05 | 178.8s
Epoch 02 | 05300/13759 | loss 5.9990 | ppl 403.01 | lr 1.374362e-05 | 182.3s
Epoch 02 | 05400/13759 | loss 5.9982 | ppl 402.68 | lr 1.370771e-05 | 185.8s
Epoch 02 | 05500/13759 | loss 5.9966 | ppl 402.08 | lr 1.367207e-05 | 189.2s
Epoch 02 | 05600/13759 | loss 5.9955 | ppl 401.64 | lr 1.363672e-05 | 192.7s
Epoch 02 | 05700/13759 | loss 5.9943 | ppl 401.14 | lr 1.360163e-05 | 196.1s
Epoch 02 | 05800/13759 | loss 5.9933 | ppl 400.72 | lr 1.356682e-05 | 199.5s
Epoch 02 | 05900/13759 | loss 5.9919 | ppl 400.17 | lr 1.353227e-05 | 203.0s
Epoch 02 | 06000/13759 | loss 5.9908 | ppl 399.75 | lr 1.349798e-05 | 206.4s
Epoch 02 | 06100/13759 | loss 5.9896 | ppl 399.27 | lr 1.346395e-05 | 209.8s
Epoch 02 | 06200/13759 | loss 5.9887 | ppl 398.91 | lr 1.343018e-05 | 213.2s
Epoch 02 | 06300/13759 | loss 5.9875 | ppl 398.43 | lr 1.339666e-05 | 216.6s
Epoch 02 | 06400/13759 | loss 5.9865 | ppl 398.03 | lr 1.336339e-05 | 220.0s
Epoch 02 | 06500/13759 | loss 5.9853 | ppl 397.56 | lr 1.333037e-05 | 223.6s
Epoch 02 | 06600/13759 | loss 5.9846 | ppl 397.25 | lr 1.329759e-05 | 226.9s
Epoch 02 | 06700/13759 | loss 5.9837 | ppl 396.89 | lr 1.326505e-05 | 230.4s
Epoch 02 | 06800/13759 | loss 5.9825 | ppl 396.43 | lr 1.323275e-05 | 233.8s
Epoch 02 | 06900/13759 | loss 5.9813 | ppl 395.94 | lr 1.320069e-05 | 237.2s
Epoch 02 | 07000/13759 | loss 5.9801 | ppl 395.49 | lr 1.316886e-05 | 240.9s
Epoch 02 | 07100/13759 | loss 5.9792 | ppl 395.13 | lr 1.313725e-05 | 244.4s
Epoch 02 | 07200/13759 | loss 5.9782 | ppl 394.72 | lr 1.310587e-05 | 248.0s
Epoch 02 | 07300/13759 | loss 5.9771 | ppl 394.28 | lr 1.307472e-05 | 251.6s
Epoch 02 | 07400/13759 | loss 5.9760 | ppl 393.87 | lr 1.304379e-05 | 255.0s
Epoch 02 | 07500/13759 | loss 5.9749 | ppl 393.41 | lr 1.301307e-05 | 258.5s
Epoch 02 | 07600/13759 | loss 5.9741 | ppl 393.10 | lr 1.298257e-05 | 261.9s
Epoch 02 | 07700/13759 | loss 5.9731 | ppl 392.70 | lr 1.295229e-05 | 265.3s
Epoch 02 | 07800/13759 | loss 5.9719 | ppl 392.24 | lr 1.292221e-05 | 268.8s
Epoch 02 | 07900/13759 | loss 5.9711 | ppl 391.93 | lr 1.289235e-05 | 272.3s
Epoch 02 | 08000/13759 | loss 5.9702 | ppl 391.57 | lr 1.286269e-05 | 275.7s
Epoch 02 | 08100/13759 | loss 5.9693 | ppl 391.24 | lr 1.283323e-05 | 279.3s
Epoch 02 | 08200/13759 | loss 5.9683 | ppl 390.83 | lr 1.280398e-05 | 282.8s
Epoch 02 | 08300/13759 | loss 5.9673 | ppl 390.46 | lr 1.277492e-05 | 286.3s
Epoch 02 | 08400/13759 | loss 5.9662 | ppl 390.02 | lr 1.274607e-05 | 289.7s
Epoch 02 | 08500/13759 | loss 5.9648 | ppl 389.49 | lr 1.27174e-05 | 293.2s
Epoch 02 | 08600/13759 | loss 5.9636 | ppl 389.00 | lr 1.268893e-05 | 296.6s
Epoch 02 | 08700/13759 | loss 5.9628 | ppl 388.69 | lr 1.266065e-05 | 300.0s
Epoch 02 | 08800/13759 | loss 5.9618 | ppl 388.32 | lr 1.263256e-05 | 303.5s
Epoch 02 | 08900/13759 | loss 5.9608 | ppl 387.93 | lr 1.260465e-05 | 306.9s
Epoch 02 | 09000/13759 | loss 5.9597 | ppl 387.51 | lr 1.257693e-05 | 310.4s
Epoch 02 | 09100/13759 | loss 5.9591 | ppl 387.26 | lr 1.254939e-05 | 314.0s
Epoch 02 | 09200/13759 | loss 5.9582 | ppl 386.90 | lr 1.252203e-05 | 317.4s
Epoch 02 | 09300/13759 | loss 5.9574 | ppl 386.61 | lr 1.249485e-05 | 320.8s
Epoch 02 | 09400/13759 | loss 5.9563 | ppl 386.18 | lr 1.246784e-05 | 324.2s
Epoch 02 | 09500/13759 | loss 5.9553 | ppl 385.81 | lr 1.244101e-05 | 327.7s
Epoch 02 | 09600/13759 | loss 5.9546 | ppl 385.52 | lr 1.241435e-05 | 331.2s
Epoch 02 | 09700/13759 | loss 5.9535 | ppl 385.11 | lr 1.238787e-05 | 334.7s
Epoch 02 | 09800/13759 | loss 5.9525 | ppl 384.72 | lr 1.236155e-05 | 338.2s
Epoch 02 | 09900/13759 | loss 5.9514 | ppl 384.27 | lr 1.233539e-05 | 341.5s
Epoch 02 | 10000/13759 | loss 5.9504 | ppl 383.91 | lr 1.230941e-05 | 344.9s
Epoch 02 | 10100/13759 | loss 5.9494 | ppl 383.54 | lr 1.228358e-05 | 348.4s
Epoch 02 | 10200/13759 | loss 5.9485 | ppl 383.16 | lr 1.225792e-05 | 351.8s
Epoch 02 | 10300/13759 | loss 5.9476 | ppl 382.84 | lr 1.223242e-05 | 355.4s
Epoch 02 | 10400/13759 | loss 5.9468 | ppl 382.53 | lr 1.220708e-05 | 358.8s
Epoch 02 | 10500/13759 | loss 5.9460 | ppl 382.22 | lr 1.218189e-05 | 362.3s
Epoch 02 | 10600/13759 | loss 5.9450 | ppl 381.84 | lr 1.215686e-05 | 365.7s
Epoch 02 | 10700/13759 | loss 5.9442 | ppl 381.52 | lr 1.213199e-05 | 369.1s
Epoch 02 | 10800/13759 | loss 5.9432 | ppl 381.14 | lr 1.210726e-05 | 372.4s
Epoch 02 | 10900/13759 | loss 5.9423 | ppl 380.80 | lr 1.208269e-05 | 375.8s
Epoch 02 | 11000/13759 | loss 5.9413 | ppl 380.42 | lr 1.205826e-05 | 379.2s
Epoch 02 | 11100/13759 | loss 5.9402 | ppl 380.03 | lr 1.203398e-05 | 382.7s
Epoch 02 | 11200/13759 | loss 5.9393 | ppl 379.68 | lr 1.200985e-05 | 386.1s
Epoch 02 | 11300/13759 | loss 5.9383 | ppl 379.31 | lr 1.198587e-05 | 389.5s
Epoch 02 | 11400/13759 | loss 5.9374 | ppl 378.95 | lr 1.196202e-05 | 392.9s
Epoch 02 | 11500/13759 | loss 5.9364 | ppl 378.56 | lr 1.193832e-05 | 396.3s
Epoch 02 | 11600/13759 | loss 5.9355 | ppl 378.23 | lr 1.191476e-05 | 399.8s
Epoch 02 | 11700/13759 | loss 5.9347 | ppl 377.94 | lr 1.189133e-05 | 403.2s
Epoch 02 | 11800/13759 | loss 5.9338 | ppl 377.58 | lr 1.186805e-05 | 406.6s
Epoch 02 | 11900/13759 | loss 5.9329 | ppl 377.26 | lr 1.18449e-05 | 410.1s
Epoch 02 | 12000/13759 | loss 5.9320 | ppl 376.90 | lr 1.182189e-05 | 413.5s
Epoch 02 | 12100/13759 | loss 5.9312 | ppl 376.59 | lr 1.179901e-05 | 417.0s
Epoch 02 | 12200/13759 | loss 5.9303 | ppl 376.25 | lr 1.177626e-05 | 420.4s
Epoch 02 | 12300/13759 | loss 5.9292 | ppl 375.87 | lr 1.175364e-05 | 423.9s
Epoch 02 | 12400/13759 | loss 5.9285 | ppl 375.57 | lr 1.173115e-05 | 427.4s
Epoch 02 | 12500/13759 | loss 5.9275 | ppl 375.23 | lr 1.170879e-05 | 430.8s
Epoch 02 | 12600/13759 | loss 5.9267 | ppl 374.90 | lr 1.168656e-05 | 434.4s
Epoch 02 | 12700/13759 | loss 5.9257 | ppl 374.55 | lr 1.166446e-05 | 437.8s
Epoch 02 | 12800/13759 | loss 5.9249 | ppl 374.25 | lr 1.164248e-05 | 441.3s
Epoch 02 | 12900/13759 | loss 5.9241 | ppl 373.94 | lr 1.162062e-05 | 444.7s
Epoch 02 | 13000/13759 | loss 5.9234 | ppl 373.68 | lr 1.159889e-05 | 448.2s
Epoch 02 | 13100/13759 | loss 5.9225 | ppl 373.35 | lr 1.157727e-05 | 451.6s
Epoch 02 | 13200/13759 | loss 5.9217 | ppl 373.05 | lr 1.155578e-05 | 455.0s
Epoch 02 | 13300/13759 | loss 5.9209 | ppl 372.75 | lr 1.153441e-05 | 458.5s
Epoch 02 | 13400/13759 | loss 5.9202 | ppl 372.47 | lr 1.151316e-05 | 461.9s
Epoch 02 | 13500/13759 | loss 5.9193 | ppl 372.17 | lr 1.149202e-05 | 465.4s
Epoch 02 | 13600/13759 | loss 5.9185 | ppl 371.84 | lr 1.1471e-05 | 468.8s
Epoch 02 | 13700/13759 | loss 5.9179 | ppl 371.62 | lr 1.145009e-05 | 472.2s
Epoch 02 complete | train loss 5.9174 | dev loss 5.9114 | train BLEU 1.25 | dev BLEU 0.98 | 483.2s
Epoch 03 | 00100/13759 | loss 5.8102 | ppl 333.70 | lr 1.141708e-05 | 3.4s
Epoch 03 | 00200/13759 | loss 5.8123 | ppl 334.39 | lr 1.139647e-05 | 6.8s
Epoch 03 | 00300/13759 | loss 5.8064 | ppl 332.41 | lr 1.137597e-05 | 10.2s
Epoch 03 | 00400/13759 | loss 5.8002 | ppl 330.37 | lr 1.135557e-05 | 13.7s
Epoch 03 | 00500/13759 | loss 5.8004 | ppl 330.42 | lr 1.133529e-05 | 17.2s
Epoch 03 | 00600/13759 | loss 5.7959 | ppl 328.96 | lr 1.131512e-05 | 20.6s
Epoch 03 | 00700/13759 | loss 5.7928 | ppl 327.93 | lr 1.129505e-05 | 24.0s
Epoch 03 | 00800/13759 | loss 5.7936 | ppl 328.19 | lr 1.127509e-05 | 27.5s
Epoch 03 | 00900/13759 | loss 5.7897 | ppl 326.91 | lr 1.125523e-05 | 30.9s
Epoch 03 | 01000/13759 | loss 5.7891 | ppl 326.71 | lr 1.123548e-05 | 34.4s
Epoch 03 | 01100/13759 | loss 5.7886 | ppl 326.54 | lr 1.121583e-05 | 37.8s
Epoch 03 | 01200/13759 | loss 5.7907 | ppl 327.24 | lr 1.119629e-05 | 41.2s
Epoch 03 | 01300/13759 | loss 5.7903 | ppl 327.12 | lr 1.117685e-05 | 44.6s
Epoch 03 | 01400/13759 | loss 5.7901 | ppl 327.04 | lr 1.115751e-05 | 48.1s
Epoch 03 | 01500/13759 | loss 5.7887 | ppl 326.60 | lr 1.113826e-05 | 51.5s
Epoch 03 | 01600/13759 | loss 5.7886 | ppl 326.56 | lr 1.111912e-05 | 55.0s
Epoch 03 | 01700/13759 | loss 5.7875 | ppl 326.20 | lr 1.110008e-05 | 58.5s
Epoch 03 | 01800/13759 | loss 5.7873 | ppl 326.14 | lr 1.108113e-05 | 61.8s
Epoch 03 | 01900/13759 | loss 5.7852 | ppl 325.44 | lr 1.106228e-05 | 65.2s
Epoch 03 | 02000/13759 | loss 5.7852 | ppl 325.43 | lr 1.104353e-05 | 68.7s
Epoch 03 | 02100/13759 | loss 5.7851 | ppl 325.40 | lr 1.102487e-05 | 72.2s
Epoch 03 | 02200/13759 | loss 5.7848 | ppl 325.31 | lr 1.10063e-05 | 75.6s
Epoch 03 | 02300/13759 | loss 5.7840 | ppl 325.07 | lr 1.098783e-05 | 79.1s
Epoch 03 | 02400/13759 | loss 5.7834 | ppl 324.86 | lr 1.096945e-05 | 82.6s
Epoch 03 | 02500/13759 | loss 5.7827 | ppl 324.63 | lr 1.095117e-05 | 86.1s
Epoch 03 | 02600/13759 | loss 5.7824 | ppl 324.54 | lr 1.093297e-05 | 89.6s
Epoch 03 | 02700/13759 | loss 5.7820 | ppl 324.42 | lr 1.091487e-05 | 93.1s
Epoch 03 | 02800/13759 | loss 5.7810 | ppl 324.08 | lr 1.089685e-05 | 96.5s
Epoch 03 | 02900/13759 | loss 5.7800 | ppl 323.76 | lr 1.087892e-05 | 100.0s
Epoch 03 | 03000/13759 | loss 5.7800 | ppl 323.77 | lr 1.086109e-05 | 103.5s
Epoch 03 | 03100/13759 | loss 5.7799 | ppl 323.73 | lr 1.084333e-05 | 107.0s
Epoch 03 | 03200/13759 | loss 5.7788 | ppl 323.37 | lr 1.082567e-05 | 110.5s
Epoch 03 | 03300/13759 | loss 5.7780 | ppl 323.11 | lr 1.080809e-05 | 114.0s
Epoch 03 | 03400/13759 | loss 5.7781 | ppl 323.15 | lr 1.07906e-05 | 117.3s
Epoch 03 | 03500/13759 | loss 5.7776 | ppl 322.97 | lr 1.077319e-05 | 120.7s
Epoch 03 | 03600/13759 | loss 5.7767 | ppl 322.69 | lr 1.075587e-05 | 123.9s
Epoch 03 | 03700/13759 | loss 5.7758 | ppl 322.40 | lr 1.073863e-05 | 127.1s
Epoch 03 | 03800/13759 | loss 5.7752 | ppl 322.20 | lr 1.072147e-05 | 130.4s
Epoch 03 | 03900/13759 | loss 5.7749 | ppl 322.10 | lr 1.070439e-05 | 133.8s
Epoch 03 | 04000/13759 | loss 5.7742 | ppl 321.90 | lr 1.06874e-05 | 137.2s
Epoch 03 | 04100/13759 | loss 5.7741 | ppl 321.86 | lr 1.067048e-05 | 140.7s
Epoch 03 | 04200/13759 | loss 5.7736 | ppl 321.69 | lr 1.065365e-05 | 144.2s
Epoch 03 | 04300/13759 | loss 5.7731 | ppl 321.54 | lr 1.063689e-05 | 147.6s
Epoch 03 | 04400/13759 | loss 5.7719 | ppl 321.16 | lr 1.062022e-05 | 151.1s
Epoch 03 | 04500/13759 | loss 5.7719 | ppl 321.14 | lr 1.060362e-05 | 154.5s
Epoch 03 | 04600/13759 | loss 5.7711 | ppl 320.89 | lr 1.05871e-05 | 158.0s
Epoch 03 | 04700/13759 | loss 5.7711 | ppl 320.90 | lr 1.057066e-05 | 161.4s
Epoch 03 | 04800/13759 | loss 5.7705 | ppl 320.69 | lr 1.055429e-05 | 164.9s
Epoch 03 | 04900/13759 | loss 5.7703 | ppl 320.63 | lr 1.0538e-05 | 168.3s
Epoch 03 | 05000/13759 | loss 5.7697 | ppl 320.44 | lr 1.052178e-05 | 171.7s
Epoch 03 | 05100/13759 | loss 5.7694 | ppl 320.33 | lr 1.050564e-05 | 175.2s
Epoch 03 | 05200/13759 | loss 5.7687 | ppl 320.14 | lr 1.048957e-05 | 178.6s
Epoch 03 | 05300/13759 | loss 5.7681 | ppl 319.92 | lr 1.047358e-05 | 182.1s
Epoch 03 | 05400/13759 | loss 5.7675 | ppl 319.74 | lr 1.045766e-05 | 185.5s
Epoch 03 | 05500/13759 | loss 5.7675 | ppl 319.74 | lr 1.044181e-05 | 188.9s
Epoch 03 | 05600/13759 | loss 5.7671 | ppl 319.62 | lr 1.042604e-05 | 192.4s
Epoch 03 | 05700/13759 | loss 5.7667 | ppl 319.47 | lr 1.041033e-05 | 195.8s
Epoch 03 | 05800/13759 | loss 5.7657 | ppl 319.17 | lr 1.03947e-05 | 199.2s
Epoch 03 | 05900/13759 | loss 5.7652 | ppl 318.99 | lr 1.037913e-05 | 202.7s
Epoch 03 | 06000/13759 | loss 5.7643 | ppl 318.71 | lr 1.036364e-05 | 206.2s
Epoch 03 | 06100/13759 | loss 5.7635 | ppl 318.46 | lr 1.034821e-05 | 209.7s
Epoch 03 | 06200/13759 | loss 5.7634 | ppl 318.43 | lr 1.033286e-05 | 213.1s
Epoch 03 | 06300/13759 | loss 5.7631 | ppl 318.35 | lr 1.031757e-05 | 216.5s
Epoch 03 | 06400/13759 | loss 5.7627 | ppl 318.21 | lr 1.030235e-05 | 219.8s
Epoch 03 | 06500/13759 | loss 5.7621 | ppl 318.01 | lr 1.028719e-05 | 223.0s
Epoch 03 | 06600/13759 | loss 5.7614 | ppl 317.79 | lr 1.027211e-05 | 226.5s
Epoch 03 | 06700/13759 | loss 5.7609 | ppl 317.64 | lr 1.025708e-05 | 229.8s
Epoch 03 | 06800/13759 | loss 5.7605 | ppl 317.51 | lr 1.024213e-05 | 233.0s
Epoch 03 | 06900/13759 | loss 5.7598 | ppl 317.28 | lr 1.022724e-05 | 236.5s
Epoch 03 | 07000/13759 | loss 5.7593 | ppl 317.14 | lr 1.021241e-05 | 239.9s
Epoch 03 | 07100/13759 | loss 5.7590 | ppl 317.02 | lr 1.019765e-05 | 243.4s
Epoch 03 | 07200/13759 | loss 5.7586 | ppl 316.92 | lr 1.018296e-05 | 246.8s
Epoch 03 | 07300/13759 | loss 5.7578 | ppl 316.65 | lr 1.016832e-05 | 250.2s
Epoch 03 | 07400/13759 | loss 5.7573 | ppl 316.48 | lr 1.015375e-05 | 253.7s
Epoch 03 | 07500/13759 | loss 5.7571 | ppl 316.41 | lr 1.013924e-05 | 257.1s
Epoch 03 | 07600/13759 | loss 5.7566 | ppl 316.28 | lr 1.01248e-05 | 260.5s
Epoch 03 | 07700/13759 | loss 5.7558 | ppl 316.03 | lr 1.011041e-05 | 263.9s
Epoch 03 | 07800/13759 | loss 5.7553 | ppl 315.85 | lr 1.009609e-05 | 267.4s
Epoch 03 | 07900/13759 | loss 5.7551 | ppl 315.80 | lr 1.008183e-05 | 270.8s
Epoch 03 | 08000/13759 | loss 5.7546 | ppl 315.65 | lr 1.006762e-05 | 274.2s
Epoch 03 | 08100/13759 | loss 5.7541 | ppl 315.49 | lr 1.005348e-05 | 277.8s
Epoch 03 | 08200/13759 | loss 5.7537 | ppl 315.34 | lr 1.00394e-05 | 281.3s
Epoch 03 | 08300/13759 | loss 5.7532 | ppl 315.20 | lr 1.002537e-05 | 284.8s
Epoch 03 | 08400/13759 | loss 5.7528 | ppl 315.08 | lr 1.001141e-05 | 288.2s
Epoch 03 | 08500/13759 | loss 5.7524 | ppl 314.94 | lr 9.997501e-06 | 291.5s
Epoch 03 | 08600/13759 | loss 5.7520 | ppl 314.83 | lr 9.983651e-06 | 294.9s
Epoch 03 | 08700/13759 | loss 5.7518 | ppl 314.75 | lr 9.969859e-06 | 298.3s
Epoch 03 | 08800/13759 | loss 5.7515 | ppl 314.67 | lr 9.956124e-06 | 301.8s
Epoch 03 | 08900/13759 | loss 5.7511 | ppl 314.53 | lr 9.942445e-06 | 305.4s
Epoch 03 | 09000/13759 | loss 5.7504 | ppl 314.33 | lr 9.928823e-06 | 308.9s
Epoch 03 | 09100/13759 | loss 5.7498 | ppl 314.11 | lr 9.915256e-06 | 312.3s
Epoch 03 | 09200/13759 | loss 5.7493 | ppl 313.98 | lr 9.901745e-06 | 315.7s
Epoch 03 | 09300/13759 | loss 5.7486 | ppl 313.76 | lr 9.888289e-06 | 319.1s
Epoch 03 | 09400/13759 | loss 5.7483 | ppl 313.66 | lr 9.874888e-06 | 322.6s
Epoch 03 | 09500/13759 | loss 5.7479 | ppl 313.52 | lr 9.861541e-06 | 326.1s
Epoch 03 | 09600/13759 | loss 5.7473 | ppl 313.36 | lr 9.848248e-06 | 329.6s
Epoch 03 | 09700/13759 | loss 5.7469 | ppl 313.21 | lr 9.835008e-06 | 333.0s
Epoch 03 | 09800/13759 | loss 5.7465 | ppl 313.10 | lr 9.821822e-06 | 336.4s
Epoch 03 | 09900/13759 | loss 5.7459 | ppl 312.92 | lr 9.808689e-06 | 339.9s
Epoch 03 | 10000/13759 | loss 5.7455 | ppl 312.78 | lr 9.795608e-06 | 343.3s
Epoch 03 | 10100/13759 | loss 5.7450 | ppl 312.64 | lr 9.78258e-06 | 346.9s
Epoch 03 | 10200/13759 | loss 5.7442 | ppl 312.37 | lr 9.769603e-06 | 350.3s
Epoch 03 | 10300/13759 | loss 5.7436 | ppl 312.18 | lr 9.756678e-06 | 353.8s
Epoch 03 | 10400/13759 | loss 5.7429 | ppl 311.98 | lr 9.743804e-06 | 357.3s
Epoch 03 | 10500/13759 | loss 5.7422 | ppl 311.76 | lr 9.730981e-06 | 360.7s
Epoch 03 | 10600/13759 | loss 5.7420 | ppl 311.69 | lr 9.718208e-06 | 364.2s
Epoch 03 | 10700/13759 | loss 5.7414 | ppl 311.50 | lr 9.705486e-06 | 367.7s
Epoch 03 | 10800/13759 | loss 5.7408 | ppl 311.32 | lr 9.692813e-06 | 371.1s
Epoch 03 | 10900/13759 | loss 5.7402 | ppl 311.12 | lr 9.68019e-06 | 374.5s
Epoch 03 | 11000/13759 | loss 5.7396 | ppl 310.95 | lr 9.667616e-06 | 378.1s
Epoch 03 | 11100/13759 | loss 5.7394 | ppl 310.87 | lr 9.655091e-06 | 381.6s
Epoch 03 | 11200/13759 | loss 5.7389 | ppl 310.71 | lr 9.642614e-06 | 385.1s
Epoch 03 | 11300/13759 | loss 5.7383 | ppl 310.54 | lr 9.630186e-06 | 388.5s
Epoch 03 | 11400/13759 | loss 5.7380 | ppl 310.45 | lr 9.617806e-06 | 392.0s
Epoch 03 | 11500/13759 | loss 5.7376 | ppl 310.33 | lr 9.605473e-06 | 395.5s
Epoch 03 | 11600/13759 | loss 5.7371 | ppl 310.17 | lr 9.593187e-06 | 399.0s
Epoch 03 | 11700/13759 | loss 5.7367 | ppl 310.04 | lr 9.580949e-06 | 402.4s
Epoch 03 | 11800/13759 | loss 5.7362 | ppl 309.87 | lr 9.568757e-06 | 405.8s
Epoch 03 | 11900/13759 | loss 5.7358 | ppl 309.77 | lr 9.556612e-06 | 409.1s
Epoch 03 | 12000/13759 | loss 5.7353 | ppl 309.62 | lr 9.544513e-06 | 412.3s
Epoch 03 | 12100/13759 | loss 5.7351 | ppl 309.54 | lr 9.53246e-06 | 415.7s
Epoch 03 | 12200/13759 | loss 5.7347 | ppl 309.40 | lr 9.520452e-06 | 419.2s
Epoch 03 | 12300/13759 | loss 5.7341 | ppl 309.24 | lr 9.508489e-06 | 422.6s
Epoch 03 | 12400/13759 | loss 5.7338 | ppl 309.13 | lr 9.496572e-06 | 426.1s
Epoch 03 | 12500/13759 | loss 5.7334 | ppl 309.02 | lr 9.484699e-06 | 429.6s
Epoch 03 | 12600/13759 | loss 5.7332 | ppl 308.94 | lr 9.472871e-06 | 433.1s
Epoch 03 | 12700/13759 | loss 5.7327 | ppl 308.81 | lr 9.461087e-06 | 436.5s
Epoch 03 | 12800/13759 | loss 5.7323 | ppl 308.67 | lr 9.449346e-06 | 439.9s
Epoch 03 | 12900/13759 | loss 5.7317 | ppl 308.50 | lr 9.437649e-06 | 443.4s
Epoch 03 | 13000/13759 | loss 5.7312 | ppl 308.35 | lr 9.425996e-06 | 446.8s
Epoch 03 | 13100/13759 | loss 5.7309 | ppl 308.24 | lr 9.414386e-06 | 450.3s
Epoch 03 | 13200/13759 | loss 5.7305 | ppl 308.13 | lr 9.402818e-06 | 453.7s
Epoch 03 | 13300/13759 | loss 5.7303 | ppl 308.07 | lr 9.391293e-06 | 457.1s
Epoch 03 | 13400/13759 | loss 5.7300 | ppl 307.96 | lr 9.37981e-06 | 460.5s
Epoch 03 | 13500/13759 | loss 5.7296 | ppl 307.86 | lr 9.368369e-06 | 464.0s
Epoch 03 | 13600/13759 | loss 5.7292 | ppl 307.73 | lr 9.35697e-06 | 467.4s
Epoch 03 | 13700/13759 | loss 5.7287 | ppl 307.56 | lr 9.345613e-06 | 470.9s
Epoch 03 complete | train loss 5.7284 | dev loss 5.7620 | train BLEU 1.36 | dev BLEU 1.16 | 481.5s
Epoch 04 | 00100/13759 | loss 5.6444 | ppl 282.71 | lr 9.327639e-06 | 3.4s
Epoch 04 | 00200/13759 | loss 5.6676 | ppl 289.33 | lr 9.316388e-06 | 6.8s
Epoch 04 | 00300/13759 | loss 5.6595 | ppl 287.00 | lr 9.305178e-06 | 10.3s
Epoch 04 | 00400/13759 | loss 5.6569 | ppl 286.26 | lr 9.294008e-06 | 13.8s
Epoch 04 | 00500/13759 | loss 5.6572 | ppl 286.36 | lr 9.282878e-06 | 17.3s
Epoch 04 | 00600/13759 | loss 5.6571 | ppl 286.32 | lr 9.271787e-06 | 20.7s
Epoch 04 | 00700/13759 | loss 5.6572 | ppl 286.35 | lr 9.260737e-06 | 24.2s
Epoch 04 | 00800/13759 | loss 5.6556 | ppl 285.88 | lr 9.249726e-06 | 27.5s
Epoch 04 | 00900/13759 | loss 5.6557 | ppl 285.92 | lr 9.238754e-06 | 31.0s
Epoch 04 | 01000/13759 | loss 5.6565 | ppl 286.15 | lr 9.227821e-06 | 34.4s
Epoch 04 | 01100/13759 | loss 5.6564 | ppl 286.11 | lr 9.216927e-06 | 37.8s
Epoch 04 | 01200/13759 | loss 5.6559 | ppl 285.97 | lr 9.206071e-06 | 41.3s
Epoch 04 | 01300/13759 | loss 5.6550 | ppl 285.72 | lr 9.195254e-06 | 44.6s
Epoch 04 | 01400/13759 | loss 5.6547 | ppl 285.63 | lr 9.184474e-06 | 48.1s
Epoch 04 | 01500/13759 | loss 5.6559 | ppl 285.97 | lr 9.173733e-06 | 51.5s
Epoch 04 | 01600/13759 | loss 5.6566 | ppl 286.17 | lr 9.163029e-06 | 54.8s
Epoch 04 | 01700/13759 | loss 5.6558 | ppl 285.94 | lr 9.152362e-06 | 58.2s
Epoch 04 | 01800/13759 | loss 5.6551 | ppl 285.75 | lr 9.141733e-06 | 61.7s
Epoch 04 | 01900/13759 | loss 5.6539 | ppl 285.41 | lr 9.13114e-06 | 65.1s
Epoch 04 | 02000/13759 | loss 5.6539 | ppl 285.42 | lr 9.120585e-06 | 68.6s
Epoch 04 | 02100/13759 | loss 5.6524 | ppl 284.98 | lr 9.110065e-06 | 72.0s
Epoch 04 | 02200/13759 | loss 5.6525 | ppl 284.99 | lr 9.099582e-06 | 75.4s
Epoch 04 | 02300/13759 | loss 5.6521 | ppl 284.90 | lr 9.089136e-06 | 78.9s
Epoch 04 | 02400/13759 | loss 5.6513 | ppl 284.67 | lr 9.078725e-06 | 82.3s
Epoch 04 | 02500/13759 | loss 5.6510 | ppl 284.58 | lr 9.06835e-06 | 85.8s
Epoch 04 | 02600/13759 | loss 5.6506 | ppl 284.47 | lr 9.05801e-06 | 89.2s
Epoch 04 | 02700/13759 | loss 5.6506 | ppl 284.47 | lr 9.047705e-06 | 92.6s
Epoch 04 | 02800/13759 | loss 5.6502 | ppl 284.35 | lr 9.037436e-06 | 96.1s
Epoch 04 | 02900/13759 | loss 5.6500 | ppl 284.30 | lr 9.027202e-06 | 99.5s
Epoch 04 | 03000/13759 | loss 5.6502 | ppl 284.35 | lr 9.017002e-06 | 103.0s
Epoch 04 | 03100/13759 | loss 5.6498 | ppl 284.23 | lr 9.006837e-06 | 106.4s
Epoch 04 | 03200/13759 | loss 5.6494 | ppl 284.12 | lr 8.996706e-06 | 109.8s
Epoch 04 | 03300/13759 | loss 5.6491 | ppl 284.04 | lr 8.986609e-06 | 113.3s
Epoch 04 | 03400/13759 | loss 5.6483 | ppl 283.80 | lr 8.976546e-06 | 116.7s
Epoch 04 | 03500/13759 | loss 5.6486 | ppl 283.90 | lr 8.966517e-06 | 120.2s
Epoch 04 | 03600/13759 | loss 5.6481 | ppl 283.76 | lr 8.956521e-06 | 123.6s
Epoch 04 | 03700/13759 | loss 5.6468 | ppl 283.39 | lr 8.946559e-06 | 127.0s
Epoch 04 | 03800/13759 | loss 5.6463 | ppl 283.25 | lr 8.936629e-06 | 130.4s
Epoch 04 | 03900/13759 | loss 5.6458 | ppl 283.09 | lr 8.926733e-06 | 133.8s
Epoch 04 | 04000/13759 | loss 5.6446 | ppl 282.77 | lr 8.91687e-06 | 137.2s
Epoch 04 | 04100/13759 | loss 5.6441 | ppl 282.62 | lr 8.907039e-06 | 140.7s
Epoch 04 | 04200/13759 | loss 5.6437 | ppl 282.51 | lr 8.897241e-06 | 144.2s
Epoch 04 | 04300/13759 | loss 5.6435 | ppl 282.45 | lr 8.887475e-06 | 147.7s
Epoch 04 | 04400/13759 | loss 5.6435 | ppl 282.45 | lr 8.877741e-06 | 151.2s
Epoch 04 | 04500/13759 | loss 5.6436 | ppl 282.48 | lr 8.868039e-06 | 154.6s
Epoch 04 | 04600/13759 | loss 5.6432 | ppl 282.35 | lr 8.858369e-06 | 158.1s
Epoch 04 | 04700/13759 | loss 5.6429 | ppl 282.28 | lr 8.84873e-06 | 161.5s
Epoch 04 | 04800/13759 | loss 5.6430 | ppl 282.29 | lr 8.839123e-06 | 165.0s
Epoch 04 | 04900/13759 | loss 5.6427 | ppl 282.21 | lr 8.829546e-06 | 168.5s
Epoch 04 | 05000/13759 | loss 5.6422 | ppl 282.07 | lr 8.820001e-06 | 171.9s
Epoch 04 | 05100/13759 | loss 5.6417 | ppl 281.94 | lr 8.810487e-06 | 175.3s
Epoch 04 | 05200/13759 | loss 5.6416 | ppl 281.92 | lr 8.801004e-06 | 178.8s
Epoch 04 | 05300/13759 | loss 5.6415 | ppl 281.88 | lr 8.791551e-06 | 182.2s
Epoch 04 | 05400/13759 | loss 5.6412 | ppl 281.80 | lr 8.782128e-06 | 185.7s
Epoch 04 | 05500/13759 | loss 5.6411 | ppl 281.77 | lr 8.772736e-06 | 189.1s
Epoch 04 | 05600/13759 | loss 5.6404 | ppl 281.57 | lr 8.763374e-06 | 192.6s
Epoch 04 | 05700/13759 | loss 5.6397 | ppl 281.39 | lr 8.754042e-06 | 196.0s
Epoch 04 | 05800/13759 | loss 5.6395 | ppl 281.32 | lr 8.744739e-06 | 199.5s
Epoch 04 | 05900/13759 | loss 5.6391 | ppl 281.20 | lr 8.735466e-06 | 203.0s
Epoch 04 | 06000/13759 | loss 5.6393 | ppl 281.26 | lr 8.726223e-06 | 206.4s
Epoch 04 | 06100/13759 | loss 5.6394 | ppl 281.29 | lr 8.717009e-06 | 209.8s
Epoch 04 | 06200/13759 | loss 5.6390 | ppl 281.19 | lr 8.707823e-06 | 213.3s
Epoch 04 | 06300/13759 | loss 5.6388 | ppl 281.13 | lr 8.698667e-06 | 216.7s
Epoch 04 | 06400/13759 | loss 5.6385 | ppl 281.05 | lr 8.68954e-06 | 220.2s
Epoch 04 | 06500/13759 | loss 5.6382 | ppl 280.97 | lr 8.680441e-06 | 223.6s
Epoch 04 | 06600/13759 | loss 5.6379 | ppl 280.87 | lr 8.671371e-06 | 227.0s
Epoch 04 | 06700/13759 | loss 5.6374 | ppl 280.72 | lr 8.66233e-06 | 230.4s
Epoch 04 | 06800/13759 | loss 5.6374 | ppl 280.73 | lr 8.653316e-06 | 233.8s
Epoch 04 | 06900/13759 | loss 5.6372 | ppl 280.68 | lr 8.644331e-06 | 237.3s
Epoch 04 | 07000/13759 | loss 5.6369 | ppl 280.59 | lr 8.635373e-06 | 240.7s
Epoch 04 | 07100/13759 | loss 5.6366 | ppl 280.49 | lr 8.626444e-06 | 244.1s
Epoch 04 | 07200/13759 | loss 5.6362 | ppl 280.40 | lr 8.617541e-06 | 247.6s
Epoch 04 | 07300/13759 | loss 5.6362 | ppl 280.40 | lr 8.608667e-06 | 251.0s
Epoch 04 | 07400/13759 | loss 5.6360 | ppl 280.33 | lr 8.59982e-06 | 254.4s
Epoch 04 | 07500/13759 | loss 5.6356 | ppl 280.24 | lr 8.591e-06 | 257.8s
Epoch 04 | 07600/13759 | loss 5.6355 | ppl 280.20 | lr 8.582207e-06 | 261.3s
Epoch 04 | 07700/13759 | loss 5.6353 | ppl 280.13 | lr 8.573441e-06 | 264.7s
Epoch 04 | 07800/13759 | loss 5.6346 | ppl 279.94 | lr 8.564702e-06 | 268.1s
Epoch 04 | 07900/13759 | loss 5.6344 | ppl 279.89 | lr 8.555989e-06 | 271.6s
Epoch 04 | 08000/13759 | loss 5.6339 | ppl 279.76 | lr 8.547303e-06 | 275.1s
Epoch 04 | 08100/13759 | loss 5.6339 | ppl 279.75 | lr 8.538644e-06 | 278.5s
Epoch 04 | 08200/13759 | loss 5.6340 | ppl 279.78 | lr 8.530011e-06 | 281.8s
Epoch 04 | 08300/13759 | loss 5.6334 | ppl 279.62 | lr 8.521403e-06 | 285.3s
Epoch 04 | 08400/13759 | loss 5.6332 | ppl 279.55 | lr 8.512822e-06 | 288.7s
Epoch 04 | 08500/13759 | loss 5.6328 | ppl 279.44 | lr 8.504267e-06 | 292.1s
Epoch 04 | 08600/13759 | loss 5.6325 | ppl 279.36 | lr 8.495738e-06 | 295.5s
Epoch 04 | 08700/13759 | loss 5.6320 | ppl 279.21 | lr 8.487234e-06 | 299.0s
Epoch 04 | 08800/13759 | loss 5.6316 | ppl 279.11 | lr 8.478755e-06 | 302.4s
Epoch 04 | 08900/13759 | loss 5.6315 | ppl 279.08 | lr 8.470302e-06 | 305.9s
Epoch 04 | 09000/13759 | loss 5.6313 | ppl 279.02 | lr 8.461874e-06 | 309.3s
Epoch 04 | 09100/13759 | loss 5.6309 | ppl 278.92 | lr 8.453472e-06 | 312.8s
Epoch 04 | 09200/13759 | loss 5.6305 | ppl 278.80 | lr 8.445094e-06 | 316.2s
Epoch 04 | 09300/13759 | loss 5.6302 | ppl 278.72 | lr 8.436741e-06 | 319.7s
Epoch 04 | 09400/13759 | loss 5.6298 | ppl 278.60 | lr 8.428413e-06 | 323.2s
Epoch 04 | 09500/13759 | loss 5.6291 | ppl 278.41 | lr 8.420109e-06 | 326.6s
Epoch 04 | 09600/13759 | loss 5.6289 | ppl 278.36 | lr 8.41183e-06 | 330.0s
Epoch 04 | 09700/13759 | loss 5.6287 | ppl 278.29 | lr 8.403576e-06 | 333.4s
Epoch 04 | 09800/13759 | loss 5.6286 | ppl 278.26 | lr 8.395345e-06 | 336.8s
Epoch 04 | 09900/13759 | loss 5.6285 | ppl 278.24 | lr 8.387139e-06 | 340.3s
Epoch 04 | 10000/13759 | loss 5.6281 | ppl 278.12 | lr 8.378957e-06 | 343.7s
Epoch 04 | 10100/13759 | loss 5.6279 | ppl 278.08 | lr 8.370798e-06 | 347.2s
Epoch 04 | 10200/13759 | loss 5.6277 | ppl 278.01 | lr 8.362664e-06 | 350.6s
Epoch 04 | 10300/13759 | loss 5.6275 | ppl 277.97 | lr 8.354553e-06 | 354.0s
Epoch 04 | 10400/13759 | loss 5.6271 | ppl 277.86 | lr 8.346466e-06 | 357.4s
Epoch 04 | 10500/13759 | loss 5.6267 | ppl 277.75 | lr 8.338402e-06 | 360.9s
Epoch 04 | 10600/13759 | loss 5.6265 | ppl 277.68 | lr 8.330361e-06 | 364.3s
Epoch 04 | 10700/13759 | loss 5.6263 | ppl 277.65 | lr 8.322344e-06 | 367.8s
Epoch 04 | 10800/13759 | loss 5.6260 | ppl 277.55 | lr 8.314349e-06 | 371.2s
Epoch 04 | 10900/13759 | loss 5.6257 | ppl 277.46 | lr 8.306378e-06 | 374.6s
Epoch 04 | 11000/13759 | loss 5.6251 | ppl 277.30 | lr 8.29843e-06 | 378.0s
Epoch 04 | 11100/13759 | loss 5.6247 | ppl 277.19 | lr 8.290504e-06 | 381.5s
Epoch 04 | 11200/13759 | loss 5.6244 | ppl 277.11 | lr 8.282601e-06 | 385.0s
Epoch 04 | 11300/13759 | loss 5.6241 | ppl 277.02 | lr 8.274721e-06 | 388.4s
Epoch 04 | 11400/13759 | loss 5.6238 | ppl 276.95 | lr 8.266863e-06 | 391.9s
Epoch 04 | 11500/13759 | loss 5.6238 | ppl 276.93 | lr 8.259027e-06 | 395.3s
Epoch 04 | 11600/13759 | loss 5.6235 | ppl 276.86 | lr 8.251214e-06 | 398.8s
Epoch 04 | 11700/13759 | loss 5.6232 | ppl 276.78 | lr 8.243423e-06 | 402.3s
Epoch 04 | 11800/13759 | loss 5.6230 | ppl 276.71 | lr 8.235654e-06 | 405.7s
Epoch 04 | 11900/13759 | loss 5.6227 | ppl 276.62 | lr 8.227906e-06 | 409.0s
Epoch 04 | 12000/13759 | loss 5.6225 | ppl 276.57 | lr 8.220181e-06 | 412.4s
Epoch 04 | 12100/13759 | loss 5.6224 | ppl 276.55 | lr 8.212477e-06 | 415.8s
Epoch 04 | 12200/13759 | loss 5.6223 | ppl 276.53 | lr 8.204795e-06 | 419.3s
Epoch 04 | 12300/13759 | loss 5.6221 | ppl 276.48 | lr 8.197134e-06 | 422.8s
Epoch 04 | 12400/13759 | loss 5.6219 | ppl 276.40 | lr 8.189495e-06 | 426.2s
Epoch 04 | 12500/13759 | loss 5.6214 | ppl 276.29 | lr 8.181877e-06 | 429.8s
Epoch 04 | 12600/13759 | loss 5.6213 | ppl 276.24 | lr 8.174281e-06 | 433.2s
Epoch 04 | 12700/13759 | loss 5.6211 | ppl 276.19 | lr 8.166705e-06 | 436.7s
Epoch 04 | 12800/13759 | loss 5.6207 | ppl 276.09 | lr 8.159151e-06 | 440.1s
Epoch 04 | 12900/13759 | loss 5.6203 | ppl 275.98 | lr 8.151617e-06 | 443.5s
Epoch 04 | 13000/13759 | loss 5.6202 | ppl 275.93 | lr 8.144104e-06 | 447.0s
Epoch 04 | 13100/13759 | loss 5.6197 | ppl 275.80 | lr 8.136612e-06 | 450.4s
Epoch 04 | 13200/13759 | loss 5.6194 | ppl 275.71 | lr 8.129141e-06 | 453.8s
Epoch 04 | 13300/13759 | loss 5.6190 | ppl 275.61 | lr 8.12169e-06 | 457.2s
Epoch 04 | 13400/13759 | loss 5.6187 | ppl 275.54 | lr 8.11426e-06 | 460.5s
Epoch 04 | 13500/13759 | loss 5.6184 | ppl 275.45 | lr 8.10685e-06 | 463.8s
Epoch 04 | 13600/13759 | loss 5.6180 | ppl 275.35 | lr 8.09946e-06 | 467.3s
Epoch 04 | 13700/13759 | loss 5.6177 | ppl 275.25 | lr 8.092091e-06 | 470.8s
Epoch 04 complete | train loss 5.6176 | dev loss 5.6603 | train BLEU 1.83 | dev BLEU 1.45 | 481.7s
Epoch 05 | 00100/13759 | loss 5.5424 | ppl 255.30 | lr 8.080414e-06 | 3.5s
Epoch 05 | 00200/13759 | loss 5.5686 | ppl 262.06 | lr 8.073096e-06 | 7.1s
Epoch 05 | 00300/13759 | loss 5.5703 | ppl 262.52 | lr 8.065799e-06 | 10.6s
Epoch 05 | 00400/13759 | loss 5.5655 | ppl 261.24 | lr 8.05852e-06 | 14.0s
Epoch 05 | 00500/13759 | loss 5.5651 | ppl 261.14 | lr 8.051262e-06 | 17.4s
Epoch 05 | 00600/13759 | loss 5.5656 | ppl 261.27 | lr 8.044023e-06 | 20.9s
Epoch 05 | 00700/13759 | loss 5.5670 | ppl 261.65 | lr 8.036804e-06 | 24.3s
Epoch 05 | 00800/13759 | loss 5.5689 | ppl 262.14 | lr 8.029604e-06 | 27.8s
Epoch 05 | 00900/13759 | loss 5.5657 | ppl 261.32 | lr 8.022423e-06 | 31.3s
Epoch 05 | 01000/13759 | loss 5.5666 | ppl 261.55 | lr 8.015261e-06 | 34.7s
Epoch 05 | 01100/13759 | loss 5.5648 | ppl 261.08 | lr 8.008119e-06 | 38.1s
Epoch 05 | 01200/13759 | loss 5.5640 | ppl 260.87 | lr 8.000996e-06 | 41.5s
Epoch 05 | 01300/13759 | loss 5.5653 | ppl 261.19 | lr 7.993891e-06 | 44.9s
Epoch 05 | 01400/13759 | loss 5.5637 | ppl 260.79 | lr 7.986806e-06 | 48.3s
Epoch 05 | 01500/13759 | loss 5.5636 | ppl 260.75 | lr 7.979739e-06 | 51.7s
Epoch 05 | 01600/13759 | loss 5.5640 | ppl 260.87 | lr 7.972692e-06 | 55.2s
Epoch 05 | 01700/13759 | loss 5.5630 | ppl 260.62 | lr 7.965662e-06 | 58.6s
Epoch 05 | 01800/13759 | loss 5.5652 | ppl 261.18 | lr 7.958652e-06 | 62.0s
Epoch 05 | 01900/13759 | loss 5.5644 | ppl 260.96 | lr 7.951659e-06 | 65.5s
Epoch 05 | 02000/13759 | loss 5.5643 | ppl 260.95 | lr 7.944686e-06 | 69.0s
Epoch 05 | 02100/13759 | loss 5.5649 | ppl 261.10 | lr 7.93773e-06 | 72.4s
Epoch 05 | 02200/13759 | loss 5.5658 | ppl 261.33 | lr 7.930793e-06 | 75.9s
Epoch 05 | 02300/13759 | loss 5.5659 | ppl 261.36 | lr 7.923874e-06 | 79.4s
Epoch 05 | 02400/13759 | loss 5.5668 | ppl 261.59 | lr 7.916973e-06 | 82.8s
Epoch 05 | 02500/13759 | loss 5.5660 | ppl 261.39 | lr 7.91009e-06 | 86.2s
Epoch 05 | 02600/13759 | loss 5.5663 | ppl 261.47 | lr 7.903225e-06 | 89.6s
Epoch 05 | 02700/13759 | loss 5.5655 | ppl 261.25 | lr 7.896378e-06 | 93.1s
Epoch 05 | 02800/13759 | loss 5.5650 | ppl 261.13 | lr 7.889548e-06 | 96.6s
Epoch 05 | 02900/13759 | loss 5.5648 | ppl 261.06 | lr 7.882736e-06 | 100.0s
Epoch 05 | 03000/13759 | loss 5.5637 | ppl 260.79 | lr 7.875942e-06 | 103.5s
Epoch 05 | 03100/13759 | loss 5.5636 | ppl 260.77 | lr 7.869165e-06 | 107.0s
Epoch 05 | 03200/13759 | loss 5.5632 | ppl 260.65 | lr 7.862406e-06 | 110.4s
Epoch 05 | 03300/13759 | loss 5.5629 | ppl 260.57 | lr 7.855664e-06 | 113.9s
Epoch 05 | 03400/13759 | loss 5.5628 | ppl 260.56 | lr 7.84894e-06 | 117.4s
Epoch 05 | 03500/13759 | loss 5.5622 | ppl 260.38 | lr 7.842233e-06 | 120.7s
Epoch 05 | 03600/13759 | loss 5.5621 | ppl 260.36 | lr 7.835543e-06 | 124.1s
Epoch 05 | 03700/13759 | loss 5.5616 | ppl 260.24 | lr 7.82887e-06 | 127.5s
Epoch 05 | 03800/13759 | loss 5.5609 | ppl 260.07 | lr 7.822214e-06 | 131.0s
Epoch 05 | 03900/13759 | loss 5.5609 | ppl 260.05 | lr 7.815575e-06 | 134.4s
Epoch 05 | 04000/13759 | loss 5.5608 | ppl 260.04 | lr 7.808953e-06 | 137.8s
Epoch 05 | 04100/13759 | loss 5.5600 | ppl 259.83 | lr 7.802347e-06 | 141.1s
Epoch 05 | 04200/13759 | loss 5.5593 | ppl 259.65 | lr 7.795759e-06 | 144.5s
Epoch 05 | 04300/13759 | loss 5.5593 | ppl 259.63 | lr 7.789187e-06 | 148.0s
Epoch 05 | 04400/13759 | loss 5.5592 | ppl 259.63 | lr 7.782631e-06 | 151.4s
Epoch 05 | 04500/13759 | loss 5.5587 | ppl 259.47 | lr 7.776093e-06 | 154.9s
Epoch 05 | 04600/13759 | loss 5.5581 | ppl 259.34 | lr 7.76957e-06 | 158.3s
Epoch 05 | 04700/13759 | loss 5.5573 | ppl 259.12 | lr 7.763064e-06 | 161.8s
Epoch 05 | 04800/13759 | loss 5.5570 | ppl 259.04 | lr 7.756575e-06 | 165.3s
Epoch 05 | 04900/13759 | loss 5.5571 | ppl 259.06 | lr 7.750101e-06 | 168.7s
Epoch 05 | 05000/13759 | loss 5.5569 | ppl 259.03 | lr 7.743644e-06 | 172.2s
Epoch 05 | 05100/13759 | loss 5.5567 | ppl 258.97 | lr 7.737203e-06 | 175.7s
Epoch 05 | 05200/13759 | loss 5.5571 | ppl 259.07 | lr 7.730778e-06 | 179.1s
Epoch 05 | 05300/13759 | loss 5.5568 | ppl 258.99 | lr 7.724369e-06 | 182.6s
Epoch 05 | 05400/13759 | loss 5.5564 | ppl 258.88 | lr 7.717975e-06 | 186.1s
Epoch 05 | 05500/13759 | loss 5.5566 | ppl 258.94 | lr 7.711598e-06 | 189.5s
Epoch 05 | 05600/13759 | loss 5.5569 | ppl 259.01 | lr 7.705237e-06 | 193.0s
Epoch 05 | 05700/13759 | loss 5.5570 | ppl 259.03 | lr 7.698891e-06 | 196.4s
Epoch 05 | 05800/13759 | loss 5.5565 | ppl 258.91 | lr 7.692561e-06 | 199.9s
Epoch 05 | 05900/13759 | loss 5.5562 | ppl 258.83 | lr 7.686246e-06 | 203.3s
Epoch 05 | 06000/13759 | loss 5.5560 | ppl 258.78 | lr 7.679947e-06 | 206.7s
Epoch 05 | 06100/13759 | loss 5.5556 | ppl 258.68 | lr 7.673663e-06 | 210.0s
Epoch 05 | 06200/13759 | loss 5.5554 | ppl 258.62 | lr 7.667395e-06 | 213.4s
Epoch 05 | 06300/13759 | loss 5.5551 | ppl 258.55 | lr 7.661142e-06 | 216.9s
Epoch 05 | 06400/13759 | loss 5.5553 | ppl 258.61 | lr 7.654905e-06 | 220.3s
Epoch 05 | 06500/13759 | loss 5.5551 | ppl 258.55 | lr 7.648682e-06 | 223.8s
Epoch 05 | 06600/13759 | loss 5.5546 | ppl 258.43 | lr 7.642475e-06 | 227.2s
Epoch 05 | 06700/13759 | loss 5.5546 | ppl 258.43 | lr 7.636283e-06 | 230.7s
Epoch 05 | 06800/13759 | loss 5.5545 | ppl 258.40 | lr 7.630106e-06 | 234.1s
Epoch 05 | 06900/13759 | loss 5.5542 | ppl 258.32 | lr 7.623944e-06 | 237.5s
Epoch 05 | 07000/13759 | loss 5.5538 | ppl 258.23 | lr 7.617796e-06 | 240.9s
Epoch 05 | 07100/13759 | loss 5.5537 | ppl 258.18 | lr 7.611664e-06 | 244.4s
Epoch 05 | 07200/13759 | loss 5.5532 | ppl 258.07 | lr 7.605546e-06 | 247.9s
Epoch 05 | 07300/13759 | loss 5.5528 | ppl 257.96 | lr 7.599443e-06 | 251.5s
Epoch 05 | 07400/13759 | loss 5.5525 | ppl 257.88 | lr 7.593355e-06 | 255.1s
Epoch 05 | 07500/13759 | loss 5.5526 | ppl 257.91 | lr 7.587282e-06 | 258.5s
Epoch 05 | 07600/13759 | loss 5.5523 | ppl 257.84 | lr 7.581222e-06 | 261.9s
Epoch 05 | 07700/13759 | loss 5.5521 | ppl 257.78 | lr 7.575178e-06 | 265.4s
Epoch 05 | 07800/13759 | loss 5.5518 | ppl 257.69 | lr 7.569148e-06 | 268.8s
Epoch 05 | 07900/13759 | loss 5.5516 | ppl 257.66 | lr 7.563132e-06 | 272.2s
Epoch 05 | 08000/13759 | loss 5.5516 | ppl 257.64 | lr 7.557131e-06 | 275.5s
Epoch 05 | 08100/13759 | loss 5.5516 | ppl 257.64 | lr 7.551143e-06 | 279.0s
Epoch 05 | 08200/13759 | loss 5.5513 | ppl 257.58 | lr 7.54517e-06 | 282.5s
Epoch 05 | 08300/13759 | loss 5.5511 | ppl 257.51 | lr 7.539212e-06 | 285.8s
Epoch 05 | 08400/13759 | loss 5.5508 | ppl 257.43 | lr 7.533267e-06 | 289.3s
Epoch 05 | 08500/13759 | loss 5.5506 | ppl 257.40 | lr 7.527336e-06 | 292.7s
Epoch 05 | 08600/13759 | loss 5.5505 | ppl 257.35 | lr 7.52142e-06 | 296.2s
Epoch 05 | 08700/13759 | loss 5.5501 | ppl 257.26 | lr 7.515517e-06 | 299.6s
Epoch 05 | 08800/13759 | loss 5.5500 | ppl 257.24 | lr 7.509628e-06 | 303.1s
Epoch 05 | 08900/13759 | loss 5.5496 | ppl 257.14 | lr 7.503753e-06 | 306.5s
Epoch 05 | 09000/13759 | loss 5.5494 | ppl 257.09 | lr 7.497892e-06 | 310.0s
Epoch 05 | 09100/13759 | loss 5.5493 | ppl 257.05 | lr 7.492044e-06 | 313.4s
Epoch 05 | 09200/13759 | loss 5.5491 | ppl 257.01 | lr 7.48621e-06 | 316.8s
Epoch 05 | 09300/13759 | loss 5.5489 | ppl 256.96 | lr 7.48039e-06 | 320.3s
Epoch 05 | 09400/13759 | loss 5.5487 | ppl 256.91 | lr 7.474583e-06 | 323.7s
Epoch 05 | 09500/13759 | loss 5.5486 | ppl 256.87 | lr 7.46879e-06 | 327.2s
Epoch 05 | 09600/13759 | loss 5.5482 | ppl 256.78 | lr 7.46301e-06 | 330.6s
Epoch 05 | 09700/13759 | loss 5.5480 | ppl 256.72 | lr 7.457243e-06 | 334.1s
Epoch 05 | 09800/13759 | loss 5.5477 | ppl 256.66 | lr 7.45149e-06 | 337.6s
Epoch 05 | 09900/13759 | loss 5.5475 | ppl 256.60 | lr 7.445751e-06 | 341.0s
Epoch 05 | 10000/13759 | loss 5.5472 | ppl 256.53 | lr 7.440024e-06 | 344.4s
Epoch 05 | 10100/13759 | loss 5.5470 | ppl 256.46 | lr 7.434311e-06 | 348.0s
Epoch 05 | 10200/13759 | loss 5.5466 | ppl 256.36 | lr 7.428611e-06 | 351.4s
Epoch 05 | 10300/13759 | loss 5.5462 | ppl 256.26 | lr 7.422923e-06 | 354.9s
Epoch 05 | 10400/13759 | loss 5.5459 | ppl 256.18 | lr 7.417249e-06 | 358.3s
Epoch 05 | 10500/13759 | loss 5.5456 | ppl 256.10 | lr 7.411588e-06 | 361.8s
Epoch 05 | 10600/13759 | loss 5.5454 | ppl 256.06 | lr 7.40594e-06 | 365.2s
Epoch 05 | 10700/13759 | loss 5.5453 | ppl 256.02 | lr 7.400305e-06 | 368.7s
Epoch 05 | 10800/13759 | loss 5.5451 | ppl 255.97 | lr 7.394683e-06 | 372.1s
Epoch 05 | 10900/13759 | loss 5.5447 | ppl 255.87 | lr 7.389073e-06 | 375.5s
Epoch 05 | 11000/13759 | loss 5.5445 | ppl 255.82 | lr 7.383476e-06 | 378.9s
Epoch 05 | 11100/13759 | loss 5.5441 | ppl 255.73 | lr 7.377892e-06 | 382.1s
Epoch 05 | 11200/13759 | loss 5.5439 | ppl 255.67 | lr 7.37232e-06 | 385.4s
Epoch 05 | 11300/13759 | loss 5.5441 | ppl 255.71 | lr 7.366762e-06 | 388.8s
Epoch 05 | 11400/13759 | loss 5.5441 | ppl 255.72 | lr 7.361215e-06 | 392.2s
Epoch 05 | 11500/13759 | loss 5.5439 | ppl 255.68 | lr 7.355681e-06 | 395.6s
Epoch 05 | 11600/13759 | loss 5.5438 | ppl 255.65 | lr 7.35016e-06 | 399.0s
Epoch 05 | 11700/13759 | loss 5.5436 | ppl 255.60 | lr 7.344651e-06 | 402.5s
Epoch 05 | 11800/13759 | loss 5.5436 | ppl 255.59 | lr 7.339154e-06 | 406.0s
Epoch 05 | 11900/13759 | loss 5.5432 | ppl 255.49 | lr 7.33367e-06 | 409.4s
Epoch 05 | 12000/13759 | loss 5.5429 | ppl 255.41 | lr 7.328198e-06 | 412.9s
Epoch 05 | 12100/13759 | loss 5.5428 | ppl 255.39 | lr 7.322738e-06 | 416.2s
Epoch 05 | 12200/13759 | loss 5.5427 | ppl 255.36 | lr 7.317291e-06 | 419.6s
Epoch 05 | 12300/13759 | loss 5.5425 | ppl 255.31 | lr 7.311855e-06 | 423.1s
Epoch 05 | 12400/13759 | loss 5.5421 | ppl 255.22 | lr 7.306432e-06 | 426.5s
Epoch 05 | 12500/13759 | loss 5.5419 | ppl 255.16 | lr 7.301021e-06 | 429.9s
Epoch 05 | 12600/13759 | loss 5.5416 | ppl 255.08 | lr 7.295621e-06 | 433.4s
Epoch 05 | 12700/13759 | loss 5.5413 | ppl 255.02 | lr 7.290234e-06 | 436.8s
Epoch 05 | 12800/13759 | loss 5.5411 | ppl 254.97 | lr 7.284859e-06 | 440.3s
Epoch 05 | 12900/13759 | loss 5.5411 | ppl 254.95 | lr 7.279495e-06 | 443.7s
Epoch 05 | 13000/13759 | loss 5.5409 | ppl 254.91 | lr 7.274143e-06 | 447.1s
Epoch 05 | 13100/13759 | loss 5.5405 | ppl 254.82 | lr 7.268804e-06 | 450.7s
Epoch 05 | 13200/13759 | loss 5.5404 | ppl 254.78 | lr 7.263475e-06 | 454.2s
Epoch 05 | 13300/13759 | loss 5.5403 | ppl 254.74 | lr 7.258159e-06 | 457.6s
Epoch 05 | 13400/13759 | loss 5.5400 | ppl 254.67 | lr 7.252854e-06 | 461.0s
Epoch 05 | 13500/13759 | loss 5.5397 | ppl 254.60 | lr 7.247561e-06 | 464.5s
Epoch 05 | 13600/13759 | loss 5.5395 | ppl 254.56 | lr 7.242279e-06 | 467.9s
Epoch 05 | 13700/13759 | loss 5.5394 | ppl 254.53 | lr 7.237009e-06 | 471.4s
Epoch 05 complete | train loss 5.5394 | dev loss 5.5882 | train BLEU 2.43 | dev BLEU 1.71 | 482.2s
Epoch 06 | 00100/13759 | loss 5.5245 | ppl 250.77 | lr 7.228653e-06 | 3.5s
Epoch 06 | 00200/13759 | loss 5.5266 | ppl 251.29 | lr 7.223413e-06 | 6.9s
Epoch 06 | 00300/13759 | loss 5.5202 | ppl 249.69 | lr 7.218184e-06 | 10.3s
Epoch 06 | 00400/13759 | loss 5.5126 | ppl 247.80 | lr 7.212966e-06 | 13.8s
Epoch 06 | 00500/13759 | loss 5.5147 | ppl 248.31 | lr 7.20776e-06 | 17.2s
Epoch 06 | 00600/13759 | loss 5.5120 | ppl 247.65 | lr 7.202565e-06 | 20.7s
Epoch 06 | 00700/13759 | loss 5.5121 | ppl 247.67 | lr 7.197381e-06 | 24.1s
Epoch 06 | 00800/13759 | loss 5.5084 | ppl 246.75 | lr 7.192208e-06 | 27.6s
Epoch 06 | 00900/13759 | loss 5.5078 | ppl 246.61 | lr 7.187046e-06 | 30.9s
Epoch 06 | 01000/13759 | loss 5.5056 | ppl 246.06 | lr 7.181896e-06 | 34.4s
Epoch 06 | 01100/13759 | loss 5.5028 | ppl 245.37 | lr 7.176756e-06 | 37.8s
Epoch 06 | 01200/13759 | loss 5.5030 | ppl 245.42 | lr 7.171628e-06 | 41.2s
Epoch 06 | 01300/13759 | loss 5.5034 | ppl 245.53 | lr 7.16651e-06 | 44.7s
Epoch 06 | 01400/13759 | loss 5.5025 | ppl 245.30 | lr 7.161404e-06 | 48.2s
Epoch 06 | 01500/13759 | loss 5.5026 | ppl 245.34 | lr 7.156308e-06 | 51.7s
Epoch 06 | 01600/13759 | loss 5.5021 | ppl 245.20 | lr 7.151223e-06 | 55.1s
Epoch 06 | 01700/13759 | loss 5.5015 | ppl 245.06 | lr 7.146149e-06 | 58.5s
Epoch 06 | 01800/13759 | loss 5.5019 | ppl 245.17 | lr 7.141086e-06 | 61.9s
Epoch 06 | 01900/13759 | loss 5.5019 | ppl 245.16 | lr 7.136034e-06 | 65.3s
Epoch 06 | 02000/13759 | loss 5.5007 | ppl 244.87 | lr 7.130992e-06 | 68.7s
Epoch 06 | 02100/13759 | loss 5.5010 | ppl 244.93 | lr 7.125961e-06 | 72.1s
Epoch 06 | 02200/13759 | loss 5.5008 | ppl 244.89 | lr 7.120941e-06 | 75.5s
Epoch 06 | 02300/13759 | loss 5.5014 | ppl 245.04 | lr 7.115931e-06 | 79.0s
Epoch 06 | 02400/13759 | loss 5.5015 | ppl 245.05 | lr 7.110932e-06 | 82.5s
Epoch 06 | 02500/13759 | loss 5.5011 | ppl 244.97 | lr 7.105943e-06 | 85.9s
Epoch 06 | 02600/13759 | loss 5.5008 | ppl 244.89 | lr 7.100965e-06 | 89.3s
Epoch 06 | 02700/13759 | loss 5.5011 | ppl 244.96 | lr 7.095997e-06 | 92.7s
Epoch 06 | 02800/13759 | loss 5.5008 | ppl 244.88 | lr 7.091039e-06 | 96.2s
Epoch 06 | 02900/13759 | loss 5.5007 | ppl 244.87 | lr 7.086092e-06 | 99.6s
Epoch 06 | 03000/13759 | loss 5.4999 | ppl 244.67 | lr 7.081156e-06 | 103.0s
Epoch 06 | 03100/13759 | loss 5.4993 | ppl 244.52 | lr 7.076229e-06 | 106.5s
Epoch 06 | 03200/13759 | loss 5.4993 | ppl 244.51 | lr 7.071313e-06 | 110.0s
Epoch 06 | 03300/13759 | loss 5.4986 | ppl 244.36 | lr 7.066407e-06 | 113.4s
Epoch 06 | 03400/13759 | loss 5.4990 | ppl 244.45 | lr 7.061512e-06 | 116.8s
Epoch 06 | 03500/13759 | loss 5.4987 | ppl 244.37 | lr 7.056626e-06 | 120.2s
Epoch 06 | 03600/13759 | loss 5.4986 | ppl 244.35 | lr 7.051751e-06 | 123.7s
Epoch 06 | 03700/13759 | loss 5.4988 | ppl 244.41 | lr 7.046886e-06 | 127.1s
Epoch 06 | 03800/13759 | loss 5.4985 | ppl 244.31 | lr 7.04203e-06 | 130.5s
Epoch 06 | 03900/13759 | loss 5.4986 | ppl 244.35 | lr 7.037185e-06 | 134.0s
Epoch 06 | 04000/13759 | loss 5.4981 | ppl 244.24 | lr 7.03235e-06 | 137.4s
Epoch 06 | 04100/13759 | loss 5.4976 | ppl 244.11 | lr 7.027525e-06 | 140.8s
Epoch 06 | 04200/13759 | loss 5.4976 | ppl 244.09 | lr 7.022709e-06 | 144.3s
Epoch 06 | 04300/13759 | loss 5.4972 | ppl 244.01 | lr 7.017904e-06 | 147.8s
Epoch 06 | 04400/13759 | loss 5.4962 | ppl 243.78 | lr 7.013108e-06 | 151.3s
Epoch 06 | 04500/13759 | loss 5.4964 | ppl 243.81 | lr 7.008322e-06 | 154.9s
Epoch 06 | 04600/13759 | loss 5.4960 | ppl 243.72 | lr 7.003546e-06 | 158.3s
Epoch 06 | 04700/13759 | loss 5.4958 | ppl 243.67 | lr 6.99878e-06 | 161.7s
Epoch 06 | 04800/13759 | loss 5.4955 | ppl 243.60 | lr 6.994024e-06 | 165.1s
Epoch 06 | 04900/13759 | loss 5.4954 | ppl 243.57 | lr 6.989277e-06 | 168.5s
Epoch 06 | 05000/13759 | loss 5.4952 | ppl 243.53 | lr 6.98454e-06 | 171.9s
Epoch 06 | 05100/13759 | loss 5.4948 | ppl 243.43 | lr 6.979812e-06 | 175.2s
Epoch 06 | 05200/13759 | loss 5.4949 | ppl 243.46 | lr 6.975094e-06 | 178.7s
Epoch 06 | 05300/13759 | loss 5.4947 | ppl 243.40 | lr 6.970386e-06 | 182.2s
Epoch 06 | 05400/13759 | loss 5.4946 | ppl 243.38 | lr 6.965687e-06 | 185.7s
Epoch 06 | 05500/13759 | loss 5.4946 | ppl 243.36 | lr 6.960997e-06 | 189.1s
Epoch 06 | 05600/13759 | loss 5.4941 | ppl 243.25 | lr 6.956317e-06 | 192.6s
Epoch 06 | 05700/13759 | loss 5.4937 | ppl 243.16 | lr 6.951647e-06 | 196.1s
Epoch 06 | 05800/13759 | loss 5.4937 | ppl 243.16 | lr 6.946985e-06 | 199.5s
Epoch 06 | 05900/13759 | loss 5.4933 | ppl 243.06 | lr 6.942334e-06 | 202.8s
Epoch 06 | 06000/13759 | loss 5.4932 | ppl 243.04 | lr 6.937691e-06 | 206.2s
Epoch 06 | 06100/13759 | loss 5.4926 | ppl 242.88 | lr 6.933058e-06 | 209.7s
Epoch 06 | 06200/13759 | loss 5.4924 | ppl 242.83 | lr 6.928434e-06 | 213.1s
Epoch 06 | 06300/13759 | loss 5.4923 | ppl 242.81 | lr 6.92382e-06 | 216.4s
Epoch 06 | 06400/13759 | loss 5.4920 | ppl 242.74 | lr 6.919214e-06 | 219.9s
Epoch 06 | 06500/13759 | loss 5.4920 | ppl 242.73 | lr 6.914618e-06 | 223.3s
Epoch 06 | 06600/13759 | loss 5.4914 | ppl 242.60 | lr 6.910031e-06 | 226.7s
Epoch 06 | 06700/13759 | loss 5.4913 | ppl 242.57 | lr 6.905453e-06 | 230.2s
Epoch 06 | 06800/13759 | loss 5.4909 | ppl 242.48 | lr 6.900884e-06 | 233.8s
Epoch 06 | 06900/13759 | loss 5.4908 | ppl 242.46 | lr 6.896324e-06 | 237.1s
Epoch 06 | 07000/13759 | loss 5.4905 | ppl 242.37 | lr 6.891773e-06 | 240.6s
Epoch 06 | 07100/13759 | loss 5.4901 | ppl 242.27 | lr 6.887231e-06 | 244.0s
Epoch 06 | 07200/13759 | loss 5.4897 | ppl 242.18 | lr 6.882698e-06 | 247.5s
Epoch 06 | 07300/13759 | loss 5.4895 | ppl 242.14 | lr 6.878174e-06 | 250.9s
Epoch 06 | 07400/13759 | loss 5.4894 | ppl 242.12 | lr 6.873659e-06 | 254.4s
Epoch 06 | 07500/13759 | loss 5.4892 | ppl 242.06 | lr 6.869153e-06 | 257.8s
Epoch 06 | 07600/13759 | loss 5.4892 | ppl 242.07 | lr 6.864656e-06 | 261.2s
Epoch 06 | 07700/13759 | loss 5.4891 | ppl 242.05 | lr 6.860168e-06 | 264.7s
Epoch 06 | 07800/13759 | loss 5.4890 | ppl 242.02 | lr 6.855688e-06 | 268.2s
Epoch 06 | 07900/13759 | loss 5.4889 | ppl 241.99 | lr 6.851217e-06 | 271.6s
Epoch 06 | 08000/13759 | loss 5.4886 | ppl 241.93 | lr 6.846755e-06 | 275.0s
Epoch 06 | 08100/13759 | loss 5.4883 | ppl 241.86 | lr 6.842301e-06 | 278.5s
Epoch 06 | 08200/13759 | loss 5.4880 | ppl 241.77 | lr 6.837857e-06 | 281.9s
Epoch 06 | 08300/13759 | loss 5.4874 | ppl 241.64 | lr 6.83342e-06 | 285.3s
Epoch 06 | 08400/13759 | loss 5.4874 | ppl 241.62 | lr 6.828993e-06 | 288.8s
Epoch 06 | 08500/13759 | loss 5.4871 | ppl 241.57 | lr 6.824574e-06 | 292.2s
Epoch 06 | 08600/13759 | loss 5.4869 | ppl 241.51 | lr 6.820164e-06 | 295.6s
Epoch 06 | 08700/13759 | loss 5.4870 | ppl 241.53 | lr 6.815762e-06 | 299.1s
Epoch 06 | 08800/13759 | loss 5.4869 | ppl 241.52 | lr 6.811369e-06 | 302.7s
Epoch 06 | 08900/13759 | loss 5.4866 | ppl 241.42 | lr 6.806984e-06 | 306.2s
Epoch 06 | 09000/13759 | loss 5.4866 | ppl 241.43 | lr 6.802607e-06 | 309.6s
Epoch 06 | 09100/13759 | loss 5.4863 | ppl 241.37 | lr 6.798239e-06 | 313.1s
Epoch 06 | 09200/13759 | loss 5.4861 | ppl 241.30 | lr 6.79388e-06 | 316.6s
Epoch 06 | 09300/13759 | loss 5.4857 | ppl 241.23 | lr 6.789529e-06 | 320.2s
Epoch 06 | 09400/13759 | loss 5.4856 | ppl 241.20 | lr 6.785186e-06 | 323.7s
Epoch 06 | 09500/13759 | loss 5.4857 | ppl 241.21 | lr 6.780852e-06 | 327.1s
Epoch 06 | 09600/13759 | loss 5.4855 | ppl 241.17 | lr 6.776525e-06 | 330.5s
Epoch 06 | 09700/13759 | loss 5.4853 | ppl 241.11 | lr 6.772207e-06 | 333.9s
Epoch 06 | 09800/13759 | loss 5.4851 | ppl 241.07 | lr 6.767898e-06 | 337.2s
Epoch 06 | 09900/13759 | loss 5.4851 | ppl 241.07 | lr 6.763596e-06 | 340.6s
Epoch 06 | 10000/13759 | loss 5.4848 | ppl 241.00 | lr 6.759303e-06 | 344.0s
Epoch 06 | 10100/13759 | loss 5.4844 | ppl 240.91 | lr 6.755018e-06 | 347.4s
Epoch 06 | 10200/13759 | loss 5.4841 | ppl 240.83 | lr 6.750741e-06 | 350.8s
Epoch 06 | 10300/13759 | loss 5.4842 | ppl 240.85 | lr 6.746472e-06 | 354.2s
Epoch 06 | 10400/13759 | loss 5.4843 | ppl 240.88 | lr 6.742211e-06 | 357.6s
Epoch 06 | 10500/13759 | loss 5.4839 | ppl 240.78 | lr 6.737959e-06 | 361.1s
Epoch 06 | 10600/13759 | loss 5.4838 | ppl 240.76 | lr 6.733714e-06 | 364.5s
Epoch 06 | 10700/13759 | loss 5.4838 | ppl 240.76 | lr 6.729477e-06 | 367.9s
Epoch 06 | 10800/13759 | loss 5.4836 | ppl 240.72 | lr 6.725249e-06 | 371.3s
Epoch 06 | 10900/13759 | loss 5.4836 | ppl 240.71 | lr 6.721028e-06 | 374.7s
Epoch 06 | 11000/13759 | loss 5.4833 | ppl 240.63 | lr 6.716815e-06 | 378.1s
Epoch 06 | 11100/13759 | loss 5.4833 | ppl 240.65 | lr 6.712611e-06 | 381.6s
Epoch 06 | 11200/13759 | loss 5.4831 | ppl 240.58 | lr 6.708414e-06 | 384.9s
Epoch 06 | 11300/13759 | loss 5.4831 | ppl 240.58 | lr 6.704224e-06 | 388.4s
Epoch 06 | 11400/13759 | loss 5.4830 | ppl 240.56 | lr 6.700043e-06 | 391.9s
Epoch 06 | 11500/13759 | loss 5.4828 | ppl 240.51 | lr 6.69587e-06 | 395.3s
Epoch 06 | 11600/13759 | loss 5.4826 | ppl 240.47 | lr 6.691704e-06 | 398.8s
Epoch 06 | 11700/13759 | loss 5.4822 | ppl 240.37 | lr 6.687546e-06 | 402.3s
Epoch 06 | 11800/13759 | loss 5.4819 | ppl 240.31 | lr 6.683396e-06 | 405.7s
Epoch 06 | 11900/13759 | loss 5.4816 | ppl 240.24 | lr 6.679254e-06 | 409.1s
Epoch 06 | 12000/13759 | loss 5.4815 | ppl 240.20 | lr 6.675119e-06 | 412.4s
Epoch 06 | 12100/13759 | loss 5.4811 | ppl 240.11 | lr 6.670992e-06 | 415.8s
Epoch 06 | 12200/13759 | loss 5.4810 | ppl 240.08 | lr 6.666872e-06 | 419.2s
Epoch 06 | 12300/13759 | loss 5.4807 | ppl 240.02 | lr 6.662761e-06 | 422.7s
Epoch 06 | 12400/13759 | loss 5.4806 | ppl 239.98 | lr 6.658656e-06 | 426.2s
Epoch 06 | 12500/13759 | loss 5.4805 | ppl 239.96 | lr 6.65456e-06 | 429.7s
Epoch 06 | 12600/13759 | loss 5.4805 | ppl 239.96 | lr 6.650471e-06 | 433.1s
Epoch 06 | 12700/13759 | loss 5.4805 | ppl 239.97 | lr 6.646389e-06 | 436.5s
Epoch 06 | 12800/13759 | loss 5.4806 | ppl 239.98 | lr 6.642315e-06 | 440.0s
Epoch 06 | 12900/13759 | loss 5.4804 | ppl 239.95 | lr 6.638249e-06 | 443.5s
Epoch 06 | 13000/13759 | loss 5.4803 | ppl 239.92 | lr 6.634189e-06 | 446.9s
Epoch 06 | 13100/13759 | loss 5.4800 | ppl 239.84 | lr 6.630138e-06 | 450.4s
Epoch 06 | 13200/13759 | loss 5.4798 | ppl 239.80 | lr 6.626094e-06 | 453.8s
Epoch 06 | 13300/13759 | loss 5.4795 | ppl 239.74 | lr 6.622057e-06 | 457.2s
Epoch 06 | 13400/13759 | loss 5.4793 | ppl 239.68 | lr 6.618027e-06 | 460.7s
Epoch 06 | 13500/13759 | loss 5.4791 | ppl 239.64 | lr 6.614005e-06 | 464.1s
Epoch 06 | 13600/13759 | loss 5.4788 | ppl 239.56 | lr 6.60999e-06 | 467.5s
Epoch 06 | 13700/13759 | loss 5.4787 | ppl 239.53 | lr 6.605983e-06 | 471.0s
Epoch 06 complete | train loss 5.4785 | dev loss 5.5308 | train BLEU 2.53 | dev BLEU 1.72 | 481.9s
Epoch 07 | 00100/13759 | loss 5.4603 | ppl 235.16 | lr 6.599626e-06 | 3.6s
Epoch 07 | 00200/13759 | loss 5.4445 | ppl 231.48 | lr 6.595637e-06 | 7.0s
Epoch 07 | 00300/13759 | loss 5.4437 | ppl 231.29 | lr 6.591656e-06 | 10.4s
Epoch 07 | 00400/13759 | loss 5.4401 | ppl 230.47 | lr 6.587681e-06 | 13.9s
Epoch 07 | 00500/13759 | loss 5.4412 | ppl 230.73 | lr 6.583714e-06 | 17.3s
Epoch 07 | 00600/13759 | loss 5.4418 | ppl 230.86 | lr 6.579754e-06 | 20.8s
Epoch 07 | 00700/13759 | loss 5.4432 | ppl 231.17 | lr 6.575802e-06 | 24.3s
Epoch 07 | 00800/13759 | loss 5.4429 | ppl 231.12 | lr 6.571856e-06 | 27.7s
Epoch 07 | 00900/13759 | loss 5.4426 | ppl 231.03 | lr 6.567917e-06 | 31.1s
Epoch 07 | 01000/13759 | loss 5.4433 | ppl 231.21 | lr 6.563986e-06 | 34.6s
Epoch 07 | 01100/13759 | loss 5.4451 | ppl 231.62 | lr 6.560061e-06 | 38.0s
Epoch 07 | 01200/13759 | loss 5.4455 | ppl 231.72 | lr 6.556144e-06 | 41.4s
Epoch 07 | 01300/13759 | loss 5.4456 | ppl 231.73 | lr 6.552233e-06 | 44.9s
Epoch 07 | 01400/13759 | loss 5.4459 | ppl 231.80 | lr 6.54833e-06 | 48.2s
Epoch 07 | 01500/13759 | loss 5.4454 | ppl 231.69 | lr 6.544433e-06 | 51.6s
Epoch 07 | 01600/13759 | loss 5.4442 | ppl 231.42 | lr 6.540544e-06 | 55.1s
Epoch 07 | 01700/13759 | loss 5.4448 | ppl 231.55 | lr 6.536661e-06 | 58.6s
Epoch 07 | 01800/13759 | loss 5.4451 | ppl 231.62 | lr 6.532786e-06 | 62.1s
Epoch 07 | 01900/13759 | loss 5.4453 | ppl 231.67 | lr 6.528917e-06 | 65.5s
Epoch 07 | 02000/13759 | loss 5.4454 | ppl 231.69 | lr 6.525055e-06 | 69.0s
Epoch 07 | 02100/13759 | loss 5.4449 | ppl 231.58 | lr 6.5212e-06 | 72.4s
Epoch 07 | 02200/13759 | loss 5.4447 | ppl 231.52 | lr 6.517352e-06 | 75.9s
Epoch 07 | 02300/13759 | loss 5.4445 | ppl 231.49 | lr 6.51351e-06 | 79.3s
Epoch 07 | 02400/13759 | loss 5.4440 | ppl 231.37 | lr 6.509675e-06 | 82.6s
Epoch 07 | 02500/13759 | loss 5.4441 | ppl 231.39 | lr 6.505847e-06 | 86.1s
Epoch 07 | 02600/13759 | loss 5.4437 | ppl 231.30 | lr 6.502026e-06 | 89.5s
Epoch 07 | 02700/13759 | loss 5.4453 | ppl 231.66 | lr 6.498212e-06 | 93.0s
Epoch 07 | 02800/13759 | loss 5.4450 | ppl 231.59 | lr 6.494404e-06 | 96.5s
Epoch 07 | 02900/13759 | loss 5.4444 | ppl 231.45 | lr 6.490603e-06 | 100.0s
Epoch 07 | 03000/13759 | loss 5.4443 | ppl 231.43 | lr 6.486809e-06 | 103.3s
Epoch 07 | 03100/13759 | loss 5.4442 | ppl 231.41 | lr 6.483021e-06 | 106.7s
Epoch 07 | 03200/13759 | loss 5.4438 | ppl 231.32 | lr 6.47924e-06 | 110.1s
Epoch 07 | 03300/13759 | loss 5.4438 | ppl 231.31 | lr 6.475465e-06 | 113.6s
Epoch 07 | 03400/13759 | loss 5.4430 | ppl 231.14 | lr 6.471697e-06 | 117.0s
Epoch 07 | 03500/13759 | loss 5.4432 | ppl 231.19 | lr 6.467936e-06 | 120.4s
Epoch 07 | 03600/13759 | loss 5.4427 | ppl 231.07 | lr 6.464181e-06 | 123.9s
Epoch 07 | 03700/13759 | loss 5.4430 | ppl 231.14 | lr 6.460433e-06 | 127.4s
Epoch 07 | 03800/13759 | loss 5.4430 | ppl 231.13 | lr 6.456691e-06 | 130.9s
Epoch 07 | 03900/13759 | loss 5.4431 | ppl 231.16 | lr 6.452956e-06 | 134.2s
Epoch 07 | 04000/13759 | loss 5.4430 | ppl 231.13 | lr 6.449227e-06 | 137.5s
Epoch 07 | 04100/13759 | loss 5.4426 | ppl 231.05 | lr 6.445505e-06 | 141.0s
Epoch 07 | 04200/13759 | loss 5.4424 | ppl 231.00 | lr 6.441789e-06 | 144.4s
Epoch 07 | 04300/13759 | loss 5.4422 | ppl 230.95 | lr 6.43808e-06 | 148.0s
Epoch 07 | 04400/13759 | loss 5.4419 | ppl 230.88 | lr 6.434376e-06 | 151.4s
Epoch 07 | 04500/13759 | loss 5.4415 | ppl 230.79 | lr 6.43068e-06 | 154.9s
Epoch 07 | 04600/13759 | loss 5.4415 | ppl 230.78 | lr 6.426989e-06 | 158.3s
Epoch 07 | 04700/13759 | loss 5.4414 | ppl 230.77 | lr 6.423305e-06 | 161.7s
Epoch 07 | 04800/13759 | loss 5.4415 | ppl 230.78 | lr 6.419628e-06 | 165.2s
Epoch 07 | 04900/13759 | loss 5.4415 | ppl 230.78 | lr 6.415957e-06 | 168.6s
Epoch 07 | 05000/13759 | loss 5.4412 | ppl 230.72 | lr 6.412291e-06 | 172.0s
Epoch 07 | 05100/13759 | loss 5.4414 | ppl 230.76 | lr 6.408633e-06 | 175.5s
Epoch 07 | 05200/13759 | loss 5.4418 | ppl 230.85 | lr 6.40498e-06 | 178.9s
Epoch 07 | 05300/13759 | loss 5.4416 | ppl 230.81 | lr 6.401334e-06 | 182.5s
Epoch 07 | 05400/13759 | loss 5.4416 | ppl 230.82 | lr 6.397694e-06 | 185.9s
Epoch 07 | 05500/13759 | loss 5.4419 | ppl 230.89 | lr 6.39406e-06 | 189.4s
Epoch 07 | 05600/13759 | loss 5.4420 | ppl 230.89 | lr 6.390432e-06 | 192.8s
Epoch 07 | 05700/13759 | loss 5.4420 | ppl 230.90 | lr 6.386811e-06 | 196.2s
Epoch 07 | 05800/13759 | loss 5.4419 | ppl 230.89 | lr 6.383195e-06 | 199.7s
Epoch 07 | 05900/13759 | loss 5.4418 | ppl 230.85 | lr 6.379586e-06 | 203.1s
Epoch 07 | 06000/13759 | loss 5.4418 | ppl 230.85 | lr 6.375983e-06 | 206.5s
Epoch 07 | 06100/13759 | loss 5.4416 | ppl 230.81 | lr 6.372386e-06 | 210.0s
Epoch 07 | 06200/13759 | loss 5.4414 | ppl 230.75 | lr 6.368795e-06 | 213.5s
Epoch 07 | 06300/13759 | loss 5.4411 | ppl 230.70 | lr 6.36521e-06 | 217.0s
Epoch 07 | 06400/13759 | loss 5.4415 | ppl 230.78 | lr 6.361632e-06 | 220.5s
Epoch 07 | 06500/13759 | loss 5.4412 | ppl 230.73 | lr 6.358059e-06 | 224.0s
Epoch 07 | 06600/13759 | loss 5.4410 | ppl 230.67 | lr 6.354492e-06 | 227.4s
Epoch 07 | 06700/13759 | loss 5.4412 | ppl 230.71 | lr 6.350931e-06 | 230.9s
Epoch 07 | 06800/13759 | loss 5.4408 | ppl 230.64 | lr 6.347376e-06 | 234.3s
Epoch 07 | 06900/13759 | loss 5.4405 | ppl 230.55 | lr 6.343828e-06 | 237.8s
Epoch 07 | 07000/13759 | loss 5.4402 | ppl 230.49 | lr 6.340285e-06 | 241.2s
Epoch 07 | 07100/13759 | loss 5.4403 | ppl 230.51 | lr 6.336748e-06 | 244.8s
Epoch 07 | 07200/13759 | loss 5.4398 | ppl 230.41 | lr 6.333217e-06 | 248.2s
Epoch 07 | 07300/13759 | loss 5.4396 | ppl 230.36 | lr 6.329691e-06 | 251.6s
Epoch 07 | 07400/13759 | loss 5.4396 | ppl 230.34 | lr 6.326172e-06 | 255.1s
Epoch 07 | 07500/13759 | loss 5.4392 | ppl 230.25 | lr 6.322659e-06 | 258.5s
Epoch 07 | 07600/13759 | loss 5.4390 | ppl 230.21 | lr 6.319151e-06 | 262.0s
Epoch 07 | 07700/13759 | loss 5.4389 | ppl 230.18 | lr 6.31565e-06 | 265.4s
Epoch 07 | 07800/13759 | loss 5.4389 | ppl 230.18 | lr 6.312154e-06 | 268.8s
Epoch 07 | 07900/13759 | loss 5.4386 | ppl 230.13 | lr 6.308663e-06 | 272.3s
Epoch 07 | 08000/13759 | loss 5.4384 | ppl 230.07 | lr 6.305179e-06 | 275.8s
Epoch 07 | 08100/13759 | loss 5.4383 | ppl 230.04 | lr 6.301701e-06 | 279.3s
Epoch 07 | 08200/13759 | loss 5.4380 | ppl 229.98 | lr 6.298228e-06 | 282.8s
Epoch 07 | 08300/13759 | loss 5.4379 | ppl 229.96 | lr 6.294761e-06 | 286.2s
Epoch 07 | 08400/13759 | loss 5.4379 | ppl 229.96 | lr 6.291299e-06 | 289.6s
Epoch 07 | 08500/13759 | loss 5.4377 | ppl 229.92 | lr 6.287844e-06 | 293.0s
Epoch 07 | 08600/13759 | loss 5.4372 | ppl 229.79 | lr 6.284394e-06 | 296.3s
Epoch 07 | 08700/13759 | loss 5.4370 | ppl 229.75 | lr 6.280949e-06 | 299.7s
Epoch 07 | 08800/13759 | loss 5.4367 | ppl 229.68 | lr 6.277511e-06 | 303.2s
Epoch 07 | 08900/13759 | loss 5.4366 | ppl 229.66 | lr 6.274078e-06 | 306.6s
Epoch 07 | 09000/13759 | loss 5.4365 | ppl 229.63 | lr 6.27065e-06 | 310.0s
Epoch 07 | 09100/13759 | loss 5.4363 | ppl 229.58 | lr 6.267229e-06 | 313.4s
Epoch 07 | 09200/13759 | loss 5.4361 | ppl 229.55 | lr 6.263812e-06 | 316.9s
Epoch 07 | 09300/13759 | loss 5.4361 | ppl 229.54 | lr 6.260402e-06 | 320.3s
Epoch 07 | 09400/13759 | loss 5.4359 | ppl 229.49 | lr 6.256997e-06 | 323.8s
Epoch 07 | 09500/13759 | loss 5.4356 | ppl 229.43 | lr 6.253597e-06 | 327.2s
Epoch 07 | 09600/13759 | loss 5.4354 | ppl 229.38 | lr 6.250203e-06 | 330.7s
Epoch 07 | 09700/13759 | loss 5.4351 | ppl 229.32 | lr 6.246815e-06 | 334.2s
Epoch 07 | 09800/13759 | loss 5.4350 | ppl 229.29 | lr 6.243432e-06 | 337.7s
Epoch 07 | 09900/13759 | loss 5.4346 | ppl 229.21 | lr 6.240055e-06 | 341.0s
Epoch 07 | 10000/13759 | loss 5.4345 | ppl 229.18 | lr 6.236683e-06 | 344.4s
Epoch 07 | 10100/13759 | loss 5.4342 | ppl 229.12 | lr 6.233316e-06 | 347.9s
Epoch 07 | 10200/13759 | loss 5.4341 | ppl 229.09 | lr 6.229955e-06 | 351.4s
Epoch 07 | 10300/13759 | loss 5.4339 | ppl 229.04 | lr 6.2266e-06 | 354.9s
Epoch 07 | 10400/13759 | loss 5.4337 | ppl 229.00 | lr 6.223249e-06 | 358.3s
Epoch 07 | 10500/13759 | loss 5.4335 | ppl 228.96 | lr 6.219905e-06 | 361.8s
Epoch 07 | 10600/13759 | loss 5.4334 | ppl 228.93 | lr 6.216565e-06 | 365.3s
Epoch 07 | 10700/13759 | loss 5.4333 | ppl 228.91 | lr 6.213231e-06 | 368.7s
Epoch 07 | 10800/13759 | loss 5.4331 | ppl 228.85 | lr 6.209903e-06 | 372.2s
Epoch 07 | 10900/13759 | loss 5.4327 | ppl 228.78 | lr 6.206579e-06 | 375.6s
Epoch 07 | 11000/13759 | loss 5.4327 | ppl 228.77 | lr 6.203261e-06 | 379.1s
Epoch 07 | 11100/13759 | loss 5.4326 | ppl 228.74 | lr 6.199949e-06 | 382.5s
Epoch 07 | 11200/13759 | loss 5.4323 | ppl 228.68 | lr 6.196641e-06 | 386.0s
Epoch 07 | 11300/13759 | loss 5.4323 | ppl 228.68 | lr 6.193339e-06 | 389.5s
Epoch 07 | 11400/13759 | loss 5.4321 | ppl 228.62 | lr 6.190042e-06 | 392.9s
Epoch 07 | 11500/13759 | loss 5.4319 | ppl 228.58 | lr 6.186751e-06 | 396.3s
Epoch 07 | 11600/13759 | loss 5.4317 | ppl 228.55 | lr 6.183464e-06 | 399.8s
Epoch 07 | 11700/13759 | loss 5.4317 | ppl 228.54 | lr 6.180183e-06 | 403.3s
Epoch 07 | 11800/13759 | loss 5.4316 | ppl 228.51 | lr 6.176907e-06 | 406.7s
Epoch 07 | 11900/13759 | loss 5.4313 | ppl 228.45 | lr 6.173637e-06 | 410.1s
Epoch 07 | 12000/13759 | loss 5.4312 | ppl 228.41 | lr 6.170371e-06 | 413.5s
Epoch 07 | 12100/13759 | loss 5.4309 | ppl 228.35 | lr 6.167111e-06 | 416.9s
Epoch 07 | 12200/13759 | loss 5.4308 | ppl 228.33 | lr 6.163856e-06 | 420.3s
Epoch 07 | 12300/13759 | loss 5.4305 | ppl 228.26 | lr 6.160606e-06 | 423.7s
Epoch 07 | 12400/13759 | loss 5.4303 | ppl 228.23 | lr 6.157361e-06 | 427.0s
Epoch 07 | 12500/13759 | loss 5.4303 | ppl 228.22 | lr 6.154121e-06 | 430.4s
Epoch 07 | 12600/13759 | loss 5.4302 | ppl 228.21 | lr 6.150887e-06 | 433.8s
Epoch 07 | 12700/13759 | loss 5.4301 | ppl 228.17 | lr 6.147657e-06 | 437.3s
Epoch 07 | 12800/13759 | loss 5.4298 | ppl 228.10 | lr 6.144433e-06 | 440.7s
Epoch 07 | 12900/13759 | loss 5.4297 | ppl 228.08 | lr 6.141213e-06 | 444.1s
Epoch 07 | 13000/13759 | loss 5.4294 | ppl 228.00 | lr 6.137999e-06 | 447.5s
Epoch 07 | 13100/13759 | loss 5.4292 | ppl 227.97 | lr 6.13479e-06 | 450.9s
Epoch 07 | 13200/13759 | loss 5.4290 | ppl 227.93 | lr 6.131585e-06 | 454.4s
Epoch 07 | 13300/13759 | loss 5.4289 | ppl 227.90 | lr 6.128386e-06 | 457.9s
Epoch 07 | 13400/13759 | loss 5.4287 | ppl 227.84 | lr 6.125192e-06 | 461.3s
Epoch 07 | 13500/13759 | loss 5.4284 | ppl 227.79 | lr 6.122003e-06 | 464.8s
Epoch 07 | 13600/13759 | loss 5.4283 | ppl 227.76 | lr 6.118819e-06 | 468.2s
Epoch 07 | 13700/13759 | loss 5.4280 | ppl 227.70 | lr 6.115639e-06 | 471.7s
Epoch 07 complete | train loss 5.4280 | dev loss 5.4850 | train BLEU 2.65 | dev BLEU 1.96 | 482.9s
Epoch 08 | 00100/13759 | loss 5.3838 | ppl 217.85 | lr 6.110594e-06 | 3.4s
Epoch 08 | 00200/13759 | loss 5.3893 | ppl 219.04 | lr 6.107428e-06 | 6.9s
Epoch 08 | 00300/13759 | loss 5.3924 | ppl 219.74 | lr 6.104266e-06 | 10.3s
Epoch 08 | 00400/13759 | loss 5.4028 | ppl 222.02 | lr 6.10111e-06 | 13.7s
Epoch 08 | 00500/13759 | loss 5.4026 | ppl 221.97 | lr 6.097958e-06 | 17.1s
Epoch 08 | 00600/13759 | loss 5.3980 | ppl 220.97 | lr 6.094811e-06 | 20.6s
Epoch 08 | 00700/13759 | loss 5.3953 | ppl 220.38 | lr 6.091669e-06 | 24.0s
Epoch 08 | 00800/13759 | loss 5.3964 | ppl 220.62 | lr 6.088532e-06 | 27.5s
Epoch 08 | 00900/13759 | loss 5.3974 | ppl 220.83 | lr 6.085399e-06 | 31.0s
Epoch 08 | 01000/13759 | loss 5.3947 | ppl 220.24 | lr 6.082272e-06 | 34.5s
Epoch 08 | 01100/13759 | loss 5.3942 | ppl 220.12 | lr 6.079149e-06 | 37.9s
Epoch 08 | 01200/13759 | loss 5.3939 | ppl 220.07 | lr 6.076031e-06 | 41.2s
Epoch 08 | 01300/13759 | loss 5.3937 | ppl 220.03 | lr 6.072918e-06 | 44.6s
Epoch 08 | 01400/13759 | loss 5.3947 | ppl 220.23 | lr 6.06981e-06 | 48.0s
Epoch 08 | 01500/13759 | loss 5.3937 | ppl 220.01 | lr 6.066706e-06 | 51.4s
Epoch 08 | 01600/13759 | loss 5.3930 | ppl 219.87 | lr 6.063607e-06 | 54.7s
Epoch 08 | 01700/13759 | loss 5.3911 | ppl 219.44 | lr 6.060513e-06 | 58.1s
Epoch 08 | 01800/13759 | loss 5.3918 | ppl 219.60 | lr 6.057424e-06 | 61.6s
Epoch 08 | 01900/13759 | loss 5.3927 | ppl 219.81 | lr 6.054339e-06 | 65.0s
Epoch 08 | 02000/13759 | loss 5.3935 | ppl 219.98 | lr 6.051259e-06 | 68.4s
Epoch 08 | 02100/13759 | loss 5.3934 | ppl 219.96 | lr 6.048184e-06 | 71.9s
Epoch 08 | 02200/13759 | loss 5.3938 | ppl 220.04 | lr 6.045114e-06 | 75.3s
Epoch 08 | 02300/13759 | loss 5.3944 | ppl 220.17 | lr 6.042048e-06 | 78.7s
Epoch 08 | 02400/13759 | loss 5.3942 | ppl 220.14 | lr 6.038987e-06 | 82.3s
Epoch 08 | 02500/13759 | loss 5.3953 | ppl 220.36 | lr 6.03593e-06 | 85.8s
Epoch 08 | 02600/13759 | loss 5.3952 | ppl 220.35 | lr 6.032878e-06 | 89.3s
Epoch 08 | 02700/13759 | loss 5.3949 | ppl 220.27 | lr 6.029831e-06 | 92.8s
Epoch 08 | 02800/13759 | loss 5.3947 | ppl 220.23 | lr 6.026788e-06 | 96.2s
Epoch 08 | 02900/13759 | loss 5.3946 | ppl 220.22 | lr 6.02375e-06 | 99.6s
Epoch 08 | 03000/13759 | loss 5.3938 | ppl 220.04 | lr 6.020717e-06 | 103.1s
Epoch 08 | 03100/13759 | loss 5.3935 | ppl 219.97 | lr 6.017688e-06 | 106.6s
Epoch 08 | 03200/13759 | loss 5.3939 | ppl 220.06 | lr 6.014664e-06 | 110.1s
Epoch 08 | 03300/13759 | loss 5.3933 | ppl 219.92 | lr 6.011644e-06 | 113.6s
Epoch 08 | 03400/13759 | loss 5.3938 | ppl 220.03 | lr 6.008629e-06 | 117.1s
Epoch 08 | 03500/13759 | loss 5.3941 | ppl 220.10 | lr 6.005618e-06 | 120.6s
Epoch 08 | 03600/13759 | loss 5.3935 | ppl 219.96 | lr 6.002612e-06 | 124.1s
Epoch 08 | 03700/13759 | loss 5.3933 | ppl 219.92 | lr 5.99961e-06 | 127.6s
Epoch 08 | 03800/13759 | loss 5.3938 | ppl 220.04 | lr 5.996613e-06 | 131.0s
Epoch 08 | 03900/13759 | loss 5.3939 | ppl 220.05 | lr 5.99362e-06 | 134.5s
Epoch 08 | 04000/13759 | loss 5.3943 | ppl 220.15 | lr 5.990632e-06 | 137.9s
Epoch 08 | 04100/13759 | loss 5.3948 | ppl 220.26 | lr 5.987648e-06 | 141.3s
Epoch 08 | 04200/13759 | loss 5.3945 | ppl 220.19 | lr 5.984669e-06 | 144.8s
Epoch 08 | 04300/13759 | loss 5.3943 | ppl 220.15 | lr 5.981694e-06 | 148.2s
Epoch 08 | 04400/13759 | loss 5.3948 | ppl 220.25 | lr 5.978724e-06 | 151.6s
Epoch 08 | 04500/13759 | loss 5.3942 | ppl 220.13 | lr 5.975758e-06 | 155.0s
Epoch 08 | 04600/13759 | loss 5.3945 | ppl 220.20 | lr 5.972796e-06 | 158.5s
Epoch 08 | 04700/13759 | loss 5.3950 | ppl 220.31 | lr 5.969839e-06 | 161.9s
Epoch 08 | 04800/13759 | loss 5.3950 | ppl 220.29 | lr 5.966886e-06 | 165.4s
Epoch 08 | 04900/13759 | loss 5.3949 | ppl 220.27 | lr 5.963938e-06 | 168.7s
Epoch 08 | 05000/13759 | loss 5.3947 | ppl 220.24 | lr 5.960994e-06 | 172.2s
Epoch 08 | 05100/13759 | loss 5.3944 | ppl 220.17 | lr 5.958054e-06 | 175.6s
Epoch 08 | 05200/13759 | loss 5.3945 | ppl 220.20 | lr 5.955119e-06 | 179.0s
Epoch 08 | 05300/13759 | loss 5.3948 | ppl 220.26 | lr 5.952188e-06 | 182.4s
Epoch 08 | 05400/13759 | loss 5.3951 | ppl 220.33 | lr 5.949261e-06 | 185.8s
Epoch 08 | 05500/13759 | loss 5.3951 | ppl 220.32 | lr 5.946339e-06 | 189.2s
Epoch 08 | 05600/13759 | loss 5.3948 | ppl 220.26 | lr 5.94342e-06 | 192.7s
Epoch 08 | 05700/13759 | loss 5.3947 | ppl 220.24 | lr 5.940507e-06 | 196.1s
Epoch 08 | 05800/13759 | loss 5.3943 | ppl 220.15 | lr 5.937597e-06 | 199.6s
Epoch 08 | 05900/13759 | loss 5.3939 | ppl 220.06 | lr 5.934692e-06 | 203.0s
Epoch 08 | 06000/13759 | loss 5.3940 | ppl 220.08 | lr 5.931791e-06 | 206.4s
Epoch 08 | 06100/13759 | loss 5.3935 | ppl 219.97 | lr 5.928894e-06 | 209.8s
Epoch 08 | 06200/13759 | loss 5.3933 | ppl 219.93 | lr 5.926002e-06 | 213.2s
Epoch 08 | 06300/13759 | loss 5.3931 | ppl 219.88 | lr 5.923114e-06 | 216.7s
Epoch 08 | 06400/13759 | loss 5.3932 | ppl 219.90 | lr 5.92023e-06 | 220.1s
Epoch 08 | 06500/13759 | loss 5.3930 | ppl 219.86 | lr 5.91735e-06 | 223.4s
Epoch 08 | 06600/13759 | loss 5.3929 | ppl 219.83 | lr 5.914474e-06 | 226.9s
Epoch 08 | 06700/13759 | loss 5.3928 | ppl 219.81 | lr 5.911603e-06 | 230.3s
Epoch 08 | 06800/13759 | loss 5.3925 | ppl 219.75 | lr 5.908735e-06 | 233.7s
Epoch 08 | 06900/13759 | loss 5.3923 | ppl 219.71 | lr 5.905872e-06 | 237.1s
Epoch 08 | 07000/13759 | loss 5.3923 | ppl 219.71 | lr 5.903013e-06 | 240.4s
Epoch 08 | 07100/13759 | loss 5.3923 | ppl 219.70 | lr 5.900159e-06 | 243.9s
Epoch 08 | 07200/13759 | loss 5.3921 | ppl 219.66 | lr 5.897308e-06 | 247.2s
Epoch 08 | 07300/13759 | loss 5.3918 | ppl 219.60 | lr 5.894461e-06 | 250.6s
Epoch 08 | 07400/13759 | loss 5.3919 | ppl 219.63 | lr 5.891619e-06 | 254.1s
Epoch 08 | 07500/13759 | loss 5.3918 | ppl 219.60 | lr 5.888781e-06 | 257.6s
Epoch 08 | 07600/13759 | loss 5.3918 | ppl 219.59 | lr 5.885946e-06 | 261.0s
Epoch 08 | 07700/13759 | loss 5.3915 | ppl 219.53 | lr 5.883116e-06 | 264.6s
Epoch 08 | 07800/13759 | loss 5.3913 | ppl 219.49 | lr 5.88029e-06 | 268.0s
Epoch 08 | 07900/13759 | loss 5.3914 | ppl 219.51 | lr 5.877468e-06 | 271.5s
Epoch 08 | 08000/13759 | loss 5.3912 | ppl 219.47 | lr 5.87465e-06 | 274.9s
Epoch 08 | 08100/13759 | loss 5.3912 | ppl 219.46 | lr 5.871837e-06 | 278.3s
Epoch 08 | 08200/13759 | loss 5.3911 | ppl 219.44 | lr 5.869027e-06 | 281.6s
Epoch 08 | 08300/13759 | loss 5.3911 | ppl 219.45 | lr 5.866221e-06 | 285.0s
Epoch 08 | 08400/13759 | loss 5.3911 | ppl 219.44 | lr 5.863419e-06 | 288.4s
Epoch 08 | 08500/13759 | loss 5.3910 | ppl 219.43 | lr 5.860622e-06 | 291.9s
Epoch 08 | 08600/13759 | loss 5.3909 | ppl 219.39 | lr 5.857828e-06 | 295.4s
Epoch 08 | 08700/13759 | loss 5.3906 | ppl 219.33 | lr 5.855038e-06 | 298.8s
Epoch 08 | 08800/13759 | loss 5.3903 | ppl 219.26 | lr 5.852252e-06 | 302.3s
Epoch 08 | 08900/13759 | loss 5.3902 | ppl 219.24 | lr 5.84947e-06 | 305.8s
Epoch 08 | 09000/13759 | loss 5.3899 | ppl 219.19 | lr 5.846693e-06 | 309.2s
Epoch 08 | 09100/13759 | loss 5.3898 | ppl 219.16 | lr 5.843919e-06 | 312.7s
Epoch 08 | 09200/13759 | loss 5.3897 | ppl 219.14 | lr 5.841149e-06 | 316.2s
Epoch 08 | 09300/13759 | loss 5.3895 | ppl 219.10 | lr 5.838383e-06 | 319.6s
Epoch 08 | 09400/13759 | loss 5.3893 | ppl 219.05 | lr 5.835621e-06 | 323.1s
Epoch 08 | 09500/13759 | loss 5.3891 | ppl 219.00 | lr 5.832862e-06 | 326.5s
Epoch 08 | 09600/13759 | loss 5.3890 | ppl 218.99 | lr 5.830108e-06 | 329.9s
Epoch 08 | 09700/13759 | loss 5.3888 | ppl 218.94 | lr 5.827358e-06 | 333.4s
Epoch 08 | 09800/13759 | loss 5.3886 | ppl 218.89 | lr 5.824611e-06 | 336.8s
Epoch 08 | 09900/13759 | loss 5.3886 | ppl 218.89 | lr 5.821869e-06 | 340.2s
Epoch 08 | 10000/13759 | loss 5.3886 | ppl 218.91 | lr 5.81913e-06 | 343.6s
Epoch 08 | 10100/13759 | loss 5.3884 | ppl 218.86 | lr 5.816395e-06 | 347.1s
Epoch 08 | 10200/13759 | loss 5.3880 | ppl 218.77 | lr 5.813664e-06 | 350.5s
Epoch 08 | 10300/13759 | loss 5.3880 | ppl 218.76 | lr 5.810937e-06 | 354.1s
Epoch 08 | 10400/13759 | loss 5.3877 | ppl 218.69 | lr 5.808214e-06 | 357.5s
Epoch 08 | 10500/13759 | loss 5.3876 | ppl 218.67 | lr 5.805494e-06 | 360.9s
Epoch 08 | 10600/13759 | loss 5.3876 | ppl 218.68 | lr 5.802778e-06 | 364.4s
Epoch 08 | 10700/13759 | loss 5.3877 | ppl 218.70 | lr 5.800067e-06 | 367.8s
Epoch 08 | 10800/13759 | loss 5.3877 | ppl 218.70 | lr 5.797359e-06 | 371.3s
Epoch 08 | 10900/13759 | loss 5.3877 | ppl 218.70 | lr 5.794654e-06 | 374.8s
Epoch 08 | 11000/13759 | loss 5.3876 | ppl 218.67 | lr 5.791954e-06 | 378.3s
Epoch 08 | 11100/13759 | loss 5.3874 | ppl 218.64 | lr 5.789257e-06 | 381.7s
Epoch 08 | 11200/13759 | loss 5.3875 | ppl 218.65 | lr 5.786564e-06 | 385.2s
Epoch 08 | 11300/13759 | loss 5.3876 | ppl 218.68 | lr 5.783875e-06 | 388.6s
Epoch 08 | 11400/13759 | loss 5.3877 | ppl 218.69 | lr 5.781189e-06 | 392.0s
Epoch 08 | 11500/13759 | loss 5.3876 | ppl 218.67 | lr 5.778508e-06 | 395.5s
Epoch 08 | 11600/13759 | loss 5.3874 | ppl 218.64 | lr 5.77583e-06 | 398.9s
Epoch 08 | 11700/13759 | loss 5.3872 | ppl 218.59 | lr 5.773155e-06 | 402.4s
Epoch 08 | 11800/13759 | loss 5.3870 | ppl 218.56 | lr 5.770485e-06 | 405.8s
Epoch 08 | 11900/13759 | loss 5.3868 | ppl 218.51 | lr 5.767818e-06 | 409.1s
Epoch 08 | 12000/13759 | loss 5.3868 | ppl 218.51 | lr 5.765155e-06 | 412.6s
Epoch 08 | 12100/13759 | loss 5.3867 | ppl 218.49 | lr 5.762495e-06 | 416.1s
Epoch 08 | 12200/13759 | loss 5.3867 | ppl 218.47 | lr 5.759839e-06 | 419.5s
Epoch 08 | 12300/13759 | loss 5.3866 | ppl 218.45 | lr 5.757187e-06 | 423.0s
Epoch 08 | 12400/13759 | loss 5.3864 | ppl 218.42 | lr 5.754539e-06 | 426.5s
Epoch 08 | 12500/13759 | loss 5.3864 | ppl 218.41 | lr 5.751894e-06 | 429.9s
Epoch 08 | 12600/13759 | loss 5.3864 | ppl 218.42 | lr 5.749253e-06 | 433.3s
Epoch 08 | 12700/13759 | loss 5.3863 | ppl 218.39 | lr 5.746615e-06 | 436.6s
Epoch 08 | 12800/13759 | loss 5.3862 | ppl 218.36 | lr 5.743981e-06 | 440.1s
Epoch 08 | 12900/13759 | loss 5.3861 | ppl 218.35 | lr 5.741351e-06 | 443.5s
Epoch 08 | 13000/13759 | loss 5.3860 | ppl 218.33 | lr 5.738724e-06 | 447.0s
Epoch 08 | 13100/13759 | loss 5.3860 | ppl 218.33 | lr 5.736101e-06 | 450.5s
Epoch 08 | 13200/13759 | loss 5.3858 | ppl 218.29 | lr 5.733481e-06 | 453.9s
Epoch 08 | 13300/13759 | loss 5.3859 | ppl 218.31 | lr 5.730866e-06 | 457.4s
Epoch 08 | 13400/13759 | loss 5.3857 | ppl 218.27 | lr 5.728253e-06 | 460.7s
Epoch 08 | 13500/13759 | loss 5.3856 | ppl 218.24 | lr 5.725644e-06 | 464.2s
Epoch 08 | 13600/13759 | loss 5.3855 | ppl 218.22 | lr 5.723039e-06 | 467.7s
Epoch 08 | 13700/13759 | loss 5.3854 | ppl 218.19 | lr 5.720438e-06 | 471.1s
Epoch 08 complete | train loss 5.3852 | dev loss 5.4435 | train BLEU 2.87 | dev BLEU 2.14 | 481.9s
{
  "best_epoch": 8,
  "best_dev_bleu": 2.1423112393893193,
  "best_dev_loss": 5.443521135842823,
  "best_model": "/data/student/i2311021/projects/100-swing-drill/chapter_10_2020/models/97_tuning/bs32_lr3em05_radam/best_model.pt",
  "batch_size": 32,
  "learning_rate": 3e-05,
  "optimizer": "radam"
}

Best trial
{
  "trial": "bs64_lr1em03_adamw",
  "batch_size": 64,
  "learning_rate": 0.001,
  "optimizer": "adamw",
  "best_epoch": 8,
  "best_dev_bleu": 16.53206190327405,
  "best_dev_loss": 3.508445771884429,
  "best_model": "/data/student/i2311021/projects/100-swing-drill/chapter_10_2020/models/97_tuning/bs64_lr1em03_adamw/best_model.pt"
}
Confirmed: development BLEU >= 10.0
